part_id,mean_daily_demand,sd_daily_demand,mean_lead_time_days,sd_lead_time_days,target_cycle_service,z,safety_stock_units,reorder_point_units,unit_value_eur,criticality,annual_safety_stock_holding_eur,delivery_interval_days,cycle_stock_units,pipeline_inventory_units,avg_inventory_units,annual_inventory_holding_eur
P0000,82.4931506849315,54.05977646069191,0.84,0.20748,0.985,2.17009037758456,113.75522654821356,183.04947312355603,66.3,medium,1659.233734432243,0.5,20.623287671232877,69.29424657534247,203.6727607947889,2970.7708889527908
P0001,190.55616438356165,126.5260484260161,0.76,0.21356000000000003,0.97,1.8807936081512509,221.12579580849513,365.94848074000197,37.29,low,1814.0718036537326,0.3333333333333333,31.759360730593606,144.82268493150684,397.70784147059555,3262.715589856472
P0002,57.04931506849315,39.84396462937295,1.07,0.41516000000000003,0.97,1.8807936081512509,89.40457612523483,150.4473432485225,1.76,low,34.617451875690925,0.5,14.262328767123288,61.042767123287675,164.7096720156458,63.77558500445806
P0003,166.78082191780823,112.32366480464734,4.17,1.1967899999999998,0.97,1.8807936081512509,571.8727706217312,1267.3487980189916,4.58,low,576.2190036784564,0.5,41.695205479452056,695.4760273972603,1309.0440034984435,1318.9927379250319
P0004,41.391780821917806,27.151132539796333,4.07,1.3593800000000003,0.985,2.17009037758456,170.40850842492722,338.8730563701327,71.84,medium,2693.27239395429,0.4,8.278356164383561,168.46454794520548,347.1514125345162,5486.658644825522
P0005,82.66849315068494,54.214391455175765,0.84,0.20748,0.985,2.17009037758456,114.0716698008165,183.51320404739184,10.41,medium,261.2469381778299,0.5,20.667123287671235,69.44153424657534,204.18032733506308,467.6137856627615
P0006,27.2,18.073750013775214,2.29,0.85875,0.985,2.17009037758456,78.05234899533467,140.34034899533467,2.73,medium,46.878240806598,0.5,6.8,62.288,147.14034899533465,88.37249360659798
P0007,173.84657534246574,113.974156124704,2.47,0.5681,0.985,2.17009037758456,443.88585916847234,873.2869002643628,11.0,medium,1074.203779187703,0.5,43.461643835616435,429.40104109589043,916.7485440999792,2218.5314767219497
P0008,113.17534246575343,74.86076412728038,3.89,1.31482,0.999,3.090232306167813,647.793111699599,1088.0451938913798,32.57,critical,4641.696762572306,0.4,22.635068493150687,440.25208219178086,1110.6802623845306,7958.468352090116
P0009,23.923287671232877,16.088171552006717,2.29,0.85875,0.985,2.17009037758456,69.12955707549007,123.91388584261335,7.44,medium,113.15125902116215,0.5,5.980821917808219,54.78432876712329,129.89470776042157,212.61165766225804
P0010,505.8027397260274,331.8589656305768,4.07,1.3593800000000003,0.985,2.17009037758456,2082.602055334214,4141.219206019146,7.33,medium,3358.4040744319536,0.4,101.1605479452055,2058.617150684932,4242.379753964351,6841.261591242913
P0011,121.92602739726027,80.76599291733078,3.58,1.5036,0.97,1.8807936081512509,448.8836468221527,885.3788249043445,36.06,low,3561.083746969502,0.5,30.481506849315068,436.4951780821918,915.8603317536595,7265.703183868132
P0012,41.38630136986301,27.157382756915847,3.76,0.7745599999999999,0.985,2.17009037758456,133.7854362872406,289.39792943792554,4.09,medium,120.38013557125907,0.5,10.346575342465753,155.6124931506849,299.74450478039125,269.710105401396
P0013,31.695890410958903,20.916713691120524,1.34,0.19698,0.985,2.17009037758456,54.26279162689809,96.73528477758302,6.6,medium,78.78957344225603,0.6666666666666666,10.565296803652966,42.47249315068493,107.300581581236,155.80044445595465
P0014,20.427397260273974,13.80907151546487,4.45,0.5829500000000001,0.995,2.5758293035489004,81.06199052155986,171.96390832977903,163.39,high,2913.838098889886,0.5,5.1068493150684935,90.90191780821918,177.07075764484753,6364.95004015016
P0015,35.178082191780824,23.239875773812493,2.47,0.5681,0.97,1.8807936081512509,78.30549931009782,165.19536232379647,2.84,low,48.92527596894911,0.5,8.794520547945206,86.88986301369864,173.98988287174166,108.70887881826418
P0016,96.07123287671233,68.31154689662579,3.58,1.5036,0.97,1.8807936081512509,364.56620231649964,708.5012160151298,48.42,low,3883.5050135562806,0.5,24.017808219178082,343.93501369863014,732.5190242343078,7803.085653753542
P0017,41.35342465753425,27.089362101453702,4.07,1.3593800000000003,0.999,3.090232306167813,242.2795496810837,410.5879880372481,5.64,critical,300.62046524428865,0.4,8.27068493150685,168.3084383561644,418.85867296875495,519.7198414196312
P0018,161.83013698630137,106.17386048226021,1.92,0.816,0.985,2.17009037758456,429.0090548006659,739.7229178143646,7.5,medium,707.8649404210988,0.5,40.45753424657534,310.71386301369864,780.1804520609398,1287.2977459005508
P0019,291.09589041095893,192.53550866904914,1.73,0.45845,0.995,2.5758293035489004,737.3382567256161,1240.9341471365751,15.56,high,2524.0563204231294,0.25,36.386986301369866,503.59589041095893,1277.321133437945,4372.525703984774
P0020,14.252054794520548,9.960197016744896,1.68,0.21336,0.995,2.5758293035489004,34.16367937502709,58.10713142982161,50.02,high,375.9507933145481,0.5,3.563013698630137,23.94345205479452,61.67014512845174,678.6429450515344
P0021,28.504109589041096,19.911841680488433,2.31,0.36729,0.995,2.5758293035489004,82.48599502670692,148.33048817739186,9.96,high,180.74331230252022,0.5,7.126027397260274,65.84449315068494,155.45651557465214,340.6363169271778
P0022,20.898630136986302,14.042444422929623,2.04,0.58344,0.985,2.17009037758456,50.93658902641713,93.5697945058692,21.94,medium,245.86072791271022,0.5,5.2246575342465755,42.63320547945206,98.79445204011577,476.8610611072308
P0023,224.52602739726026,148.25026177857774,2.29,0.71677,0.97,1.8807936081512509,519.2814235481601,1033.446026287886,91.61,low,10465.701666474328,0.5,56.131506849315066,514.164602739726,1089.577533137201,21959.563518353778
P0024,41.49315068493151,27.204417106434356,2.89,1.22536,0.985,2.17009037758456,149.15246379317915,269.0676692726312,4.71,medium,154.55178298249223,0.5,10.373287671232877,119.91520547945206,279.4409569438641,289.5567195852319
P0025,302.7479452054794,201.9239113234805,3.36,1.4414399999999998,0.985,2.17009037758456,1241.771569664205,2259.0046655546157,1.93,medium,527.2562084794214,0.5,75.68698630136986,1017.2330958904108,2334.6916518559856,991.3100753780515
P0026,143.72328767123287,96.8546698207402,1.22,0.35135999999999995,0.985,2.17009037758456,256.72012392006553,432.0625348789696,2.61,medium,147.4086951549016,0.5,35.93082191780822,175.34241095890408,467.9933567967778,268.7217854727098
P0027,9.64109589041096,6.864061440216388,3.36,1.19952,0.97,1.8807936081512509,32.1417411260637,64.53582331784452,20.34,low,143.82786319090985,0.5,2.41027397260274,32.394082191780825,66.94609729044726,299.57039615529334
P0028,284.986301369863,186.5528747743043,0.85,0.32384999999999997,0.985,2.17009037758456,423.58275462660214,665.8211107909857,11.32,medium,1054.89049212209,0.5,71.24657534246575,242.23835616438353,737.0676861334514,1835.5933655467475
P0029,60.25753424657534,39.913360558166666,1.73,0.45845,0.985,2.17009037758456,128.73532148855216,232.98085573512748,7.78,medium,220.3433762598059,0.25,7.532191780821917,104.24553424657533,240.51304751594938,411.662132128299
P0030,82.71232876712328,54.32064940682804,3.24,1.14372,0.97,1.8807936081512509,255.8811682592062,523.8691134646856,70.62,low,3975.4721825423317,0.5,20.67808219178082,267.98794520547943,544.5471956564664,8460.303050597126
P0031,522.054794520548,342.71156497779856,4.31,1.0430199999999998,0.985,2.17009037758456,1944.2723621913517,4194.328526574913,3.88,medium,1659.6308883665379,0.5,130.513698630137,2250.0561643835613,4324.8422252050495,3691.6853234350297
P0032,35.156164383561645,23.211882296641164,2.47,0.5681,0.985,2.17009037758456,90.25344065558444,177.08916668298173,23.0,medium,456.68240971725726,0.5,8.789041095890411,86.83572602739727,185.87820777887214,940.543731361093
P0033,435.97534246575344,288.0106109637253,1.7,0.6987,0.985,2.17009037758456,1049.314615912308,1790.472698104089,62.06,medium,14326.502313973924,0.5,108.99383561643836,741.1580821917809,1899.4665337205274,25933.796478193108
P0034,107.0958904109589,70.82534709238767,2.01,0.38391,0.97,1.8807936081512509,204.07330170360777,419.33604142963515,63.51,low,2851.3529860631484,0.6666666666666666,35.698630136986296,215.26273972602738,455.03467156662145,6357.835438063148
P0035,177.2,116.35905495632763,3.83,1.27156,0.97,1.8807936081512509,602.5157262692525,1281.1917262692523,4.61,low,611.0714495822759,0.5,44.3,678.6759999999999,1325.4917262692525,1344.3137087822759
P0036,108.66849315068494,72.17083075788726,2.29,0.85875,0.97,1.8807936081512509,270.1818020595846,519.0326513746531,19.33,low,1148.9751314385894,0.5,27.167123287671235,248.8508493150685,546.1997746623243,2322.769161729
P0037,41.41917808219178,27.22862432880293,1.73,0.45845,0.985,2.17009037758456,87.96729177923572,159.62246986142748,11.05,medium,213.84848631532208,0.25,5.177397260273972,71.65517808219177,164.79986712170148,400.62847697285633
P0038,54.293150684931504,36.05930832246044,1.73,0.45845,0.985,2.17009037758456,116.23706249426652,210.16421317919804,1.54,medium,39.3811167730575,0.25,6.786643835616438,93.9271506849315,216.95085701481446,73.50295035661915
P0039,41.38904109589041,27.198939265252605,2.36,0.45311999999999997,0.985,2.17009037758456,99.38934150350029,197.06747848980166,34.84,medium,761.7994247560291,0.5,10.347260273972603,97.67813698630137,207.41473876377427,1589.7924896765771
P0040,35.16164383561644,23.192663142985698,2.02,0.33734000000000003,0.985,2.17009037758456,76.02290691951087,147.0494274674561,27.89,medium,466.4613522767349,0.5,8.79041095890411,71.02652054794521,155.8398384263602,956.2020806164609
P0041,27.21917808219178,18.061286519823735,1.73,0.45845,0.985,2.17009037758456,58.23204861677819,105.32122669896997,19.19,medium,245.84406285031415,0.25,3.4023972602739727,47.08917808219178,108.72362395924394,459.0093956311361
P0042,82.75616438356164,54.2817056443993,4.07,1.57102,0.985,2.17009037758456,368.8852554515436,705.7028444926395,62.23,medium,5050.260478284903,0.5,20.68904109589041,336.8175890410959,726.3918855885299,9944.740748838327
P0043,209.05753424657533,138.28156289527718,2.29,0.85875,0.97,1.8807936081512509,518.5647105476273,997.3064639722849,27.82,low,3173.8234544356983,0.5,52.26438356164383,478.74175342465753,1049.5708475339288,6423.793415246658
P0044,31.863013698630137,21.046857109539474,1.68,0.21336,0.985,2.17009037758456,61.0102957250935,114.54015873879213,11.75,medium,157.7116144493667,0.5,7.965753424657534,53.52986301369863,122.50591216344966,316.67778294251735
P0045,41.38630136986301,27.12448568950047,3.58,1.5036,0.985,2.17009037758456,175.0433174360579,323.2062763401675,58.78,medium,2263.5901637561265,0.5,10.346575342465753,148.1629589041096,333.5528516826332,4313.372056819139
P0046,54.364383561643834,36.085922226394594,1.94,0.50052,0.97,1.8807936081512509,107.49628342947447,212.9631875390635,19.01,low,449.5709565587482,0.5,13.591095890410958,105.46690410958904,226.55428342947448,947.4953241587482
P0047,186.3095890410959,122.16297006029089,2.31,0.36729,0.985,2.17009037758456,429.4179239729139,859.7930746578454,10.91,medium,1030.688901119788,0.5,46.577397260273976,430.37515068493155,906.3704719181194,2175.47040669787
P0048,30.057534246575344,19.935320674292488,3.49,1.47278,0.985,2.17009037758456,125.54030355840389,230.44109807895185,7.72,medium,213.21765156359317,0.5,7.514383561643836,104.90079452054796,237.95548164059568,404.14359001838767
P0049,82.87123287671233,54.319692358033876,2.29,0.85875,0.97,1.8807936081512509,204.49246361335028,394.2675869010215,12.08,low,543.4591712988398,0.5,20.71780821917808,189.77512328767122,414.98539512019954,1102.8651860714424
P0050,35.14520547945205,23.262908747144923,2.47,0.5681,0.97,1.8807936081512509,78.34839039831662,165.15704793256322,5.29,low,91.18185674556089,0.5,8.786301369863013,86.80865753424658,173.9433493024262,202.4352699181636
P0051,82.75068493150685,54.20560958787675,1.73,0.45845,0.97,1.8807936081512509,151.89535465336402,295.0540395848709,1.81,low,60.48473022296956,0.25,10.343835616438357,143.15868493150685,305.39787520130926,121.60943390516135
P0052,31.720547945205478,20.96251861089497,3.24,1.14372,0.995,2.5758293035489004,134.8303515501466,237.60492689261235,159.92,high,4743.655360377877,0.5,7.9301369863013695,102.77457534246575,245.53506387891372,8638.512831413493
P0053,54.032876712328765,35.914795593542884,1.7,0.6987,0.97,1.8807936081512509,113.13024422472182,204.9861346356807,28.55,low,710.5710639754777,0.5,13.508219178082191,91.85589041095889,218.4943538137629,1372.3630363042448
P0054,221.1150684931507,145.03928197654858,1.68,0.56616,0.97,1.8807936081512509,424.7963056078319,796.2696206763251,38.92,low,3637.2758871365004,0.5,55.27876712328767,371.47331506849315,851.5483877996128,7291.297915695405
P0055,82.93972602739726,54.4228628925311,4.07,1.3593800000000003,0.995,2.5758293035489004,405.36808936973114,742.9327743012379,12.54,high,1118.3294849532142,0.4,16.587945205479453,337.56468493150686,759.5207195067175,2095.3657609751317
P0056,82.58630136986301,54.20647673040844,4.07,1.3593800000000003,0.97,1.8807936081512509,294.76749170177374,630.8937382771162,19.59,low,1270.3889357363043,0.4,16.517260273972603,336.12624657534246,647.4109985510888,2790.2119215554826
P0057,381.9095890410959,253.79784514255923,1.19,0.20705999999999997,0.97,1.8807936081512509,541.5419944255156,996.0144053844197,215.71,low,25699.525195856153,0.5,95.47739726027397,454.4724109589041,1091.4918026446935,51798.053284667105
P0058,41.37808219178082,27.092526880957852,2.29,0.71677,0.97,1.8807936081512509,95.17079807486434,189.92660629404241,10.39,low,217.5414102395249,0.5,10.344520547945205,94.75580821917808,200.2711268419876,457.77974173541526
P0059,54.35616438356164,36.13207224320643,3.45,1.41795,0.985,2.17009037758456,221.77982041252687,409.3085875358146,34.11,medium,1664.280128339684,0.5,13.58904109589041,187.52876712328768,422.89762863170495,3173.50838477804
P0060,53.62191780821918,36.57604695149028,3.7,1.2913,0.97,1.8807936081512509,185.65956486777017,384.06066075818114,0.82,low,33.49298550214574,0.5,13.405479452054795,198.40109589041097,397.46614021023595,71.70289169392656
P0061,376.50958904109586,249.02575673549873,1.68,0.56616,0.995,2.5758293035489004,996.3579653244363,1628.8940749134774,5.63,high,1234.0889758508467,0.5,94.12739726027397,632.5361095890411,1723.0214721737516,2134.134395434409
P0062,12.427397260273972,9.33228562680773,0.85,0.32384999999999997,0.999,3.090232306167813,29.353193946429755,39.91648161766263,3.23,critical,20.858379618332982,0.5,3.106849315068493,10.563287671232876,43.02333093273113,30.57237896079874
P0063,215.67397260273972,142.56537157515453,4.32,1.83168,0.985,2.17009037758456,1071.6481328124682,2003.359694456304,18.93,medium,4462.985813910805,0.3333333333333333,35.945662100456616,931.7115616438357,2039.3053565567604,8492.891087916285
P0064,82.93698630136986,54.40693108633612,1.31,0.42837000000000003,0.995,2.5758293035489004,184.6704024348523,293.31785448964683,19.95,high,810.5183962865667,0.5,20.734246575342464,108.64745205479451,314.0521010649893,1378.374671574238
P0065,41.37534246575343,27.1473177839573,2.87,1.18244,0.97,1.8807936081512509,126.28892097333484,245.03615385004719,13.17,low,365.9095196281404,0.5,10.343835616438357,118.74723287671235,255.37998946648554,739.9379814801952
P0066,64.08493150684932,43.40052308653498,3.83,1.27156,0.985,2.17009037758456,255.43057093812973,500.8758586093626,28.14,medium,1581.3195785637736,0.5,16.02123287671233,245.44528767123288,516.8970914860749,3200.0065139719927
P0067,167.92328767123288,111.6114956766708,2.36,0.45311999999999997,0.985,2.17009037758456,407.07803387275527,803.3769927768649,92.11,medium,8249.110694004288,0.5,41.98082191780822,396.2989589041096,845.3578146946732,17130.499828535798
P0068,35.18356164383562,23.27149256925139,3.89,1.31482,0.985,2.17009037758456,141.417147257442,278.2812020519625,15.51,medium,482.5435898718436,0.4,7.036712328767123,136.86405479452054,285.3179143807297,973.5617874499258
P0069,82.73424657534247,54.35817371127131,3.89,1.31482,0.985,2.17009037758456,331.44493781733433,653.2811569954165,50.04,medium,3648.8110314434703,0.4,16.546849315068496,321.8362191780822,669.8280063104851,7374.0025558708685
P0070,30.046575342465754,19.88208428026127,4.45,0.5829500000000001,0.985,2.17009037758456,98.63462806012139,232.341888334094,96.82,medium,2100.9570315318097,0.5,7.511643835616439,133.70726027397262,239.85353216971043,5108.9761766277
P0071,35.227397260273975,23.27629825626978,1.68,0.56616,0.97,1.8807936081512509,68.02072579662585,127.20275319388614,8.32,low,124.50513649814397,0.5,8.806849315068494,59.18202739726028,136.00960250895463,248.95197643239055
P0072,54.21369863013699,35.96439522527684,3.24,1.14372,0.985,2.17009037758456,194.5276856548482,370.18006921649203,28.93,medium,1238.0909081188468,0.5,13.553424657534247,175.65238356164386,383.7334938740263,2442.310195110628
P0073,30.14246575342466,19.95149280961022,3.76,0.7745599999999999,0.97,1.8807936081512509,84.98612482952561,198.3217960624023,57.5,low,1075.074479093499,0.5,7.535616438356165,113.3356712328767,205.85741250075847,2604.096268134595
P0074,41.38082191780822,27.1289181984704,1.03,0.33990000000000004,0.999,3.090232306167813,95.54223585142053,138.164482426763,494.13,critical,10386.262700277734,0.5,10.345205479452055,42.622246575342466,148.50968790621505,16144.28025872157
P0075,82.56438356164384,54.05801058311455,4.32,1.83168,0.97,1.8807936081512509,354.34458875572074,711.0227257420222,15.6,low,1216.1106286096335,0.3333333333333333,13.760730593607306,356.6781369863014,724.7834563356295,2487.4568221438803
P0076,41.416438356164385,27.137354196279876,3.83,1.27156,0.97,1.8807936081512509,140.67019380107791,299.29515270518755,3538.83,low,109517.73842439508,0.5,10.354109589041096,158.6249589041096,309.6492622942286,241075.1417546307
P0077,35.14794520547945,23.2446384553528,4.45,0.5829500000000001,0.985,2.17009037758456,115.32582259608857,271.73417876047216,7.6,medium,192.8247753806601,0.5,8.786986301369863,156.40835616438358,280.521165061842,469.0313879833998
P0078,15.808219178082192,10.76147168926546,4.45,0.5829500000000001,0.985,2.17009037758456,53.16831641929271,123.51489176175846,5.95,medium,69.59732619285415,0.5,3.952054794520548,70.34657534246575,127.46694655627901,166.85423304216923
P0079,349.93150684931504,229.8666914654027,3.66,1.2297600000000002,0.985,2.17009037758456,1335.223048768788,2615.972363837281,26.81,medium,7875.412586248064,0.2,34.99315068493151,1280.7493150684932,2650.9655145222127,15635.924797754913
P0080,175.03013698630136,114.58439795234804,0.84,0.20748,0.995,2.5758293035489004,286.22608221609613,433.2513972845893,11.59,high,729.8192644346019,0.5,43.75753424657534,147.02531506849314,477.00893153116465,1216.2773736181637
P0081,105.05205479452054,70.71491307500689,3.24,1.14372,0.985,2.17009037758456,379.84638450107684,720.2150420353234,14.6,medium,1220.066587017459,0.5,26.263013698630136,340.3686575342466,746.4780557339536,2397.687515017459
P0082,41.44931506849315,27.189723754137024,4.32,1.83168,0.985,2.17009037758456,205.38992699162947,384.45096808751987,7.53,medium,340.2489530543334,0.3333333333333333,6.9082191780821915,179.0610410958904,391.35918726560203,648.3256296241963
P0083,37.50958904109589,28.204473986455174,1.04,0.2496,0.985,2.17009037758456,65.64178886165595,104.65176146439569,24.75,medium,357.4195403517167,0.5,9.377397260273973,39.00997260273973,114.02915872466966,620.8887692558263
P0084,70.35068493150685,46.49639925586012,2.02,0.33734000000000003,0.97,1.8807936081512509,132.06173042810138,274.17011398974523,3.84,low,111.56574986566005,0.5,17.587671232876712,142.10838356164385,291.7577852226219,246.476976956071
P0085,30.024657534246575,19.88088001914633,1.07,0.41516000000000003,0.97,1.8807936081512509,45.22884317208251,77.35522673372634,30.95,low,307.9631931587098,0.5,7.506164383561644,32.126383561643834,84.861391117288,577.821212117614
P0086,63.945205479452056,42.2788007080624,2.87,1.18244,0.97,1.8807936081512509,195.88441001283914,379.40714973886656,8.8,low,379.23221778485663,0.5,15.986301369863014,183.5227397260274,395.39345110872955,765.4817213465005
P0087,82.68767123287671,54.17914916946168,3.83,1.27156,0.985,2.17009037758456,324.0448306347934,640.7386114567112,28.43,medium,2026.770797688379,0.5,20.671917808219177,316.6937808219178,661.4105292649303,4136.858296340433
P0088,54.25205479452055,35.963611453637384,0.76,0.21356000000000003,0.985,2.17009037758456,72.53449797119315,113.76605961502877,8.7,medium,138.83102911686368,0.3333333333333333,9.042009132420091,41.23156164383562,122.80806874744886,235.0546435826171
P0089,83.0,54.43950165697093,3.45,1.41795,0.97,1.8807936081512509,291.8293904324355,578.1793904324355,25.05,low,1608.271770673152,0.5,20.75,286.35,598.9293904324355,3300.699870673152
P0090,41.37808219178082,27.159370140373237,1.68,0.21336,0.97,1.8807936081512509,68.2591245660498,137.7743026482416,14.48,low,217.44626721760827,0.5,10.344520547945205,69.51517808219178,148.11882319618678,471.8473231737726
P0091,82.96712328767123,54.390771818475635,1.64,0.5920399999999999,0.995,2.5758293035489004,219.5426349248484,355.6087171166292,2.42,high,116.88449883398928,0.5,20.741780821917807,136.0660821917808,376.350497938547,200.36900510248242
P0092,41.38356164383562,27.19396655418575,2.29,0.71677,0.985,2.17009037758456,110.08468080669294,204.8530369710765,19.25,medium,466.2086232163446,0.5,10.345890410958905,94.76835616438358,215.19892738203544,911.3674574629201
P0093,41.45205479452055,27.141186159614236,0.85,0.32384999999999997,0.985,2.17009037758456,61.622841830182175,96.85708840552465,10.62,medium,143.97560765203764,0.5,10.363013698630137,35.23424657534247,107.22010210415478,250.5090465561472
P0094,82.83835616438355,54.373390162191846,0.85,0.32384999999999997,0.985,2.17009037758456,123.38437102831715,193.7969737680432,12.57,medium,341.20713964170824,0.5,20.70958904109589,70.41260273972603,214.50656280913907,593.1964487923932
P0095,60.038356164383565,39.84439041872559,4.16,0.9193600000000001,0.985,2.17009037758456,213.18868423248176,462.9482458763174,17.81,medium,835.31590255971,0.5,15.009589041095891,249.75956164383564,477.95783491741327,1872.7343887734085
P0096,365.7945205479452,243.02717474019408,3.24,1.14372,0.985,2.17009037758456,1313.5628735218795,2498.737120097222,24.18,medium,6987.629061986991,0.5,91.4486301369863,1185.1742465753425,2590.185750234208,13778.752116945894
P0097,83.08767123287672,54.50207160395267,1.94,0.50052,0.995,2.5758293035489004,222.95740832286978,384.1474905146506,94.52,high,4636.265531629083,0.5,20.77191780821918,161.19008219178082,404.9194083228698,8420.056144429083
P0098,41.33698630136986,27.096974339678525,2.87,1.18244,0.97,1.8807936081512509,126.11691557700439,244.75406626193592,23.78,low,659.7932555326562,0.5,10.334246575342465,118.63715068493151,255.08831283727835,1334.5200174395054
P0099,15.868493150684932,10.805687308897696,1.68,0.21336,0.999,3.090232306167813,44.527728888917316,71.186797382068,168.36,critical,1649.2714558623863,0.5,3.967123287671233,26.659068493150684,75.15392066973924,2783.641098470606
P0100,104.24109589041096,69.1546042971762,1.68,0.21336,0.985,2.17009037758456,200.41369588668937,375.53873698257974,8.25,medium,363.7508580343412,0.5,26.06027397260274,175.1250410958904,401.5990109551825,728.9022048836563
P0101,500.8383561643836,328.6343180623098,1.52,0.36936,0.97,1.8807936081512509,837.7071523459784,1598.9814537158416,76.36,low,14072.80999369056,0.5,125.2095890410959,761.2743013698631,1724.1910427569373,28965.030165482338
P0102,35.0958904109589,23.199898389059435,3.58,1.5036,0.999,3.090232306167813,212.116352645303,337.75964031653587,23.67,critical,1104.574694765151,0.5,8.773972602739725,125.64328767123287,346.5336129192756,1804.5391359158357
P0103,35.21369863013699,23.27495302262993,1.94,0.50052,0.995,2.5758293035489004,95.04739453672302,163.3619698791888,12.48,high,260.96212644002674,0.5,8.803424657534247,68.31457534246576,172.16539453672303,472.69730724002676
P0104,41.28219178082192,27.07193988706449,3.49,1.47278,0.985,2.17009037758456,171.62075147745713,315.6956007925256,39.65,medium,1497.0478151378586,0.5,10.32054794520548,144.0748493150685,326.0161487377311,2843.8388654392284
P0105,174.4191780821918,115.75040485716376,3.49,1.47278,0.97,1.8807936081512509,631.5307621253472,1240.2536936321967,26.83,low,3727.6734765210745,0.5,43.60479452054795,608.7229315068494,1283.8584881527445,7578.103112170388
P0106,83.8027397260274,56.44913584394561,3.24,1.14372,0.985,2.17009037758456,303.12129998037165,574.6421766927004,4.25,medium,283.4184154816475,0.5,20.95068493150685,271.5208767123288,595.5928616242072,556.8793256186337
P0107,280.25753424657535,185.58110243722405,2.01,0.38391,0.97,1.8807936081512509,534.6269304103889,1097.9445742460052,22.66,low,2665.222173481871,0.6666666666666666,93.41917808219178,563.3176438356164,1191.3637523281973,5939.186578106529
P0108,54.347945205479455,36.12413012599233,4.45,0.5829500000000001,0.985,2.17009037758456,179.09225537646847,420.94061154085205,3.59,medium,141.4470632963348,0.5,13.586986301369864,241.84835616438357,434.5275978422219,343.1898967757868
P0109,146.86027397260273,102.45433013621727,2.89,1.22536,0.97,1.8807936081512509,471.02682840570355,895.4530201865255,26.71,low,2767.847849077595,0.5,36.71506849315068,424.4261917808219,932.1680886796762,5477.606122699513
P0110,28.52054794520548,19.939268774440322,3.5,0.7035,0.985,2.17009037758456,91.91768378289272,191.73960159111192,3.64,medium,73.6076811733405,0.6666666666666666,9.506849315068493,99.82191780821918,201.2464509061804,161.15815788566928
P0111,41.31232876712329,27.091947351938117,2.29,0.85875,0.995,2.5758293035489004,139.65210626431687,234.2573391410292,44.94,high,1380.712444214048,0.5,10.328082191780823,94.60523287671234,244.58542133281003,2418.1671436332263
P0112,35.24657534246575,23.258214206483373,3.49,1.47278,0.97,1.8807936081512509,127.32002220395118,250.33057014915667,19.46,low,545.0824790595558,0.5,8.811643835616438,123.01054794520549,259.1422139847731,1109.4396465116108
P0113,31.756164383561643,21.680325982285844,1.52,0.36936,0.995,2.5758293035489004,75.18755689992197,123.45692676293567,1.95,high,32.25546191006653,0.5,7.939041095890411,48.2693698630137,131.39596785882608,56.36887021143639
P0114,47.83835616438356,32.32711680318652,0.84,0.20748,0.995,2.5758293035489004,80.4859600562623,120.67017923434449,9.98,high,176.71497389952953,0.5,11.95958904109589,40.18421917808219,132.62976827544037,291.20191922555694
P0115,23.854794520547944,16.031331283416584,2.87,1.18244,0.97,1.8807936081512509,73.6451970169759,142.1084572909485,3.26,low,52.81833530057511,0.5,5.963698630136986,68.46326027397261,148.07215592108548,106.1973502266025
P0116,54.295890410958904,36.04476931751392,2.17,0.71827,0.999,3.090232306167813,203.58626864228813,321.408350834069,45.09,critical,2019.53506767777,1.0,27.147945205479452,117.82208219178082,348.55629603954844,3457.608745453113
P0117,41.44931506849315,27.14502728673729,1.68,0.21336,0.995,2.5758293035489004,93.44695240759606,163.08180172266455,8.76,high,180.09096667991912,0.5,10.362328767123287,69.6348493150685,173.44413048978782,334.26152827991905
P0118,41.75068493150685,28.21300029274786,4.45,0.5829500000000001,0.985,2.17009037758456,139.53608828094195,325.32663622614746,23.54,medium,722.6294939893422,0.5,10.437671232876712,185.79054794520547,335.76430745902417,1738.8561954687943
P0119,29.975342465753425,19.839657953158593,1.92,0.816,0.97,1.8807936081512509,69.20760295678866,126.76026049103524,31.38,low,477.78160777248627,0.5,7.493835616438356,57.55265753424657,134.2540961074736,926.8365778875547
P0120,35.3013698630137,23.322561903073936,2.35,0.24205,0.985,2.17009037758456,79.771863747339,162.7300829254212,4.63,medium,81.25562041303951,0.5,8.825342465753424,82.95821917808219,171.5554253911746,174.74635630345045
P0121,31.720547945205478,20.948753266846094,3.83,1.27156,0.985,2.17009037758456,124.80708120285928,246.29677983299626,50.33,medium,1381.9388873267796,0.5,7.9301369863013695,121.48969863013699,254.22691681929763,2814.952959173355
P0122,303.5452054794521,199.94252267571156,2.29,0.85875,0.97,1.8807936081512509,751.1314156204326,1446.2499361683779,3.55,low,586.6336355995578,0.5,75.88630136986302,695.1185205479453,1522.136237538241,1188.788401517366
P0123,30.073972602739726,19.928236823947454,4.07,1.57102,0.97,1.8807936081512509,116.6789421060616,239.0800105992123,2.27,low,58.269463687767164,0.5,7.5184931506849315,122.40106849315069,246.59850374989722,123.15129277269868
P0124,63.59178082191781,41.994052932648344,1.73,0.45845,0.995,2.5758293035489004,160.8768057526047,270.8905865745225,7.16,high,253.41314442150292,0.25,7.948972602739726,110.0137808219178,278.83955917726223,439.22807361602344
P0125,17.53150684931507,11.87259376098067,4.32,1.83168,0.995,2.5758293035489004,104.31721609172868,180.05332568076977,1.22,high,27.998740799019977,0.3333333333333333,2.921917808219178,75.7361095890411,182.97524348898895,49.110555352444635
P0126,41.44931506849315,27.162732647126106,1.31,0.42837000000000003,0.985,2.17009037758456,77.69406231883394,131.99266505855996,28.9,medium,493.9788482231462,0.5,10.362328767123287,54.29860273972603,142.35499382568327,905.0930507436942
P0127,82.83013698630137,54.283228252257416,0.76,0.21356000000000003,0.985,2.17009037758456,109.63523991301963,172.58614402260866,11.1,medium,267.7292558675939,0.3333333333333333,13.805022831050227,62.95090410958904,186.3911668536589,455.167229456635
P0128,177.8931506849315,118.40291187665146,4.46,0.85632,0.985,2.17009037758456,635.4005979633445,1428.804050018139,2.7,medium,377.4279551902266,0.5,44.473287671232875,793.4034520547945,1473.277337689372,875.126738587487
P0129,82.97808219178083,54.41860098968499,1.34,0.19698,0.995,2.5758293035489004,167.6351314488279,278.82576158581423,60.51,high,2231.5923968730867,0.6666666666666666,27.65936073059361,111.19063013698631,306.48512231640785,4079.9912453004845
P0130,41.345205479452055,27.141696973232587,2.02,0.33734000000000003,0.985,2.17009037758456,89.01621312340605,172.5335281918992,10.23,medium,200.33988925553766,0.5,10.336301369863014,83.51731506849315,182.8698295617622,411.566838411702
P0131,385.45753424657534,254.81386544176883,1.73,0.45845,0.985,2.17009037758456,822.2225018861149,1489.06403613269,9.65,medium,1745.5783715042219,0.25,48.18219178082192,666.8415342465753,1537.246227913512,3263.5737418603862
P0132,41.93424657534246,28.303225747011354,3.58,1.5036,0.985,2.17009037758456,179.52087017016018,329.64547290988617,22.83,medium,901.6615225166464,0.5,10.483561643835616,150.12460273972601,340.1290345537218,1708.3320889495228
P0133,129.25205479452055,85.48203350461957,1.03,0.33990000000000004,0.97,1.8807936081512509,182.8967295308312,316.0263459691874,63.89,low,2570.7598509394575,0.5,32.31301369863014,133.12961643835618,348.3393596678175,4896.1883716189095
P0134,35.082191780821915,23.161848974772113,3.89,1.31482,0.999,3.090232306167813,200.61658240953585,337.0863084369331,4.82,critical,212.73382398707184,0.4,7.016438356164383,136.46972602739726,344.1027467930975,364.8865526994006
P0135,141.0849315068493,93.3078970181147,1.7,0.6987,0.985,2.17009037758456,339.79800246424895,579.6423860258927,45.13,medium,3373.7184472665426,0.5,35.271232876712325,239.8443835616438,614.9136189026051,6105.2313566364055
P0136,41.28767123287671,27.0806079253384,1.73,0.45845,0.985,2.17009037758456,87.5327795333843,158.960450766261,26.29,medium,506.2720902651881,0.25,5.160958904109589,71.4276712328767,164.1214096703706,949.2454092514895
P0137,11.252054794520548,7.869961489304962,3.89,1.31482,0.97,1.8807936081512509,40.33007639735791,84.10056954804284,37.37,low,331.56969009323825,0.4,2.25041095890411,43.770493150684935,86.35098050694695,709.9259511398136
P0138,41.28767123287671,27.106464625749332,2.04,0.58344,0.995,2.5758293035489004,117.45288344917331,201.6797327642418,19.99,high,516.5342908327743,0.5,10.321917808219178,84.22684931506849,212.001650572461,932.3408588875689
P0139,215.95616438356166,144.3579884952353,1.02,0.40800000000000003,0.985,2.17009037758456,369.67670027639247,589.9519879476254,13.66,medium,1110.9524196706145,0.5,53.989041095890414,220.2752876712329,643.9410290435158,1935.1715804815738
P0140,135.33424657534246,90.07828130859548,2.87,1.18244,0.97,1.8807936081512509,415.8865450158337,804.2958326870666,12.05,low,1102.5152308369752,0.5,33.833561643835615,388.4092876712329,838.1293943309022,2221.881024371222
P0141,41.43561643835616,27.218879648196868,2.29,0.85875,0.97,1.8807936081512509,102.3733178829327,197.2608795267683,95.37,low,2147.935531828964,0.5,10.35890410958904,94.88756164383561,207.61978363635734,4356.153728387868
P0142,31.676712328767124,21.614749495539616,1.04,0.2496,0.985,2.17009037758456,50.818964568421855,83.76274539033966,5.6,medium,62.60896434829573,0.5,7.919178082191781,32.94378082191781,91.68192347253145,112.95212971815876
P0143,12.531506849315068,9.430615281692871,1.68,0.21336,0.985,2.17009037758456,27.153209231195564,48.20614073804488,7.56,medium,45.16121759332446,0.5,3.132876712328767,21.052931506849315,51.339017450373646,85.38705382346144
P0144,82.95068493150686,54.472372075984765,4.07,1.3593800000000003,0.97,1.8807936081512509,296.1388247755918,633.7481124468247,21.78,low,1418.9787927947257,0.4,16.59013698630137,337.60928767123295,650.3382494331261,3116.1607559837666
P0145,175.17260273972602,114.94513892119896,4.45,0.5829500000000001,0.985,2.17009037758456,570.9563786740448,1350.4744608658257,10.61,medium,1332.7263791009555,0.5,43.793150684931504,779.5180821917808,1394.267611550757,3254.4994588817767
P0146,11.284931506849315,7.863597994278794,1.68,0.21336,0.985,2.17009037758456,22.72718213550338,41.68586706701023,11.04,medium,55.19977997071061,0.5,2.8212328767123287,18.95868493150685,44.50709994372256,108.09884434331335
P0147,17.55068493150685,11.867203898801682,4.07,1.57102,0.985,2.17009037758456,79.24312377216057,150.67441144339347,18.88,medium,329.1442389000461,0.5,4.387671232876713,71.4312876712329,155.06208267627017,644.0658666041558
P0148,15.819178082191781,10.794033984209312,0.76,0.21356000000000003,0.985,2.17009037758456,21.69674710094658,33.71932244341234,2.37,medium,11.312683938433548,0.3333333333333333,2.636529680365297,12.022575342465753,36.35585212377763,18.95594129733766
P0149,41.31506849315068,27.07198214707725,3.83,1.27156,0.97,1.8807936081512509,140.32863376300642,298.56534609177356,57.13,low,1763.7344663137226,0.5,10.32876712328767,158.2367123287671,308.8941132150612,3882.3665513548185
P0150,15.821917808219178,10.788606202120583,4.45,0.5829500000000001,0.985,2.17009037758456,53.28993840419295,123.69747265076829,20.14,medium,236.11705908129815,0.5,3.9554794520547945,70.40753424657534,127.6529521028231,565.6047001771886
P0151,95.57808219178082,64.35732633007576,4.07,1.3593800000000003,0.985,2.17009037758456,398.60254321091725,787.6053377314652,3.64,medium,319.2009166033025,0.4,19.115616438356167,389.002794520548,806.7209541698214,646.022140099193
P0152,210.35342465753425,141.50687678139997,0.85,0.32384999999999997,0.999,3.090232306167813,454.81358338388156,633.6139943427856,5.06,critical,506.298481022937,0.5,52.58835616438356,178.8004109589041,686.2023505071693,763.8804565845808
P0153,41.41917808219178,27.169131732589747,2.47,0.5681,0.995,2.5758293035489004,125.5814242773663,227.88679414038,54.67,high,1510.4180223535955,0.5,10.354794520547944,102.3053698630137,238.24158866092796,2865.426883460445
P0154,23.923287671232877,16.106944449249017,1.4,0.1722,0.97,1.8807936081512509,36.67201001069474,70.16461275042076,5.36,low,43.24363420461124,0.5,5.980821917808219,33.492602739726024,76.14543466822899,89.79069656077563
P0155,31.723287671232878,20.93757414648472,4.46,0.85632,0.999,3.090232306167813,160.368959989947,301.8548230036456,42.68,critical,1505.8003867216064,0.5,7.9308219178082195,141.48586301369863,309.78564492145387,2908.763291554483
P0156,70.41643835616438,46.42963189654937,2.87,1.18244,0.985,2.17009037758456,248.5644335351636,450.6596116173554,188.4,medium,10302.49864116546,0.5,17.604109589041094,202.09517808219178,468.26372120639644,19408.59471656272
P0157,41.38630136986301,27.07501440883452,1.94,0.50052,0.995,2.5758293035489004,110.82734329765509,191.11676795518935,42.3,high,1031.3592567279782,0.5,10.346575342465753,80.28942465753424,201.4633432976551,1874.817872727978
P0158,244.28493150684932,161.49033216328104,1.64,0.5920399999999999,0.985,2.17009037758456,547.6483485047102,948.275636175943,30.77,medium,3707.250730367785,0.5,61.07123287671233,400.62728767123286,1009.3468690526554,6832.672695365045
P0159,20.55890410958904,13.913980592863496,3.66,1.2297600000000002,0.985,2.17009037758456,79.66855244703616,154.91414148813203,20.96,medium,367.3676290437732,0.2,2.055890410958904,75.24558904109588,156.97003189909094,723.8202110930882
P0160,27.08219178082192,18.02817805475939,2.66,0.75012,0.97,1.8807936081512509,67.21660991187964,139.25524004886597,38.07,low,562.9659946559568,0.5,6.77054794520548,72.03863013698631,146.02578799407144,1223.0243847655458
P0161,60.04657534246575,39.80157543609981,3.36,1.19952,0.995,2.5758293035489004,264.0783404416187,465.83483359230365,11.0,high,639.0695838687172,0.5,15.011643835616438,201.75649315068492,480.84647742792004,1163.6484753755665
P0162,17.49041095890411,11.868465980098637,4.16,0.9193600000000001,0.985,2.17009037758456,63.06513789197092,135.825247481012,28.77,medium,399.16448377344074,0.5,4.372602739726028,72.76010958904111,140.19785022073808,887.3682731871396
P0163,41.41095890410959,27.14573794104134,1.92,0.816,0.985,2.17009037758456,109.72775499738383,189.23679609327422,47.58,medium,1148.586248210615,0.5,10.352739726027398,79.50904109589041,199.58953581930163,2089.2234251421214
P0164,307.5890410958904,203.146054994411,1.22,0.35135999999999995,0.985,2.17009037758456,540.4677261326348,915.7263562696211,7.17,medium,852.5337912016181,0.5,76.8972602739726,375.2586301369863,992.6236165435937,1565.7644927358647
P0165,138.1013698630137,91.76147485382462,2.02,0.33734000000000003,0.985,2.17009037758456,300.5328327764609,579.4975998997486,2.82,medium,186.45056945451634,0.5,34.525342465753425,278.9647671232877,614.0229423655021,380.93983344355746
P0166,60.30958904109589,40.01936400931141,3.66,1.2297600000000002,0.97,1.8807936081512509,200.48160829268198,421.214704183093,8.34,low,367.8436548954129,0.2,6.030958904109589,220.73309589041097,427.2456630872025,783.9103426323991
P0167,82.9972602739726,54.385907324877856,3.58,1.5036,0.985,2.17009037758456,351.0099058850427,648.1400976658647,8.33,medium,643.2607535249292,0.5,20.74931506849315,297.1301917808219,668.8894127343578,1225.8067377769844
P0168,82.5123287671233,54.191743281533356,3.89,1.31482,0.985,2.17009037758456,330.49394218267145,651.466901086781,38.3,medium,2784.7419568311893,0.4,16.50246575342466,320.97295890410965,667.9693668402058,5628.309884995574
P0169,186.73150684931508,122.4121538315955,4.16,0.9193600000000001,0.985,2.17009037758456,657.5348146125908,1434.3378831057416,9.63,medium,1393.053258238235,0.5,46.68287671232877,776.8030684931508,1481.0207598180705,3137.6905817505644
P0170,41.394520547945206,27.181683647947136,0.84,0.20748,0.985,2.17009037758456,57.18473639967767,91.95613365995163,12.3,medium,154.74189669752778,0.5,10.348630136986301,34.77139726027397,102.30476379693795,276.8366908345141
P0171,82.66027397260274,54.16564627315425,3.66,1.2297600000000002,0.999,3.090232306167813,448.5770707528237,751.1136734925498,27.95,critical,2758.300408059113,0.2,8.266027397260274,302.53660273972605,759.37970088981,4669.425780771441
P0172,27.16986301369863,18.044014295723116,1.31,0.42837000000000003,0.97,1.8807936081512509,44.58626844428068,80.17878899222589,29.82,low,292.50375550185896,0.5,6.792465753424658,35.592520547945206,86.97125474565054,570.5662196333658
P0173,30.194520547945206,20.046182191194692,3.66,1.2297600000000002,0.985,2.17009037758456,115.84208534835503,226.3540305538345,2.9,medium,73.9072504522505,0.2,3.0194520547945207,110.51194520547946,229.37348260862902,146.3402819043053
P0174,250.61917808219178,164.31845643656777,3.24,1.14372,0.97,1.8807936081512509,774.6569392486296,1586.663076234931,56.83,low,9685.225848649916,0.5,62.654794520547945,812.0061369863014,1649.317870755479,20620.76161090745
P0175,83.15342465753425,54.52223581626432,4.07,1.57102,0.995,2.5758293035489004,439.89002236008423,778.3244607162486,5.86,high,567.1062168266207,0.5,20.78835616438356,338.4344383561644,799.1128168806322,1030.2162435225111
P0176,27.101369863013698,17.982534972922643,2.89,1.22536,0.985,2.17009037758456,97.95205175753509,176.27501066164467,3.1,medium,66.80329929863893,0.5,6.7753424657534245,78.32295890410958,183.0503531273981,124.8403408328855
P0177,43.46027397260274,32.61036518512404,4.45,0.5829500000000001,0.985,2.17009037758456,159.08643059947624,352.48464977755845,46.76,medium,1636.5539288629318,0.5,10.865068493150686,193.3982191780822,363.3497182707091,3737.8512217944385
P0178,15.824657534246576,10.81014710564023,4.32,1.83168,0.985,2.17009037758456,79.58651951646272,147.94904006440794,43.74,medium,765.8451600030174,0.3333333333333333,2.6374429223744293,68.36252054794521,150.58648298678236,1449.0636084852094
P0179,41.51780821917808,27.221170567244737,2.29,0.71677,0.995,2.5758293035489004,130.8980938042533,225.9738746261711,23.96,high,689.9900320609801,0.5,10.37945205479452,95.0757808219178,236.3533266809656,1245.8656556007058
P0180,29.986301369863014,19.875777094964285,0.84,0.20748,0.985,2.17009037758456,41.77335787218046,66.96185102286539,149.19,medium,1371.0767974091327,0.5,7.4965753424657535,25.18849315068493,74.45842636533115,2443.859578477626
P0181,256.26575342465753,168.28383288914628,2.35,0.24205,0.97,1.8807936081512509,499.0249686304915,1101.2494891784368,0.86,low,94.415524064889,0.5,64.06643835616438,602.2245205479452,1165.315927534601,220.4777734895465
P0182,166.06849315068493,109.791852112557,1.92,0.816,0.985,2.17009037758456,442.1216787209429,760.973185570258,1.45,medium,141.0368155119808,0.5,41.51712328767123,318.85150684931506,802.4903088579292,255.9944085256794
P0183,41.52602739726027,27.272183365999464,1.73,0.45845,0.985,2.17009037758456,88.1269407352705,159.96696813253078,4.51,medium,87.43955059753537,0.25,5.190753424657534,71.84002739726027,165.1577215571883,163.8694913290422
P0184,259.1616438356164,170.1033417555671,4.46,0.85632,0.985,2.17009037758456,916.3374439116951,2072.1983754185444,2.72,medium,548.3363264367584,0.5,64.7904109589041,1155.8609315068493,2136.9887863774484,1278.7740897682652
P0185,6.238356164383561,4.68463205707354,3.36,1.19952,0.985,2.17009037758456,24.717471828721685,45.678348541050454,38.29,medium,208.21503919078575,0.5,1.5595890410958904,20.960876712328766,47.237937582146344,397.92293860448433
P0186,196.17260273972602,130.38204772209684,3.83,1.27156,0.985,2.17009037758456,774.3633182492645,1525.7043867424152,51.69,medium,8805.904782466985,0.5,49.043150684931504,751.3410684931507,1574.7475374273467,17907.7140461163
P0187,82.74520547945205,54.29309206938682,3.76,0.7745599999999999,0.985,2.17009037758456,267.4690250353347,578.5909976380744,14.45,medium,850.284030587329,0.5,20.686301369863013,311.12197260273973,599.2772990079375,1905.1025335462332
P0188,41.33424657534247,27.107094379668663,1.04,0.2496,0.995,2.5758293035489004,76.00343985393536,118.99105629229153,147.87,high,2472.498303264313,0.5,10.333561643835617,42.98761643835617,129.32461793612714,4207.110875927327
P0189,222.72602739726028,147.38438011550684,1.68,0.56616,0.985,2.17009037758456,496.7282835625287,870.908009589926,103.08,medium,11264.6053233176,0.5,55.68150684931507,374.17972602739724,926.589516439241,21012.826418002533
P0190,136.61369863013698,91.9266987534097,3.66,1.2297600000000002,0.985,2.17009037758456,527.7987644830571,1027.8049014693584,61.72,medium,7166.662743656742,0.2,13.661369863013698,500.0061369863014,1041.4662713323721,14141.445618659482
P0191,11.336986301369864,7.920197904643099,1.73,0.45845,0.985,2.17009037758456,25.264129552329077,44.87711585369894,19.0,medium,105.60406152873554,0.25,1.417123287671233,19.612986301369865,46.29423914137018,193.50991961092734
P0192,257.3232876712329,168.77459000370808,4.07,1.3593800000000003,0.985,2.17009037758456,1059.3365045676776,2106.6422853895956,101.34,medium,23617.69550203546,0.4,51.464657534246584,1047.305780821918,2158.1069429238423,48114.56267109848
P0193,124.51780821917808,82.92166855570395,1.52,0.36936,0.995,2.5758293035489004,288.75470875689524,478.02177725004594,27.37,high,1738.707603308769,0.5,31.12945205479452,189.26706849315067,509.1512293048404,3065.803212136166
P0194,175.24931506849316,114.79631163821584,2.97,0.8613,0.985,2.17009037758456,540.0115965523482,1060.502062305773,1.71,medium,203.1523626229934,0.5,43.81232876712329,520.4904657534247,1104.3143910728963,415.44307392162364
P0195,41.31780821917808,27.107900709888714,3.58,1.5036,0.995,2.5758293035489004,207.51488020957638,355.4326336342339,2.06,high,94.04574371098002,0.5,10.32945205479452,147.91775342465755,365.7620856890285,165.76337723426772
P0196,482.4657534246575,316.5545229408035,3.49,1.47278,0.97,1.8807936081512509,1738.7176833299309,3422.523162781986,2.58,low,986.8961570580689,0.5,120.61643835616438,1683.805479452055,3543.1396011381503,2011.0860376060139
P0197,63.76438356164383,42.139803199571666,4.46,0.85632,0.985,2.17009037758456,226.57821804364715,510.96736872857866,6.96,medium,346.9365674684325,0.5,15.941095890410958,284.3891506849315,526.9084646189897,806.802241024597
P0198,178.96438356164384,117.51727178395856,2.87,1.18244,0.985,2.17009037758456,630.5087166517701,1144.136497473688,13.8,medium,1914.224463754774,0.5,44.74109589041096,513.6277808219179,1188.877593364099,3609.4323734534055
P0199,63.6,42.05496142216492,1.07,0.41516000000000003,0.97,1.8807936081512509,95.71010474944747,163.76210474944747,24.18,low,509.1394732251607,0.5,15.9,68.052,179.66210474944748,955.7305324251607
P0200,35.07671232876712,23.143000986389577,4.46,0.85632,0.995,2.5758293035489004,147.7678550559234,304.20999204222477,17.0,high,552.6517779091536,0.5,8.76917808219178,156.44213698630136,312.97917012441656,1170.542096265318
P0201,119.86027397260274,79.38624237200493,2.29,0.71677,0.985,2.17009037758456,320.504763500658,594.9847908979183,180.98,medium,12761.089461636797,0.5,29.965068493150685,274.4800273972603,624.9498593910689,24882.753621571042
P0202,148.1068493150685,97.3065117717092,4.31,1.0430199999999998,0.985,2.17009037758456,551.8734801515726,1190.2140006995178,35.35,medium,4291.92005513878,0.5,37.026712328767125,638.3405205479452,1227.240713028285,9544.251025220972
P0203,189.44383561643835,124.40361133311266,3.58,1.5036,0.97,1.8807936081512509,694.9863151072515,1373.1952466141008,3.06,low,467.8647873302017,0.5,47.36095890410959,678.2089315068494,1420.5562055182104,956.3184375548592
P0204,79.30684931506849,55.349330998386876,0.84,0.20748,0.995,2.5758293035489004,137.37006741048174,203.98782083513927,3.92,high,118.46794613479943,0.5,19.826712328767123,66.61775342465754,223.8145331639064,193.0176534005529
P0205,257.3205479452055,170.57199743038493,3.45,1.41795,0.97,1.8807936081512509,908.8447367976268,1796.6006272085856,4.86,low,971.7367925840225,0.5,64.33013698630137,887.755890410959,1860.9307641948872,1989.7071730771734
P0206,30.054794520547944,19.888211215592364,2.36,0.45311999999999997,0.985,2.17009037758456,72.59068198370448,143.51999705219762,14.7,medium,234.7582655353003,0.5,7.513698630136986,70.92931506849314,151.0336956823346,488.4429718366701
P0207,233.43561643835616,153.30340290864046,3.58,1.5036,0.999,3.090232306167813,1407.1031492241946,2242.8026560735098,10.52,critical,3256.599528564476,0.5,58.35890410958904,835.6995068493151,2301.1615601830986,5325.808314887763
P0208,63.364383561643834,41.85914820471034,1.73,0.45845,0.985,2.17009037758456,135.08971172722795,244.7100952888718,5.91,medium,175.6436431877418,0.25,7.920547945205479,109.62038356164383,252.63064323407724,328.4703623329472
P0209,41.397260273972606,27.116223057661266,0.76,0.21356000000000003,0.985,2.17009037758456,54.76973585081261,86.23165365903179,18.67,medium,224.96121303362773,0.3333333333333333,6.899543378995434,31.46191780821918,93.13119703802722,382.5270787139931
P0210,29.96712328767123,19.831128092649347,1.31,0.42837000000000003,0.985,2.17009037758456,56.58809597848131,95.84502748533063,27.66,medium,344.3498816482545,0.5,7.491780821917808,39.25693150684931,103.33680830724843,628.8251459112682
P0211,12.468493150684932,9.371585483866058,2.29,0.71677,0.995,2.5758293035489004,43.17828048618998,71.73112980125848,85.57,high,812.8484014647208,0.5,3.117123287671233,28.552849315068492,74.84825308892971,1409.0483037003373
P0212,35.172602739726024,23.248426983736433,2.01,0.38391,0.985,2.17009037758456,77.29658723008617,147.99351873693547,6.13,medium,104.24217753849422,0.6666666666666666,11.724200913242008,70.6969315068493,159.7177196501775,215.39531672022935
P0213,82.6054794520548,54.1472146006976,1.94,0.50052,0.985,2.17009037758456,186.6453456803032,346.8999758172895,2.58,medium,105.93989820814011,0.5,20.6513698630137,160.2546301369863,367.5513456803032,208.6221438081401
P0214,408.71232876712327,270.2493292960161,3.76,0.7745599999999999,0.999,3.090232306167813,1891.9401689322888,3428.6985250966723,7.85,critical,3267.3806717460625,0.5,102.17808219178082,1536.7583561643835,3530.8766072884528,6097.823900787157
P0215,449.3205479452055,294.8992261097653,2.87,1.18244,0.97,1.8807936081512509,1371.645485114255,2661.1954577169945,0.56,low,168.98672376607624,0.5,112.33013698630137,1289.5499726027397,2773.525594703296,341.69835326744607
P0216,31.613698630136987,21.4822013924823,1.52,0.36936,0.995,2.5758293035489004,74.55705135434046,122.60987327214869,2.68,high,43.958837478519136,0.5,7.903424657534247,48.052821917808224,130.51329792968292,76.95064045934106
P0217,20.44931506849315,13.77969444237369,3.5,0.7035,0.995,2.5758293035489004,76.04324523240284,147.61584797212885,2.73,high,45.67157308658115,0.6666666666666666,6.816438356164383,71.57260273972602,154.43228632829323,92.75203116877292
P0218,41.47945205479452,27.157613623455745,3.66,1.2297600000000002,0.97,1.8807936081512509,136.94164572438413,288.7564402449321,1.79,low,53.92762008626247,0.2,4.147945205479452,151.81479452054796,292.90438545041155,115.34574699037208
P0219,82.83287671232877,54.287614333275826,2.66,0.75012,0.995,2.5758293035489004,278.6198973658572,498.9553494206517,22.03,high,1350.3591945733635,0.5,20.708219178082192,220.33545205479453,519.663568598734,2518.6014515706242
P0220,480.4054794520548,314.73863214308426,3.24,1.14372,0.985,2.17009037758456,1712.6541215995428,3269.1678750242004,18.11,medium,6823.556551276898,0.5,120.1013698630137,1556.5137534246576,3389.269244887214,13503.526525479638
P0221,437.958904109589,287.44905130770013,0.84,0.20748,0.985,2.17009037758456,604.7648469798527,972.6503264319074,26.23,medium,3489.856025981938,0.5,109.48972602739725,367.88547945205477,1082.1400524593048,6244.597386721664
P0222,41.44931506849315,27.191441381796775,2.87,1.18244,0.985,2.17009037758456,145.96362541660423,264.9231596631796,5.39,medium,173.08366701900928,0.5,10.362328767123287,118.95953424657534,275.28548843030285,326.4335321806531
P0223,14.284931506849315,9.962617920667634,4.46,0.85632,0.995,2.5758293035489004,62.68878154269009,126.39957606323803,3.63,high,50.0632609399923,0.5,3.5712328767123287,63.71079452054794,129.97080893995036,103.79468801944435
P0224,169.0246575342466,111.15617142237649,1.92,0.816,0.97,1.8807936081512509,388.8560518983546,713.383394364108,6.23,low,532.9661047318849,0.5,42.25616438356165,324.5273424657534,755.6395587476698,1035.6795792195562
P0225,20.997260273972604,14.153106797933791,2.97,0.8613,0.985,2.17009037758456,65.89314422748427,128.2550072411829,9.93,medium,143.95016287936213,0.5,5.249315068493151,62.36186301369864,133.50432230967607,291.65354251771834
P0226,6.213698630136986,4.660840933311283,4.07,1.57102,0.995,2.5758293035489004,34.91251404142383,60.202267466081366,0.72,high,5.530142224161535,0.5,1.5534246575342465,25.289753424657537,61.75569212361562,9.782101632380714
P0227,110.62465753424658,75.40315778216788,0.76,0.21356000000000003,0.97,1.8807936081512509,131.37614937944042,215.4508891054678,12.88,low,372.2674568815824,0.3333333333333333,18.43744292237443,84.0747397260274,233.88833202784224,662.7459776340938
P0228,83.11780821917809,54.52653185836763,4.46,0.85632,0.97,1.8807936081512509,254.6108313508228,625.3162560083571,5.18,low,290.15450340739767,0.5,20.779452054794522,370.70542465753425,646.0957080631515,736.2906689087674
P0229,27.172602739726027,18.06430257573745,2.63,0.7574399999999999,0.995,2.5758293035489004,92.22123520573746,163.6851804112169,1.23,high,24.955066246672555,1.0,13.586301369863014,71.46394520547945,177.2714817810799,47.96966296996022
P0230,31.720547945205478,21.57401621217308,1.03,0.33990000000000004,0.985,2.17009037758456,52.96304806638632,85.63521244994797,8.48,medium,98.80786247265033,0.5,7.9301369863013695,32.67216438356164,93.56534943624933,174.55551590826676
P0231,54.29041095890411,36.00447226640458,1.34,0.19698,0.985,2.17009037758456,93.37533063202402,166.12448131695552,0.89,medium,18.282889737750303,0.6666666666666666,18.096803652968035,72.74915068493151,184.22128496992354,36.07052759711103
P0232,70.14520547945206,46.37322622150823,1.52,0.36936,0.999,3.090232306167813,193.9718737107638,300.59258603953094,6.91,critical,294.87604241510314,0.5,17.536301369863015,106.62071232876713,318.12888740939394,483.6195346397607
P0233,251.2164383561644,164.83874822338126,4.07,1.57102,0.985,2.17009037758456,1119.9654765018665,2142.4163806114557,175.56,medium,43256.6505920269,0.5,62.8041095890411,1022.4509041095891,2205.220490200497,85172.67203711184
P0234,82.88493150684931,54.325311505033476,0.85,0.32384999999999997,0.97,1.8807936081512509,106.87578553414332,177.32797731496524,160.74,low,3779.4270286868036,0.5,20.721232876712328,70.45219178082192,198.04921019167756,7003.574610166255
P0235,82.88219178082191,54.480965882907654,1.64,0.5920399999999999,0.985,2.17009037758456,185.10287088997657,321.0296654105245,2.33,medium,94.88373161820199,0.5,20.720547945205478,135.92679452054793,341.75021335573,175.18115936614723
P0236,200.2164383561644,131.44701750270625,1.73,0.45845,0.995,2.5758293035489004,504.20996966594015,850.5844080221045,5.5,high,610.0940632957876,0.25,25.02705479452055,346.3744383561644,875.6114628166251,1059.4898700081164
P0237,30.21095890410959,20.012959823353555,2.47,0.5681,0.995,2.5758293035489004,92.29394880715057,166.91501730030126,22.75,high,461.93121377978866,0.5,7.552739726027397,74.62106849315069,174.46775702632866,873.2111239167749
P0238,54.49589041095891,36.17924105153231,4.45,0.5829500000000001,0.97,1.8807936081512509,155.48148581255958,397.98819814132673,25.48,low,871.5670168708841,0.5,13.623972602739727,242.50671232876715,411.6121707440665,2307.333184322939
P0239,56.915068493150685,39.71859693703183,1.64,0.5920399999999999,0.97,1.8807936081512509,114.75353613469643,208.09424846346354,34.46,low,869.9695081443606,0.5,14.228767123287671,93.34071232876711,222.32301558675124,1685.4752457662787
P0240,30.03013698630137,19.92531856799605,3.49,1.47278,0.985,2.17009037758456,125.44719655470739,230.25237463689916,10.15,medium,280.1235899066616,0.5,7.507534246575342,104.80517808219179,237.7599088834745,530.9178765367986
P0241,302.14520547945204,203.08426297582227,1.52,0.36936,0.985,2.17009037758456,594.8752898973792,1054.1360022261463,5.54,medium,725.0340033269257,0.5,75.53630136986301,459.2607123287671,1129.6723035960094,1376.8446036228165
P0242,129.55616438356165,85.93023778314249,4.07,1.3593800000000003,0.995,2.5758293035489004,636.5466258022824,1163.8402148433784,35.6,high,4985.433173283475,0.4,25.911232876712333,527.293589041096,1189.7514477200907,9318.133338543752
P0243,30.172602739726027,20.010308197056865,1.04,0.2496,0.97,1.8807936081512509,40.910876361462954,72.29038321077803,45.21,low,406.90775846638286,0.5,7.543150684931507,31.37950684931507,79.83353389570954,794.0402948335062
P0244,157.4931506849315,103.54007602405888,3.7,1.2913,0.985,2.17009037758456,617.7167133819457,1200.4413709161922,6.22,medium,845.2835505918545,0.5,39.37328767123287,582.7246575342466,1239.8146585874251,1696.5623788110324
P0245,31.016438356164382,23.285961280873696,2.36,0.45311999999999997,0.97,1.8807936081512509,72.28701464635394,145.48580916690187,6.76,low,107.50524818205757,0.5,7.754109589041096,73.19879452054793,153.23991875594297,227.89840717383836
P0246,47.47945205479452,31.916059888711363,3.58,1.5036,0.995,2.5758293035489004,240.853949384756,410.8303877409204,72.37,high,3834.7320697344544,0.5,11.86986301369863,169.97643835616438,422.700250754619,6729.979772364592
P0247,15.832876712328767,10.76635039220466,4.46,0.85632,0.995,2.5758293035489004,68.18884230519045,138.80347244217677,91.17,high,1367.690885652127,0.5,3.958219178082192,70.6146301369863,142.76169162025894,2863.428353504182
P0248,385.5452054794521,255.0325798197788,3.86,1.38188,0.995,2.5758293035489004,1883.9020946740836,3372.1065878247687,11.87,high,4919.621930031902,0.5,96.38630136986302,1488.204493150685,3468.492889194632,9057.622330842862
P0249,9.56986301369863,6.813341084917513,0.85,0.32384999999999997,0.97,1.8807936081512509,13.174071922124323,21.308455483768157,27.26,low,79.007544131364,0.5,2.3924657534246574,8.134383561643835,23.700921237192816,142.13916484369278
P0250,35.23287671232877,23.331415733049393,1.68,0.21336,0.999,3.090232306167813,96.29562188515908,155.4868547618714,22.71,critical,481.11218606263185,0.5,8.808219178082192,59.19123287671233,164.2950739399536,820.8510484187962
P0251,82.79178082191781,54.249073910727816,3.24,1.14372,0.985,2.17009037758456,295.17624533979523,563.4216152028089,32.1,medium,2084.5346445896344,0.5,20.697945205479453,268.2453698630137,584.1195604082884,4125.052335603333
P0252,22.70958904109589,15.852446030828148,4.32,1.83168,0.97,1.8807936081512509,99.8044444089429,197.90986906647714,372.76,low,8184.683033533062,0.3333333333333333,3.784931506849315,98.10542465753424,201.69480057332646,16540.425849576895
P0253,63.66575342465753,42.05194400119563,2.97,0.8613,0.985,2.17009037758456,197.21523700991304,386.3025246811459,4.97,medium,215.63514014663892,0.5,15.916438356164383,189.08728767123287,402.2189630373103,439.786214184995
P0254,41.38082191780822,27.14531842711388,0.84,0.20748,0.985,2.17009037758456,57.11435075855293,91.87424116951183,28.31,medium,355.71959939441933,0.5,10.345205479452055,34.7598904109589,102.21944664896388,636.6431576190768
P0255,82.71232876712328,54.21089248543543,4.46,0.85632,0.985,2.17009037758456,292.1475093194854,661.0444956208553,164.75,medium,10588.886475284748,0.5,20.67808219178082,368.89698630136985,681.722577812636,24709.034832818994
P0256,60.082191780821915,39.724446975264385,4.31,1.0430199999999998,0.985,2.17009037758456,224.77423199253406,483.7284785678765,24.88,medium,1230.3242362343344,0.5,15.020547945205479,258.95424657534244,498.74902651308196,2729.9526715220054
P0257,82.73150684931507,54.261669825795146,3.76,0.7745599999999999,0.97,1.8807936081512509,231.7042222466796,542.7746880001042,5.96,low,303.81057620984626,0.5,20.682876712328767,311.0704657534246,563.4575647124329,738.8055588509421
P0258,60.02739726027397,39.812187032854695,1.68,0.21336,0.985,2.17009037758456,115.37960259490119,216.22562999216146,11.17,medium,283.5338354167102,0.5,15.006849315068493,100.84602739726027,231.23247930722994,568.2306946495868
P0259,310.44657534246574,208.65288889578832,4.32,1.83168,0.995,2.5758293035489004,1842.0794455951802,3183.208651074632,22.66,high,9183.134452181093,0.3333333333333333,51.74109589041095,1341.1292054794521,3234.9497469650432,16126.871478570134
P0260,120.5123287671233,79.78775406810418,1.92,0.816,0.97,1.8807936081512509,278.28919469313064,509.6728659260074,19.76,low,1209.7787871699777,0.5,30.128082191780823,231.3836712328767,539.8009481177882,2346.6226816576486
P0261,236.35890410958905,155.10694629836703,4.32,1.83168,0.985,2.17009037758456,1171.3725212856846,2192.4429870391095,195.07,medium,50269.92029998366,0.3333333333333333,39.393150684931506,1021.0704657534247,2231.836137724041,95780.1405848823
P0262,180.95890410958904,118.81769191026915,2.47,0.5681,0.985,2.17009037758456,462.58563225399394,909.5541254046789,11.62,medium,1182.5539102941102,0.5,45.23972602739726,446.968493150685,954.7938514320762,2440.835001800959
P0263,27.043835616438358,18.000862206924534,2.66,0.75012,0.97,1.8807936081512509,67.11691276592832,139.05351550565436,5.79,low,85.49352348123949,0.5,6.760958904109589,71.93660273972604,145.81447440976393,185.7384775031573
P0264,349.1123287671233,230.63213653463166,3.06,0.6915600000000001,0.985,2.17009037758456,1020.2990665397028,2088.5827925671,20.44,medium,4588.080842415737,2.5,436.3904109589041,1068.2837260273973,2524.973203526004,11354.299501615737
P0265,70.32054794520548,46.48807881840681,2.36,0.45311999999999997,0.985,2.17009037758456,169.7058662799685,335.6623594306534,11.23,medium,419.27531323129017,0.5,17.58013698630137,165.9564931506849,353.24249641695474,872.7209116477284
P0266,70.14520547945206,46.37470725329209,3.89,1.31482,0.985,2.17009037758456,281.8775262079328,554.7423755230013,8.59,medium,532.6921490277514,0.4,14.029041095890413,272.8648493150685,568.7714166188917,1074.8642231263816
P0267,82.58904109589041,54.19785578673915,2.66,0.75012,0.97,1.8807936081512509,203.01697960587384,422.7038289209423,3.34,low,149.1768766143961,0.5,20.647260273972602,219.68684931506849,443.35108919491495,325.7743803404235
P0268,41.50410958904109,27.26343019361326,3.24,1.14372,0.985,2.17009037758456,148.16470903309713,282.6380241015903,6.11,medium,199.16300188228917,0.5,10.376027397260273,134.47331506849315,293.01405149885056,393.86948802475496
P0269,154.53698630136986,101.91567229883458,4.07,1.3593800000000003,0.985,2.17009037758456,637.8943070496599,1266.8598412962353,113.08,medium,15869.27941305862,0.4,30.907397260273974,628.9655342465754,1297.7672385565093,32285.334253913417
P0270,82.92328767123287,54.39598027869527,1.73,0.45845,0.985,2.17009037758456,175.8197294222423,319.27701709347514,9.74,medium,376.74651620598075,0.25,10.365410958904109,143.45728767123288,329.6424280523793,706.3577948306383
P0271,503.94246575342464,332.4025586039175,4.07,1.57102,0.985,2.17009037758456,2251.5615640952014,4302.60739971164,35.89,medium,17777.879797782894,0.5,125.98561643835616,2051.0458356164386,4428.593016149996,34967.28473691714
P0272,82.6054794520548,54.12463204557556,3.58,1.5036,0.995,2.5758293035489004,414.6569512175599,710.384567655916,71.72,high,6542.623239091147,0.5,20.6513698630137,295.72761643835616,731.0359375189298,11534.577436548681
P0273,41.45205479452055,27.208818613211783,0.76,0.21356000000000003,0.999,3.090232306167813,78.23903263427681,109.74259427811242,6.15,critical,105.85741115417653,0.3333333333333333,6.908675799086758,31.503561643835617,116.65127007719917,157.8291684144505
P0274,82.57808219178082,54.14624642398042,2.36,0.45311999999999997,0.985,2.17009037758456,197.93289611522007,392.8171700878228,149.03,medium,6489.546691771275,0.5,20.644520547945206,194.88427397260273,413.46169063576804,13556.003066198673
P0275,41.49041095890411,27.231265181810365,3.49,1.47278,0.985,2.17009037758456,172.54544533854911,317.3469795851245,27.25,medium,1034.409944804602,0.5,10.372602739726027,144.80153424657533,327.7195823248505,1964.6788960374784
P0276,30.013698630136986,19.892218611370453,4.07,1.3593800000000003,0.985,2.17009037758456,124.19179498689076,246.3475484115483,38.99,medium,1065.2923790385514,0.4,6.002739726027397,122.15575342465755,252.3502881375757,2164.610301586497
P0277,30.13150684931507,19.92842189178043,1.7,0.6987,0.995,2.5758293035489004,86.14080470692659,137.3643663507622,2.68,high,50.78861845520392,0.5,7.532876712328767,51.223561643835616,144.89724306309097,85.43141450999845
P0278,41.364383561643834,27.153336315069822,2.66,0.75012,0.985,2.17009037758456,117.34511951611603,227.37437979008865,111.62,medium,2881.5736928855517,0.5,10.341095890410958,110.02926027397261,237.7154756804996,5837.43630700062
P0279,72.96986301369863,49.701213543820394,2.29,0.85875,0.97,1.8807936081512509,184.12016127784617,351.221147579216,14.41,low,583.6977352830279,0.5,18.242465753424657,167.10098630136986,369.46361333264065,1171.2735469871375
P0280,442.413698630137,289.88931447536464,3.89,1.31482,0.985,2.17009037758456,1770.0112653680617,3491.0005530392946,37.37,medium,14551.970617096982,0.4,88.4827397260274,1720.989287671233,3579.483292765322,29428.363943140812
P0281,523.0602739726028,342.9606498507935,1.64,0.5920399999999999,0.985,2.17009037758456,1166.2034476159843,2024.0222969310528,17.07,medium,4379.560427177068,0.5,130.7650684931507,857.8188493150685,2154.7873654242035,8092.088472114054
P0282,41.367123287671234,27.13918163630961,1.68,0.56616,0.985,2.17009037758456,91.70768894276456,161.20445606605222,141.79,medium,2860.711307342809,0.5,10.341780821917808,69.49676712328767,171.54623688797005,5351.17900423596
P0283,54.27945205479452,36.096234921707655,1.59,0.33072,0.985,2.17009037758456,106.17755441350488,192.4818831806282,6.54,medium,152.76826529015082,0.5,13.56986301369863,86.3043287671233,206.05174619432682,296.46725242439743
P0284,35.15068493150685,23.23415874894846,0.84,0.20748,0.999,3.090232306167813,69.55719153451604,99.0837668769818,17.67,critical,270.39662637127765,0.5,8.787671232876713,29.526575342465755,107.8714381098585,419.339428508264
P0285,85.67123287671232,58.51496821620918,2.89,1.22536,0.97,1.8807936081512509,272.005715555391,519.5955785690896,4.65,low,278.26184701316504,0.5,21.41780821917808,247.58986301369862,541.0133867882678,553.456694684398
P0286,41.31232876712329,27.03835262028898,4.07,1.3593800000000003,0.97,1.8807936081512509,147.24723002400827,315.3884081062001,15.95,low,516.690530154245,0.4,8.262465753424658,168.1411780821918,323.65087385962477,1135.6909163734233
P0287,27.101369863013698,17.94154498865297,1.4,0.1722,0.985,2.17009037758456,47.168310647946406,85.11022845616557,232.15,medium,2409.0271297225668,0.5,6.7753424657534245,37.94191780821917,91.885570921919,4692.871763695169
P0288,164.52602739726026,108.93789190745801,3.36,1.19952,0.97,1.8807936081512509,528.0396124898249,1080.8470645446193,8.18,low,950.2600866366888,0.5,41.131506849315066,552.8074520547945,1121.9785713939345,2019.1126370805246
P0289,31.747945205479454,20.996913101149154,1.19,0.20705999999999997,0.985,2.17009037758456,51.71237709976421,89.49243189428475,3.58,medium,40.7286682037743,0.5,7.936986301369863,37.780054794520545,97.42941819565462,76.73540977089759
P0290,242.4849315068493,160.48158265426542,2.47,0.5681,0.97,1.8807936081512509,540.5109141594814,1139.4486949813993,29.04,low,3453.216128382095,0.5,60.62123287671233,598.9377808219178,1200.0699278581117,7667.006755099904
P0291,82.46301369863014,54.13933871398112,2.04,0.58344,0.97,1.8807936081512509,171.28820660914528,339.51275455435075,52.38,low,1973.8567776811467,0.5,20.615753424657534,168.22454794520547,360.1285079790083,4149.9768745469
P0292,138.9945205479452,92.82205576169484,1.73,0.45845,0.985,2.17009037758456,298.85906069239195,539.3195812403371,78.06,medium,5132.366421082586,0.25,17.37431506849315,240.46052054794518,556.6938963088303,9560.215620090805
P0293,339.61095890410957,222.9399142685714,1.19,0.20705999999999997,0.995,2.5758293035489004,652.0995889403307,1056.236630036221,13.13,high,1883.6548726130395,0.5,84.90273972602739,404.13704109589037,1141.1393697622484,3296.295183495231
P0294,41.1945205479452,27.029246931302776,1.31,0.42837000000000003,0.985,2.17009037758456,77.28870323252049,131.2535251503287,1.91,medium,32.47671309830511,0.5,10.2986301369863,53.964821917808216,141.552155287315,59.480215651729765
P0295,82.91506849315068,54.3926093659369,3.36,1.19952,0.97,1.8807936081512509,264.8695539321355,543.4641840691218,36.62,low,2133.8950742988563,0.5,20.72876712328767,278.59463013698627,564.1929511924095,4545.3640919865275
P0296,27.15068493150685,18.06373882239958,1.64,0.5920399999999999,0.985,2.17009037758456,61.130049661471325,105.65717294914256,11.03,medium,148.3381785085263,0.5,6.787671232876712,44.52712328767123,112.44484418201927,272.85865889208793
P0297,6.23013698630137,4.661824294245116,3.36,1.19952,0.985,2.17009037758456,24.63505519160627,45.56831546557888,52.08,medium,282.25860836334795,0.5,1.5575342465753426,20.933260273972603,47.12584971215422,539.9491356619782
P0298,30.07945205479452,19.947368653094262,1.19,0.20705999999999997,0.985,2.17009037758456,49.11740388945615,84.91195183466162,5.17,medium,55.86613518386742,0.5,7.51986301369863,35.79454794520547,92.43181484836026,105.13194620852495
P0299,31.9013698630137,21.11626952796494,4.07,1.3593800000000003,0.97,1.8807936081512509,114.33333963193503,244.1719149744008,16.78,low,422.0729565852514,0.4,6.38027397260274,129.83857534246576,250.55218894700351,924.9384607167583
P0300,41.40547945205479,27.15340977116526,2.47,0.5681,0.985,2.17009037758456,105.74500408574922,208.01653833232456,6.57,medium,152.84382890554193,0.5,10.351369863013698,102.27153424657534,218.36790819533826,315.6289745055419
P0301,118.62465753424658,78.76560682751781,1.03,0.33990000000000004,0.985,2.17009037758456,194.2914026805521,316.4747999408261,20.57,medium,879.2463136905704,0.5,29.656164383561645,122.18339726027398,346.1309643243877,1566.3810659535843
P0302,82.84657534246575,54.30751390494877,3.66,1.2297600000000002,0.995,2.5758293035489004,374.81884105470823,678.0373068081328,25.95,high,2139.840763581329,0.2,8.284657534246575,303.21846575342465,686.3219643423795,3918.2120944306444
P0303,41.323287671232876,27.115739521924606,4.46,0.85632,0.995,2.5758293035489004,173.3944602950175,357.69632330871616,15.89,high,606.1523542993222,0.5,10.330821917808219,184.30186301369864,368.02714522652434,1286.549294282884
P0304,27.197260273972603,18.04480057074933,1.68,0.21336,0.97,1.8807936081512509,45.32304752400352,91.01444478427749,12.77,low,127.3305697139355,0.5,6.799315068493151,45.69139726027397,97.81375985277064,274.79797693037386
P0305,54.273972602739725,36.03114505702152,3.76,0.7745599999999999,0.97,1.8807936081512509,153.3582358202634,357.42837280656477,126.6,low,4271.333584065976,0.5,13.568493150684931,204.07013698630135,370.99686595724967,10333.004710641317
P0306,41.27945205479452,27.040339009799144,3.24,1.14372,0.985,2.17009037758456,147.15082931960873,280.896253977143,4.4,medium,142.44200278138126,0.5,10.31986301369863,133.74542465753424,291.2161169908416,281.8972012471347
P0307,9.616438356164384,6.847294598876222,3.89,1.31482,0.999,3.090232306167813,57.16948262231685,94.5774278277963,3.08,critical,38.7380414248819,0.4,1.9232876712328768,37.40794520547946,96.50071549902918,65.38888482214219
P0308,35.13972602739726,23.78000556686011,1.68,0.21336,0.985,2.17009037758456,68.83778924439181,127.87252897041921,17.66,medium,267.44857877231107,0.5,8.784931506849315,59.0347397260274,136.65746047726853,530.9415654462837
P0309,534.1698630136987,350.22243900352044,3.89,1.31482,0.985,2.17009037758456,2137.7411099953656,4215.661877118653,34.45,medium,16201.939872654877,0.4,106.83397260273973,2077.920767123288,4322.495849721394,32760.196045038447
P0310,17.545205479452054,11.884575851001653,2.47,0.5681,0.985,2.17009037758456,45.943445054024,89.28010258827058,2.85,medium,28.806540048873046,0.5,4.3863013698630136,43.33665753424658,93.66640395813359,58.72883528174977
P0311,265.2191780821918,175.42286794549818,2.27,0.82855,0.985,2.17009037758456,745.9053079141099,1347.9528421606851,7.27,medium,1193.0009494778274,0.4,53.04383561643836,602.0475342465753,1400.9966777771238,2240.754086436732
P0312,533.8109589041096,350.3480841953509,2.66,0.75012,0.985,2.17009037758456,1514.1516241898944,2934.088774874826,11.79,medium,3927.4064828237483,0.5,133.4527397260274,1419.9371506849316,3067.5415146008536,7956.589180571694
P0313,17.506849315068493,11.883041854981059,1.52,0.36936,0.985,2.17009037758456,34.75178564767452,61.36219660657862,8.32,medium,63.60966844950344,0.5,4.376712328767123,26.610410958904108,65.73890893534575,120.32849891525686
P0314,156.46027397260275,102.85905583883512,1.31,0.42837000000000003,0.985,2.17009037758456,293.9799599710832,498.9429188751928,31.27,medium,2022.4057366250697,0.5,39.11506849315069,204.9629589041096,538.0579873683434,3701.516118301782
P0315,416.2821917808219,274.70953658307604,2.27,0.82855,0.985,2.17009037758456,1169.172572012765,2114.133147355231,38.83,medium,9987.773613676245,0.4,83.25643835616438,944.9605753424657,2197.389585711395,18771.420274898162
P0316,31.86849315068493,21.08536337242835,3.45,1.41795,0.985,2.17009037758456,129.76692819728828,239.7132295671513,756.82,medium,21606.24545161978,0.5,7.967123287671233,109.94630136986302,247.68035285482253,41238.87782246909
P0317,83.10958904109589,54.48045360842822,4.07,1.3593800000000003,0.97,1.8807936081512509,296.45129568132967,634.70732307859,59.41,low,3874.6777248141143,0.4,16.621917808219177,338.2560273972603,651.3292408868092,8513.003444238773
P0318,30.145205479452056,19.950991059521648,4.07,1.57102,0.97,1.8807936081512509,116.89521209097397,239.58619839234385,120.28,low,3093.234344266517,0.5,7.536301369863014,122.69098630136988,247.12249976220687,6539.256739707614
P0319,74.74246575342465,56.13161025418328,2.29,0.85875,0.97,1.8807936081512509,200.24014833101543,371.40039490635786,3.19,low,140.52853609870664,0.5,18.685616438356163,171.16024657534246,390.08601134471405,273.76236276172034
P0320,15.816438356164383,10.76250886968059,3.83,1.27156,0.97,1.8807936081512509,54.77307178338595,115.35003068749555,6.33,low,76.27697976554329,0.5,3.9541095890410958,60.57695890410959,119.30414027653663,166.1429457491049
P0321,82.66849315068494,54.246205307888445,2.04,0.58344,0.995,2.5758293035489004,235.08367386938662,403.7273998967839,21.53,high,1113.4973296497367,0.5,20.667123287671235,168.64372602739726,424.3945231844551,2010.1870985154903
P0322,41.49589041095891,27.24054649185237,1.7,0.6987,0.97,1.8807936081512509,86.23156552234046,156.7745792209706,12.22,low,231.8249407502601,0.5,10.373972602739727,70.54301369863013,167.1485518237103,449.3621667228628
P0323,41.95890410958904,28.193716837717496,2.66,0.75012,0.985,2.17009037758456,120.92334723039563,232.53403216190247,12.67,medium,337.06173807000476,0.5,10.48972602739726,111.61068493150685,243.02375818929974,677.4044235768541
P0324,41.320547945205476,27.134964665376643,2.04,0.58344,0.97,1.8807936081512509,85.8446505653696,170.13856837358878,8.53,low,161.09607125097259,0.5,10.330136986301369,84.29391780821918,180.46870535989015,338.66757247836983
P0325,41.43013698630137,27.195136750773493,4.07,1.57102,0.985,2.17009037758456,184.73147703585187,353.3521345700984,3.58,medium,145.49451131343693,0.5,10.357534246575343,168.6206575342466,363.7096688166738,286.45773516001225
P0326,30.197260273972603,19.999848712358705,1.4,0.1722,0.97,1.8807936081512509,45.56923430717267,87.84539869073431,23.42,low,234.7909228442765,0.5,7.549315068493151,42.27616438356164,95.39471375922747,491.5117231730437
P0327,96.20821917808219,63.74710024308853,2.36,0.45311999999999997,0.985,2.17009037758456,232.62255773300194,459.67395499327586,6.82,medium,349.0268856225961,0.5,24.052054794520547,227.05139726027394,483.72600978779644,725.7825050856098
P0328,41.21095890410959,27.010414971546066,2.36,0.45311999999999997,0.97,1.8807936081512509,85.58060444781349,182.8384674615121,17.78,low,334.7570923580672,0.5,10.302739726027397,97.25786301369862,193.14120718753952,755.4911460347796
P0329,38.443835616438356,27.32889318706571,1.19,0.20705999999999997,0.985,2.17009037758456,66.9618959618121,112.71006034537375,7.58,medium,111.66565770591787,0.5,9.610958904109589,45.748164383561644,122.32101924948334,203.98253170043844
P0330,30.13150684931507,19.922355303905093,2.04,0.58344,0.985,2.17009037758456,72.58393718803612,134.05221116063888,29.05,medium,463.88394256873886,0.5,7.532876712328767,61.468273972602745,141.58508787296762,904.8702965961361
P0331,237.5808219178082,157.05041244381738,3.83,1.27156,0.995,2.5758293035489004,1110.0888098288005,2020.023357774006,26.82,high,6549.968013513855,0.5,59.39520547945205,909.9345479452055,2079.418563253458,12269.401290620706
P0332,67.01643835616439,47.61117415966824,2.66,0.75012,0.985,2.17009037758456,200.74053589120902,379.0042619186063,4.55,medium,200.94127642710023,0.5,16.754109589041096,178.26372602739727,395.7583715076474,396.15412987915505
P0333,396.3424657534247,262.0911792509548,2.36,0.45311999999999997,0.97,1.8807936081512509,829.1835102158032,1764.5517293938854,7.02,low,1280.5910131772862,0.5,99.08561643835617,935.3682191780822,1863.6373458322414,2878.2015169033134
P0334,63.66575342465753,41.99827383677458,3.24,1.14372,0.999,3.090232306167813,324.3570935742717,530.6341346701621,2.48,critical,176.96923025412264,0.5,15.916438356164383,206.2770410958904,546.5505730263264,298.19799264316373
P0335,156.62739726027397,102.76941711171598,1.73,0.45845,0.97,1.8807936081512509,287.87550160819876,558.8408988684728,55.65,low,3524.459766189177,0.25,19.578424657534246,270.96539726027396,578.419323526007,7081.587777928904
P0336,41.40547945205479,27.196072207572445,4.07,1.3593800000000003,0.995,2.5758293035489004,202.4668737888573,370.98717515872033,3.84,high,171.04401497682665,0.4,8.281095890410958,168.520301369863,379.2682710491313,320.40583538230607
P0337,555.213698630137,364.7601474893432,1.73,0.45845,0.985,2.17009037758456,1178.5926278671839,2139.1123264973207,160.99,medium,41743.15797527434,0.25,69.40171232876712,960.5196986301369,2208.514038826088,78220.70852433462
P0338,82.3917808219178,53.96297508025543,1.31,0.42837000000000003,0.995,2.5758293035489004,183.2354832936169,291.1687161703292,16.97,high,684.0913533283893,0.5,20.59794520547945,107.93323287671232,311.76666137580867,1163.949653580444
P0339,27.175342465753424,18.061766588950086,1.59,0.33072,0.995,2.5758293035489004,63.06708935890698,106.27588387945494,37.0,high,513.3661073815028,0.5,6.793835616438356,43.20879452054795,113.06971949589328,920.3875166965714
P0340,175.21369863013697,114.63333006278128,4.07,1.3593800000000003,0.985,2.17009037758456,720.4364122034476,1433.5561656281052,1.87,medium,296.3875399804984,0.4,35.0427397260274,713.1197534246576,1468.5989053541325,604.1815896626902
P0341,244.17808219178082,160.4673585021688,1.52,0.36936,0.97,1.8807936081512509,408.93237838101186,780.0830633125188,52.61,low,4733.065133857507,0.5,61.044520547945204,371.1506849315069,841.1275838604639,9735.378881117782
P0342,57.43287671232877,39.1416701831152,3.66,1.2297600000000002,0.985,2.17009037758456,223.38004571190848,433.5843744790318,74.0,medium,3636.6271441898703,0.2,5.743287671232878,210.20432876712331,439.3276621502647,7152.254339806309
P0343,63.602739726027394,42.10117971188718,1.59,0.33072,0.985,2.17009037758456,123.91859015233433,225.04694631671788,30.83,medium,840.4902295672227,0.5,15.900684931506849,101.12835616438356,240.94763124822475,1634.251403704209
P0344,54.14520547945205,35.97562148122544,2.87,1.18244,0.985,2.17009037758456,191.82282041752634,347.21956014355374,42.96,medium,1812.955840330125,0.5,13.536301369863013,155.3967397260274,360.7558615134168,3409.5757983356048
P0345,82.7972602739726,54.21170845059783,4.31,1.0430199999999998,0.985,2.17009037758456,307.85170393423095,664.7078957150528,33.14,medium,2244.4852030436914,0.5,20.69931506849315,356.85619178082186,685.4072107835459,4997.1668923806765
P0346,90.93698630136986,60.94474958420684,3.89,1.31482,0.985,2.17009037758456,367.9212344772952,721.666111189624,1.71,medium,138.41196841035844,0.4,18.187397260273972,353.74487671232873,739.8535084498978,278.3328898788516
P0347,185.55342465753424,121.71672896727158,1.04,0.2496,0.995,2.5758293035489004,341.2615104842706,534.2370721281062,7.06,high,530.0473780841692,0.5,46.38835616438356,192.97556164383562,580.6254282924898,901.8274152238952
P0348,82.73698630136987,54.189095824504065,1.59,0.33072,0.985,2.17009037758456,159.7294120303099,291.281220249488,12.58,medium,442.0671207350857,0.5,20.684246575342467,131.5518082191781,311.96546682483046,863.3956259844008
P0349,105.0958904109589,70.53565935969294,1.73,0.45845,0.97,1.8807936081512509,196.61861876385123,378.43450917481016,7.59,low,328.3137696118788,0.25,13.136986301369863,181.8158904109589,391.57149547617996,653.8460831461252
P0350,31.605479452054794,21.5703034719297,0.76,0.21356000000000003,0.985,2.17009037758456,43.35671501323283,67.37687939679446,40.25,medium,383.9237114421767,0.3333333333333333,5.267579908675799,24.020164383561642,72.64445930547026,643.2666871499391
P0351,9.567123287671233,6.785084943521514,1.52,0.36936,0.985,2.17009037758456,19.70651642710792,34.2485438243682,19.23,medium,83.37038839652277,0.5,2.3917808219178083,14.542027397260274,36.640324646286004,155.01055744857757
P0352,27.117808219178084,17.987475362267325,3.58,1.5036,0.985,2.17009037758456,115.25719362962526,212.3389470542828,28.59,medium,724.9446964916169,0.5,6.779452054794521,97.08175342465755,219.11839910907733,1378.2109067162746
P0353,41.24657534246575,27.021959335259595,1.64,0.5920399999999999,0.985,2.17009037758456,91.9110383138272,159.55542187547104,4.44,medium,89.77870222494643,0.5,10.311643835616438,67.64438356164383,169.8670657110875,165.9261497865903
P0354,20.46027397260274,13.80482814614195,3.58,1.5036,0.985,2.17009037758456,87.57814299317242,160.82592381509022,44.05,medium,848.7197837468339,0.5,5.115068493150685,73.2477808219178,165.9409923082409,1608.1341564591626
P0355,25.572602739726026,17.092775771996504,3.86,1.38188,0.985,2.17009037758456,105.79145678143844,204.5017033567809,64.49,medium,1500.9480305236923,0.5,6.3931506849315065,98.71024657534245,210.8948540417124,2992.134010173007
P0356,82.87945205479453,54.42311584391755,1.52,0.36936,0.985,2.17009037758456,160.04570368469996,286.02247080798765,2.49,medium,87.67303647847865,0.5,20.71986301369863,125.97676712328769,306.7423338216863,168.03345046751977
P0357,82.84657534246575,54.2667761122137,3.83,1.27156,0.985,2.17009037758456,324.6178320680765,641.9202156297204,15.28,medium,1091.235304280046,0.5,20.71164383561644,317.30238356164386,662.6318594653368,2227.5032587786764
P0358,17.567123287671233,11.896717328124925,4.16,0.9193600000000001,0.985,2.17009037758456,63.25400719338852,136.33324007010083,1.46,medium,20.31718711051639,0.5,4.391780821917808,73.07923287671233,140.72502089201865,45.20087671051639
P0359,20.46301369863014,13.791695092700955,1.4,0.1722,0.97,1.8807936081512509,31.399221213494346,60.047440391576544,33.02,low,228.09650258330834,0.5,5.115753424657535,28.648219178082194,65.16319381623407,473.3715051586508
P0360,20.526027397260275,13.852540007867763,3.7,1.2913,0.97,1.8807936081512509,70.68712912692618,146.6334304967892,8.42,low,130.94083799471807,0.5,5.131506849315069,75.94630136986302,151.76493734610426,281.1293699399235
P0361,35.33972602739726,23.376861973945704,1.94,0.50052,0.999,3.090232306167813,114.50720244033438,183.06627093348507,9.75,critical,245.61794923451728,0.5,8.834931506849315,68.55906849315069,191.90120244033437,411.6280792345172
P0362,25.643835616438356,17.168980672583366,1.04,0.2496,0.985,2.17009037758456,40.45538749116184,67.12497653225773,3.92,medium,34.888726172377964,0.5,6.410958904109589,26.66958904109589,73.53593543636731,63.41739072032317
P0363,158.15616438356165,105.09229458362789,3.66,1.2297600000000002,0.985,2.17009037758456,607.0454340909599,1185.8969957347956,61.98,medium,8277.428721090691,0.2,15.815616438356166,578.8515616438357,1201.7126121731517,16386.07249454823
P0364,184.65753424657535,121.06423905274357,2.87,1.18244,0.985,2.17009037758456,650.084150931159,1180.0512742188303,36.28,medium,5188.711659072139,0.5,46.16438356164384,529.9671232876713,1226.215657780474,9787.162894140632
P0365,60.224657534246575,39.97442788635237,3.24,1.14372,0.995,2.5758293035489004,256.5744281879728,451.7023185989317,69.44,high,3919.636224542023,0.5,15.056164383561644,195.1278904109589,466.7584829824933,7130.575992826954
P0366,324.07397260273973,212.63026390522552,4.16,0.9193600000000001,0.995,2.5758293035489004,1355.3097552746315,2703.457481302029,10.62,high,3166.5457122236485,0.5,81.01849315068493,1348.1477260273973,2784.4759744527137,6505.64966671132
P0367,41.45753424657534,27.18003629549151,1.94,0.50052,0.97,1.8807936081512509,81.19626870259593,161.6238851409521,85.43,low,1526.0513917578096,0.5,10.364383561643836,80.42761643835617,171.98826870259592,3232.4507149578094
P0368,41.53150684931507,27.23861228287509,2.04,0.58344,0.985,2.17009037758456,99.462842429605,184.18711640220775,11.91,medium,260.61253973405104,0.5,10.382876712328768,84.72427397260275,194.56999311453652,509.8122959587086
P0369,19.293150684931508,13.715479431464436,2.94,0.8761199999999999,0.985,2.17009037758456,62.849188088181535,119.57105110188016,123.7,medium,1710.3778046317723,1.0,9.646575342465754,56.72186301369863,129.2176264443459,3516.5284860564298
P0370,109.95068493150686,73.97024038383049,1.73,0.45845,0.97,1.8807936081512509,206.08826828457836,396.30295321608526,92.66,low,4201.150566634787,0.25,13.743835616438357,190.21468493150687,410.0467888325236,8358.88579970876
P0371,23.84109589041096,16.04978377534368,1.31,0.42837000000000003,0.97,1.8807936081512509,39.53031208062486,70.76214769706321,32.27,low,280.6414975851882,0.5,5.96027397260274,31.231835616438357,76.72242166966596,544.6831604016265
P0372,41.33698630136986,27.071717464857386,1.68,0.56616,0.985,2.17009037758456,91.52924540139472,160.97538238769607,6.99,medium,140.75367357826482,0.5,10.334246575342465,69.44613698630137,171.30962896303856,263.43994741936075
P0373,172.0958904109589,113.82051182294126,3.24,1.14372,0.999,3.090232306167813,877.9545747737305,1435.5452597052374,136.51,critical,26366.907380519628,0.5,43.023972602739725,557.5906849315069,1478.569232307977,44404.68689851962
P0374,41.47123287671233,27.234883292963342,3.45,1.41795,0.97,1.8807936081512509,145.89098341503532,288.9667368396929,88.61,low,2844.0280088893815,0.5,10.367808219178082,143.07575342465753,299.33454505887096,5835.287488286643
P0375,41.36986301369863,27.14972064359299,2.29,0.71677,0.995,2.5758293035489004,130.51239368032094,225.2493799816908,6.86,high,196.96930454234038,0.5,10.342465753424657,94.73698630136985,235.59184573511544,355.5552135834362
P0376,82.6109589041096,54.140302982574916,1.52,0.36936,0.97,1.8807936081512509,138.03585513853216,263.60451267277875,56.03,low,1701.5127719506306,0.5,20.6527397260274,125.56865753424658,284.25725239880614,3503.925447419124
P0377,53.778082191780825,36.6595948138588,2.31,0.36729,0.995,2.5758293035489004,152.27087011723236,276.49823998024607,10.85,high,363.47056696983367,0.5,13.444520547945206,124.2273698630137,289.9427605281913,692.0933693807926
P0378,180.25205479452055,119.33235529024752,1.52,0.36936,0.995,2.5758293035489004,415.9604441496779,689.9435674373492,7.69,high,703.7218794124251,0.5,45.06301369863014,273.9831232876712,735.0065811359793,1243.4841339658499
P0379,41.43835616438356,27.197177001498158,3.76,0.7745599999999999,0.97,1.8807936081512509,116.1137736599566,271.9219928380388,7.27,low,185.71236959173459,0.5,10.35958904109589,155.8082191780822,282.2815818791347,451.48116205748806
P0380,27.08219178082192,18.00850945429179,2.04,0.58344,0.985,2.17009037758456,65.50839124718257,120.75606248005928,30.31,medium,436.82305451446285,0.5,6.77054794520548,55.24767123287672,127.52661042526478,850.3729436377506
P0381,190.93698630136987,126.08308300705134,1.7,0.6987,0.97,1.8807936081512509,398.1885333941084,722.7814101064371,47.24,low,4138.2937898582895,0.5,47.73424657534247,324.59287671232875,770.5156566817795,8007.815116762399
P0382,173.6767123287671,115.39063910715257,3.58,1.5036,0.985,2.17009037758456,738.666241979974,1360.42887211696,148.48,medium,24128.975994021035,0.5,43.41917808219178,621.7626301369862,1403.848050199152,45857.53886858542
P0383,70.51780821917808,46.61907636254911,1.4,0.1722,0.985,2.17009037758456,122.56938805718943,221.29431956403874,32.41,medium,873.944250725372,0.5,17.62945205479452,98.7249315068493,238.92377161883326,1703.5742763966048
P0384,160.9753424657534,105.6642357139681,2.36,0.45311999999999997,0.97,1.8807936081512509,334.70542716897467,714.6072353881527,4.73,low,348.29446751203506,0.5,40.24383561643835,379.90180821917806,754.8510710045911,785.4980244873775
P0385,23.893150684931506,16.05509340946269,0.85,0.32384999999999997,0.97,1.8807936081512509,31.41401799287671,51.723196075068486,25.66,low,177.3384143733876,0.5,5.973287671232876,20.309178082191778,57.69648374630136,325.7081900446205
P0386,31.720547945205478,20.97522713929661,2.04,0.58344,0.985,2.17009037758456,76.4176647622741,141.12758257049327,84.91,medium,1427.4972612922327,0.5,7.9301369863013695,64.70991780821917,149.05771955679464,2784.428012864835
P0387,51.00547945205479,34.158244746749425,4.46,0.85632,0.995,2.5758293035489004,217.2196338997902,444.70407225595454,145.33,high,6945.076466824433,0.5,12.751369863013698,227.48443835616436,457.4554421189683,14626.039868692926
P0388,124.03287671232877,82.54848068501981,1.19,0.20705999999999997,0.97,1.8807936081512509,176.11839434533783,323.71751763300904,8.49,low,328.953936958222,0.5,31.008219178082193,147.59912328767123,354.7257368110912,662.5567312157563
P0389,41.42739726027397,27.188562460098836,2.29,0.71677,0.985,2.17009037758456,110.11017354711795,204.97891327314534,33.16,medium,803.2757380609348,0.5,10.356849315068493,94.8687397260274,215.33576258821384,1570.9174552335373
P0390,82.85479452054794,54.28185761592113,1.34,0.19698,0.985,2.17009037758456,140.88388783215908,251.90931248969332,35.39,medium,1096.8937738836241,0.6666666666666666,27.618264840182647,111.02542465753424,279.52757732987595,2176.345811574948
P0391,176.72054794520548,115.65600633731364,3.36,1.4414399999999998,0.995,2.5758293035489004,853.6565428588065,1447.437583954697,54.58,high,10250.366304031404,0.5,44.18013698630137,593.7810410958904,1491.6177209409982,17910.74894597113
P0392,40.912328767123284,27.630270593651964,1.73,0.45845,0.985,2.17009037758456,88.74938169301332,159.5277104601366,14.62,medium,285.453511277408,0.25,5.114041095890411,70.77832876712328,164.64175155602703,529.5537297048054
P0393,500.986301369863,327.9764252596789,0.76,0.21356000000000003,0.97,1.8807936081512509,574.1785438052532,954.9281328463491,24.53,low,3098.6119294994296,0.3333333333333333,83.49771689497716,380.7495890410959,1038.4258497413261,5603.968940714041
P0394,35.15890410958904,23.216656556293106,2.29,0.71677,0.985,2.17009037758456,93.82781244495983,174.34170285591873,26.68,medium,550.7317279269363,0.5,8.78972602739726,80.5138904109589,183.131428883316,1074.9082349735115
P0395,57.087671232876716,39.85589407652108,2.29,0.85875,0.985,2.17009037758456,168.66787337787727,299.39864050116495,41.21,medium,1529.176673618511,0.5,14.271917808219179,130.73076712328768,313.6705583093841,2843.800015744538
P0396,59.95068493150685,39.73853806441063,2.66,0.75012,0.985,2.17009037758456,171.187842245114,330.6566641629222,8.81,medium,331.79627583947996,0.5,14.987671232876712,159.4688219178082,345.644335395799,669.9278508641377
P0397,27.221917808219178,18.079268731073412,1.92,0.816,0.995,2.5758293035489004,86.2419140784752,138.50799627025603,2.64,high,50.0893036967784,0.5,6.8054794520547945,52.26608219178082,145.3134757223108,84.39806669951813
P0398,83.08219178082192,54.59354141667005,1.73,0.45845,0.995,2.5758293035489004,209.37168661865968,353.1038783994816,16.24,high,748.0431619511472,0.25,10.38527397260274,143.73219178082192,363.48915237208433,1298.6740435949828
P0399,82.62191780821918,54.181923525944036,2.47,0.5681,0.995,2.5758293035489004,250.45568173190694,454.53181871820834,1.96,high,107.99648996279826,0.5,20.655479452054795,204.07613698630138,475.1872981702631,204.90076297101746
P0400,41.512328767123286,27.232172034888606,3.45,1.41795,0.985,2.17009037758456,168.4201609329485,311.63769517952386,19.42,medium,719.5582955699292,0.5,10.378082191780821,143.21753424657535,322.0157773713047,1375.7802072411623
P0401,83.02465753424657,54.46106528607326,1.7,0.6987,0.995,2.5758293035489004,236.1811464003717,377.32306420859084,38.21,high,1985.3859528708044,0.5,20.756164383561643,141.14191780821918,398.0792285921525,3346.3336113913524
P0402,15.852054794520548,10.792499807037357,3.89,1.31482,0.985,2.17009037758456,64.64952161418303,126.31401476486796,5.62,medium,79.9326685237759,0.4,3.17041095890411,61.66449315068493,129.48442572377206,160.09454396487178
P0403,239.2986301369863,156.77335822698532,4.31,1.0430199999999998,0.97,1.8807936081512509,771.4177232361305,1802.7948191265414,7.63,low,1294.9017902241687,0.5,59.824657534246576,1031.3770958904108,1862.619476660788,3126.593053522799
P0404,35.01917808219178,23.15421696060696,3.49,1.47278,0.985,2.17009037758456,146.07606531693702,268.2929968237863,56.84,medium,1826.6519815752342,0.5,8.754794520547945,122.21693150684932,277.04779134433426,3464.4272212026312
P0405,82.93698630136986,54.418947458959735,4.07,1.3593800000000003,0.985,2.17009037758456,341.497656548599,679.0511907951743,4.36,medium,327.5645521614162,0.4,16.58739726027397,337.55353424657534,695.6385880554483,667.256533662786
P0406,28.457534246575342,19.785705780790742,4.32,1.83168,0.995,2.5758293035489004,171.0202077209866,293.95675566619207,23.47,high,883.0457405465421,0.3333333333333333,4.742922374429224,122.93654794520549,298.6996780406213,1542.3059175949438
P0407,317.76438356164385,208.42417479762815,1.68,0.21336,0.985,2.17009037758456,604.4271145507772,1138.2712789343389,45.46,medium,6044.996458045233,0.5,79.44109589041096,533.8441643835616,1217.71237482475,12178.58500309729
P0408,41.465753424657535,27.196922393651203,0.84,0.20748,0.97,1.8807936081512509,49.59528264109222,84.42651551780455,18.41,low,200.8708137529517,0.5,10.366438356164384,34.83123287671233,94.79295387396894,383.930421780349
P0409,82.92054794520548,54.38140377575783,1.02,0.40800000000000003,0.999,3.090232306167813,199.33938334069293,283.91834224480255,45.79,critical,2008.1050798974725,0.5,20.73013698630137,84.5789589041096,304.6484792311039,3068.9678500782948
P0410,70.2958904109589,46.3840881866943,1.68,0.21336,0.985,2.17009037758456,134.46581927530013,252.5629151657111,39.84,medium,1178.5660127841506,0.5,17.573972602739726,118.09709589041096,270.13688776845083,2367.695793912918
P0411,223.03835616438357,150.2101775042617,4.46,0.85632,0.97,1.8807936081512509,696.4257392488666,1691.1768077420174,100.51,low,15399.505231418789,0.5,55.75958904109589,994.7510684931507,1746.9363967831132,38628.606992947556
P0412,35.0027397260274,23.744345611476348,4.07,1.3593800000000003,0.97,1.8807936081512509,126.98756330945965,269.4487139943912,8.93,low,249.4797668777644,0.4,7.00054794520548,142.46115068493154,276.4492619395967,543.1122200065316
P0413,154.75616438356164,102.37961703995396,4.46,0.85632,0.995,2.5758293035489004,653.2134279937552,1343.42592114444,34.14,high,4906.155414975497,0.5,38.68904109589041,690.2124931506848,1382.1149622403304,10380.789058394674
P0414,22.7013698630137,15.840764053877821,4.32,1.83168,0.995,2.5758293035489004,136.61733314105578,234.68725094927498,19.74,high,593.301754364977,0.3333333333333333,3.7835616438356166,98.06991780821919,238.47081259311057,1035.6310449293605
P0415,70.2958904109589,46.555592546444885,3.83,1.27156,0.985,2.17009037758456,276.98199262770555,546.2152529016782,17.69,medium,1077.9585189085046,0.5,17.573972602739726,269.23326027397263,563.7892255044179,2194.1549078180938
P0416,31.654794520547945,21.532654993527846,2.35,0.24205,0.985,2.17009037758456,73.53682566133259,147.92559278462028,7.95,medium,128.61590808167068,0.5,7.913698630136986,74.38876712328768,155.83929141475727,272.56292068441047
P0417,219.1095890410959,143.64633018990932,3.66,1.2297600000000002,0.97,1.8807936081512509,723.8634723962265,1525.8045682866375,121.47,low,19344.09311823332,0.2,21.91095890410959,801.941095890411,1547.7155271907473,41360.22111932922
P0418,79.03835616438356,55.01826527412417,2.94,0.8761199999999999,0.985,2.17009037758456,253.9521938636425,486.32496098693014,1.85,medium,103.3585429025025,1.0,39.51917808219178,232.37276712328764,525.8441390691219,214.01856460113262
P0419,305.5342465753425,200.52727762377557,1.94,0.50052,0.97,1.8807936081512509,598.8963944126322,1191.6328327687966,15.93,low,2098.892303858511,0.5,76.38356164383562,592.7364383561644,1268.016394412632,4443.89025585851
P0420,60.227397260273975,39.93408463280312,3.89,1.31482,0.985,2.17009037758456,242.37367167979352,476.6582470222593,13.73,medium,732.1139126759842,0.4,12.045479452054796,234.28457534246576,488.70372647431407,1476.1784761883132
P0421,366.05479452054794,240.46224318155535,1.04,0.2496,0.995,2.5758293035489004,674.0751544520967,1054.7721407534666,2.38,high,352.94575087111787,0.5,91.51369863013699,380.69698630136986,1146.2858393836036,600.1952655012549
P0422,9.602739726027398,6.847915633040187,1.07,0.41516000000000003,0.97,1.8807936081512509,15.287750597408593,25.56268210425791,21.22,low,71.36933488894226,0.5,2.4006849315068495,10.274931506849317,27.963367035764758,130.54418266976418
P0423,6.210958904109589,4.663617707524156,2.29,0.85875,0.985,2.17009037758456,19.196888004688887,33.41998389509985,28.9,medium,122.05381393381192,0.5,1.5527397260273972,14.223095890410958,34.972723621127244,222.356576783127
P0424,121.2,80.23280686043145,3.83,1.27156,0.97,1.8807936081512509,413.7990031568257,877.9950031568258,180.39,low,16421.944479481153,0.5,30.3,464.196,908.2950031568257,36046.41383628115
P0425,41.37260273972603,27.198867039035566,2.66,0.75012,0.985,2.17009037758456,117.48480259812322,227.53592588579446,39.15,medium,1011.8966047776353,0.5,10.343150684931507,110.05112328767123,237.87907657072594,2048.8524865036625
P0426,41.41095890410959,27.164858731496338,3.66,1.2297600000000002,0.97,1.8807936081512509,136.84932506716194,288.4134346562031,14.78,low,444.9792653883838,0.2,4.141095890410959,151.56410958904112,292.55453054661405,951.2703115253701
P0427,172.35616438356163,113.23957995667466,3.66,1.2297600000000002,0.995,2.5758293035489004,780.6869533579946,1411.5105150018303,21.55,high,3701.236845870253,0.2,17.235616438356164,630.8235616438357,1428.7461314401864,6773.685409157924
P0428,156.26575342465753,105.8445005750039,1.31,0.42837000000000003,0.97,1.8807936081512509,260.3178105817166,465.025947568018,10.14,low,580.7169718456935,0.5,39.06643835616438,204.70813698630138,504.0923859241824,1124.529294519666
P0429,54.26575342465753,36.03681046604163,4.32,1.83168,0.97,1.8807936081512509,234.08165207331407,468.50970686783467,10.94,low,563.3877202100523,0.3333333333333333,9.04429223744292,234.42805479452056,477.55399910527757,1149.376965046582
P0430,41.59452054794521,27.258025788620877,2.89,1.22536,0.97,1.8807936081512509,129.55697130739017,249.7651356909518,49.39,low,1407.74013883184,0.5,10.398630136986302,120.20816438356165,260.1637658279381,2826.8874467332103
P0431,82.53150684931506,54.03857209273824,3.66,1.2297600000000002,0.985,2.17009037758456,314.392350073951,616.4576651424441,33.22,medium,2297.705051280463,0.2,8.253150684931507,302.06531506849313,624.7108158273757,4565.636526392792
P0432,63.635616438356166,42.1046751921837,2.35,0.24205,0.995,2.5758293035489004,170.9260445329788,320.4697431631158,20.03,high,753.2027078390245,0.5,15.908904109589042,149.543698630137,336.3786472727048,1482.2861470719013
P0433,178.33972602739726,118.53512802898477,0.84,0.20748,0.985,2.17009037758456,249.05629953555615,398.8616693985698,22.01,medium,1205.9804136110702,0.5,44.584931506849315,149.80536986301368,443.44660090541913,2147.257130904221
P0434,504.9835616438356,330.8905893896357,2.27,0.82855,0.985,2.17009037758456,1412.3956117553564,2558.7082966868634,24.81,medium,7709.137728083087,0.4,100.99671232876713,1146.312684931507,2659.705009015631,14517.201880209115
P0435,41.36986301369863,27.13403181750716,1.7,0.6987,0.97,1.8807936081512509,85.92450035885776,156.25326748214542,3.19,low,60.301814351846375,0.5,10.342465753424657,70.32876712328766,166.5957332355701,116.91688558472309
P0436,82.73150684931507,54.17725506270838,1.64,0.5920399999999999,0.985,2.17009037758456,184.3014043501286,319.9810755830053,355.46,medium,14412.590981865276,0.5,20.682876712328767,135.6796712328767,340.66395229533407,26640.329866237877
P0437,82.52602739726028,54.185502570755965,1.52,0.36936,0.97,1.8807936081512509,138.1066805381599,263.5462421819955,116.14,low,3528.7361730944162,0.5,20.63150684931507,125.43956164383563,284.1777490313106,7260.968829949211
P0438,35.16164383561644,23.815999274987497,2.04,0.58344,0.985,2.17009037758456,86.20327286446974,157.93302628912727,3.35,medium,63.5318121011142,0.5,8.79041095890411,71.72975342465753,166.72343724803136,122.87517325179913
P0439,54.06027397260274,35.95138177557414,3.76,0.7745599999999999,0.985,2.17009037758456,176.4745044958041,379.74113463279036,9.02,medium,350.1960067214737,0.5,13.515068493150684,203.26663013698627,393.25620312594106,780.3776094831175
P0440,41.6,27.258106970301434,4.07,1.3593800000000003,0.985,2.17009037758456,171.17534674177028,340.4873467417703,119.62,medium,4504.718894995123,0.4,8.32,169.312,348.8073467417703,9179.353659795124
P0441,60.03013698630137,39.846293569727656,0.76,0.21356000000000003,0.97,1.8807936081512509,69.64083574001994,115.26373984960898,5.64,low,86.41034898621673,0.3333333333333333,10.005022831050228,45.622904109589044,125.26876268065921,155.43348073416192
P0442,82.84657534246575,54.33553186065413,3.66,1.2297600000000002,0.97,1.8807936081512509,273.753510049269,576.9719758026936,1.77,low,106.59961681318535,0.2,8.284657534246575,303.21846575342465,585.2566333369402,227.8989330214045
P0443,31.693150684931506,20.962527587295163,3.36,1.4414399999999998,0.97,1.8807936081512509,112.27383101494515,218.76281731631502,33.43,low,825.7291175825155,0.5,7.923287671232877,106.48898630136986,226.68610498754788,1667.1856277414197
P0444,35.1945205479452,23.330708260039998,1.04,0.2496,0.995,2.5758293035489004,65.32981495989917,101.93211632976218,11.55,high,166.0030598131038,0.5,8.7986301369863,36.602301369863014,110.73074646674849,281.3668267720079
P0445,94.94520547945206,63.94651147616575,2.29,0.85875,0.999,3.090232306167813,391.0333728991837,608.4578934471289,25.3,critical,2176.4917535568566,0.5,23.736301369863014,217.4245205479452,632.194194816992,3518.7928883513773
P0446,41.47397260273973,27.173890726155676,3.24,1.14372,0.985,2.17009037758456,147.86143413910494,282.23710537198167,2.26,medium,73.51670505396298,0.5,10.368493150684932,134.37567123287673,292.6055985226666,145.4835035854698
P0447,63.56438356164384,42.00751296573938,2.01,0.38391,0.97,1.8807936081512509,121.05087973485593,248.81529069376,33.35,low,888.150304614638,0.6666666666666666,21.188127853881277,127.7644109589041,270.0034185476413,1981.015081884044
P0448,41.31506849315068,27.104841581383376,1.73,0.45845,0.97,1.8807936081512509,75.92772763574354,147.40279612889424,50.87,low,849.7375710626602,0.25,5.164383561643835,71.47506849315069,152.56717969053807,1707.4403347886878
P0449,76.27671232876712,51.694183469188665,3.36,1.4414399999999998,0.999,3.090232306167813,448.5365402150032,704.8262936396607,27.09,critical,2673.188072373376,0.5,19.06917808219178,256.28975342465753,723.8954717218526,4314.272232367897
P0450,108.04931506849314,71.50334489080589,2.66,0.75012,0.97,1.8807936081512509,267.10548578240736,554.5166638645992,5.06,low,297.3418267729759,0.5,27.012328767123286,287.4111780821918,581.5289926317224,647.3580745976334
P0451,25.542465753424658,17.05329330612347,3.45,1.41795,0.97,1.8807936081512509,90.4943259517727,178.61583280108778,7.32,low,145.73206251273476,0.5,6.385616438356164,88.12150684931507,185.00144923944393,297.92633385520054
P0452,82.98082191780821,54.399591590899476,0.85,0.32384999999999997,0.985,2.17009037758456,123.47784860760581,194.01154723774277,24.83,medium,674.5100958039075,0.5,20.745205479452054,70.53369863013698,214.75675271719484,1173.1302373929484
P0453,82.92876712328767,54.51862641541047,4.31,1.0430199999999998,0.995,2.5758293035489004,366.9282201819416,724.3512064833114,37.3,high,3011.0129748130125,0.5,20.732191780821918,357.4229863013698,745.0833982641333,6114.154366155477
P0454,14.273972602739725,9.94995758173713,3.58,1.5036,0.985,2.17009037758456,61.954396242837475,113.0552181606457,1.37,medium,18.673055027591218,0.5,3.5684931506849313,51.10082191780822,116.62371131133062,35.150386589235055
P0455,195.3041095890411,129.18450094830527,1.07,0.41516000000000003,0.97,1.8807936081512509,293.9771507135404,502.95254797381443,18.71,low,1210.0687477670751,0.5,48.826027397260276,208.975397260274,551.7785753710747,2271.2309719424175
P0456,334.8794520547945,219.39297308041014,2.47,0.5681,0.985,2.17009037758456,854.5923905918557,1681.744637167198,4.88,medium,917.4903905394162,0.5,83.71986301369863,827.1522465753425,1765.4645001808967,1895.4026873942105
P0457,40.87945205479452,27.52993854301981,3.66,1.2297600000000002,0.97,1.8807936081512509,136.93895835031063,286.55775287085856,20.17,low,607.6529337836685,0.2,4.0879452054794525,149.61879452054794,290.645698076338,1289.7112206439426
P0458,149.41095890410958,100.81111099156035,1.68,0.56616,0.97,1.8807936081512509,292.7592407092039,543.7696516681079,171.81,low,11065.772332174629,0.5,37.352739726027394,251.0104109589041,581.1223913941353,21965.380374393808
P0459,41.42739726027397,27.154185621715186,3.49,1.47278,0.97,1.8807936081512509,149.2358578631332,293.81747430148937,120.93,low,3970.3603041055135,0.5,10.356849315068493,144.58161643835618,304.1743236165579,8092.436210089077
P0460,70.27397260273973,46.49207077437352,1.92,0.816,0.985,2.17009037758456,187.16181378627314,322.08784118353344,93.52,medium,3850.742021564298,0.5,17.568493150684933,134.92602739726027,339.65633433421834,6988.225285125942
P0461,82.8054794520548,54.33309934265516,1.68,0.21336,0.97,1.8807936081512509,136.55701633466447,275.67022181411653,28.14,low,845.3971767246408,0.5,20.7013698630137,139.11320547945206,296.37159167713025,1834.777249754778
P0462,111.53150684931506,75.65187198847448,4.07,1.3593800000000003,0.97,1.8807936081512509,404.6118259753323,858.5450588520446,16.53,low,1471.4113663418937,0.4,22.306301369863014,453.93323287671234,880.8513602219077,3203.3040565829897
P0463,35.29041095890411,23.31869601032308,3.66,1.2297600000000002,0.985,2.17009037758456,135.06293951260704,264.22584362219607,1.64,medium,48.730708576148615,0.2,3.5290410958904115,129.16290410958905,267.7548847180865,96.6059624062856
P0464,143.0,96.36905367126164,2.36,0.45311999999999997,0.985,2.17009037758456,350.69526233403394,688.175262334034,26.4,medium,2036.838083636069,0.5,35.75,337.47999999999996,723.925262334034,4204.557923636069
P0465,82.84383561643835,54.32695328637063,1.03,0.33990000000000004,0.985,2.17009037758456,134.3506484957018,219.6797991806333,11.67,medium,344.9318549478648,0.5,20.71095890410959,85.3291506849315,240.39075808474288,617.1792323067689
P0466,20.915068493150685,14.051550217876873,2.97,0.8613,0.97,1.8807936081512509,56.765216290603995,118.88296971526154,30.68,low,383.14250387506075,0.5,5.228767123287671,62.117753424657536,124.1117368385492,837.7045789654717
P0467,82.6,54.18303331210887,3.76,0.7745599999999999,0.97,1.8807936081512509,231.35963604809254,541.9356360480925,7.52,low,382.76138187796425,0.5,20.65,310.57599999999996,562.5856360480925,930.7416762779642
P0468,96.54520547945205,63.98051953072863,2.02,0.33734000000000003,0.995,2.5758293035489004,248.79891070522953,443.82022577372265,21.58,high,1181.1977084641478,0.5,24.136301369863013,195.02131506849315,467.9565271435857,2221.670408266887
P0469,167.75890410958905,111.61871893360066,1.31,0.42837000000000003,0.995,2.5758293035489004,377.5608830961526,597.3250474797143,6.07,high,504.1948032866022,0.5,41.93972602739726,219.76416438356168,639.2647735071116,853.6741785413969
P0470,180.0904109589041,119.21377068981333,3.24,1.14372,0.995,2.5758293035489004,766.1588076485231,1349.6517391553725,67.12,high,11313.407417261153,0.5,45.022602739726025,583.4929315068493,1394.6743418950985,20594.319202159782
P0471,34.986301369863014,23.73647281089449,2.29,0.85875,0.985,2.17009037758456,101.62195835598368,181.74058849296998,7.64,medium,170.80618760473737,0.5,8.746575342465754,80.1186301369863,190.48716383543572,320.17082497460035
P0472,15.810958904109588,10.765986855791517,1.19,0.20705999999999997,0.97,1.8807936081512509,22.930768151159374,41.745809247049785,117.23,low,591.398269079291,0.5,3.952739726027397,18.81504109589041,45.69854897307718,1178.5929971450444
P0473,107.8054794520548,71.3238086768986,2.29,0.85875,0.97,1.8807936081512509,267.4439841012687,514.3185320464742,8.43,low,496.00161291421296,0.5,26.9513698630137,246.87454794520548,541.2699019094879,1003.8391600813361
P0474,30.057534246575344,19.91767340036423,1.02,0.40800000000000003,0.97,1.8807936081512509,44.31018745241307,74.96887238391992,25.33,low,246.92295059731703,0.5,7.514383561643836,30.65868493150685,82.48325594556376,459.6461920822485
P0475,74.14520547945206,49.93592884198769,4.07,1.3593800000000003,0.97,1.8807936081512509,268.02376735978623,569.7947536611562,23.39,low,1379.196702079988,0.4,14.829041095890412,301.7709863013699,584.6237947570465,3008.35712306081
P0476,41.36986301369863,27.122689727571384,4.07,1.3593800000000003,0.995,2.5758293035489004,202.11147691209058,370.486819377844,18.26,high,811.9222250512504,0.4,8.273972602739725,168.37534246575342,378.7607919805837,1521.5578535444008
P0477,41.37260273972603,27.114902335186382,1.02,0.40800000000000003,0.995,2.5758293035489004,82.86236797268535,125.0624227672059,53.21,high,970.0034519618492,0.5,10.343150684931507,42.20005479452055,135.4055734521374,1585.0847239454108
P0478,20.986301369863014,14.1301769183578,4.32,1.83168,0.995,2.5758293035489004,124.60699048654158,215.2678124043498,11.54,high,316.3522274472317,0.3333333333333333,3.497716894977169,90.66082191780822,218.76552929932697,555.4019257851313
P0479,41.364383561643834,27.129043324831933,2.97,0.8613,0.985,2.17009037758456,127.55939622426006,250.41161540234225,67.43,medium,1892.2926192284085,0.5,10.341095890410958,122.8522191780822,260.7527112927532,3868.162170943477
P0480,28.86849315068493,20.51116606053219,0.84,0.20748,0.97,1.8807936081512509,37.10793829177887,61.357472538354216,31.46,low,256.83146250505996,0.5,7.217123287671233,24.24953424657534,68.57459582602544,474.6184926310873
P0481,189.5205479452055,124.46455755600074,1.4,0.1722,0.995,2.5758293035489004,388.54118947710555,653.8699566003932,12.29,high,1050.537668108198,0.5,47.38013698630137,265.32876712328766,701.2500935866946,1896.0400030397047
P0482,47.63835616438356,32.09499391888115,3.58,1.5036,0.995,2.5758293035489004,241.8871809033062,412.4324959717993,2.65,high,141.02022646662752,0.5,11.90958904109589,170.54531506849315,424.34208501289527,247.3914355625179
P0483,183.4794520547945,120.453482607297,4.07,1.3593800000000003,0.999,3.090232306167813,1076.0989637665562,1822.8603336295698,4.93,critical,1167.1369361012066,0.4,36.6958904109589,746.7613698630137,1859.5562240405288,2016.8746805943574
P0484,306.71232876712327,203.121700612396,1.92,0.816,0.985,2.17009037758456,817.3347558319387,1406.2224270648153,260.84,medium,46902.59149646463,0.5,76.67808219178082,588.8876712328766,1482.9005092565963,85095.94914358792
P0485,82.84931506849315,54.251670160363915,3.5,0.7035,0.999,3.090232306167813,361.68176002472205,651.654362764448,38.13,critical,3034.0036121433836,0.6666666666666666,27.616438356164384,289.972602739726,679.2708011206125,5698.131042280371
P0486,233.63561643835615,153.95898676954596,2.04,0.58344,0.995,2.5758293035489004,666.4180406586345,1143.034698192881,11.55,high,1693.3682413135903,0.5,58.40890410958904,476.61665753424654,1201.44360230247,3052.8681934505767
P0487,147.83561643835617,96.93143800150335,1.73,0.45845,0.97,1.8807936081512509,271.5650418539656,527.3206582923218,40.23,low,2403.513559432708,0.25,18.47945205479452,255.75561643835616,545.8001103471163,4830.658456638187
P0488,60.36164383561644,40.00845594047501,4.07,1.3593800000000003,0.985,2.17009037758456,249.7742913020044,495.4461817129633,225.88,medium,12412.183722245285,0.4,12.072328767123288,245.67189041095892,507.51851048008666,25220.421852393232
P0489,221.21369863013697,145.31817432741846,2.87,1.18244,0.985,2.17009037758456,779.5027751339771,1414.3860902024703,19.66,medium,3371.505403009478,0.5,55.303424657534244,634.8833150684932,1469.6895148600047,6356.701089672492
P0490,20.87123287671233,14.057471122323536,4.31,1.0430199999999998,0.985,2.17009037758456,79.01048869233537,168.96550239096553,25.48,medium,442.9011954137552,0.5,5.217808219178083,89.95501369863014,174.1833106101436,976.4019659562209
P0491,228.1123287671233,149.58404226130634,2.31,0.36729,0.985,2.17009037758456,525.8017266846658,1052.7412061367206,8.74,medium,1011.0115600692756,0.5,57.028082191780825,526.9394794520548,1109.7692883285015,2133.864387598043
P0492,286.4657534246575,192.56666336734804,2.04,0.58344,0.985,2.17009037758456,698.4233459224081,1282.8134829087094,16.94,medium,2602.8841255836305,0.5,71.61643835616438,584.3901369863014,1354.4299212648739,5047.6894305699325
P0493,137.2027397260274,92.68864039572134,1.73,0.45845,0.985,2.17009037758456,297.69996632632507,535.0607060523525,29.04,medium,1901.9455448656256,0.25,17.150342465753425,237.36073972602742,552.2110485181059,3527.965946772475
P0494,262.66301369863015,172.528127589602,4.07,1.3593800000000003,0.985,2.17009037758456,1082.0864828657325,2151.1249486191573,10.95,medium,2606.7463372235493,0.4,52.53260273972603,1069.0384657534248,2203.657551358883,5308.611041223549
P0495,234.1041095890411,155.29746397874536,2.02,0.33734000000000003,0.995,2.5758293035489004,603.8308418356836,1076.7211432055465,101.02,high,13419.778161292967,0.5,58.52602739726027,472.890301369863,1135.2471706028068,25230.18721834502
P0496,274.90410958904107,181.86660100191008,0.76,0.21356000000000003,0.995,2.5758293035489004,435.49070416825344,644.4178274559247,40.2,high,3851.4797876640337,0.3333333333333333,45.81735159817351,208.9271232876712,690.2351790540981,6104.439923554444
P0497,63.73972602739726,42.16067754073651,1.02,0.40800000000000003,0.97,1.8807936081512509,93.83963795525835,158.85415850320356,301.11,low,6216.331744635726,0.5,15.934931506849315,65.01452054794521,174.78909001005286,11578.763436443944
P0498,165.3945205479452,108.38186951802773,2.89,1.22536,0.995,2.5758293035489004,705.5234025557208,1183.5135669392826,58.61,high,9097.159857233975,0.5,41.3486301369863,477.99016438356165,1224.8621970762688,15793.618141540825
P0499,110.71232876712328,73.80042129113328,4.07,1.3593800000000003,0.999,3.090232306167813,654.2070083472684,1104.80618642946,14.76,critical,2124.3409975052496,0.4,22.14246575342466,450.59917808219177,1126.9486521828849,3659.4276633682634
P0500,35.07397260273972,23.20341266225879,1.68,0.21336,0.985,2.17009037758456,67.25565795799923,126.17993193060197,13.39,medium,198.12171721267416,0.5,8.76849315068493,58.924273972602734,134.9484250812869,397.53107060445495
P0501,81.66849315068494,55.2085180079601,1.7,0.6987,0.97,1.8807936081512509,172.7630821315188,311.5995204876832,22.59,low,858.597965577222,0.5,20.417123287671235,138.8364383561644,332.0166437753544,1650.0563162347562
P0502,82.71780821917808,54.17041522171295,2.35,0.24205,0.985,2.17009037758456,185.37188316136596,379.7587324764345,21.68,medium,884.1497339264511,0.5,20.67945205479452,194.3868493150685,400.438184531229,1909.9299649401498
P0503,83.26575342465753,54.58291459521253,0.85,0.32384999999999997,0.985,2.17009037758456,123.89571718731592,194.67160759827482,4.8,medium,130.83387734980562,0.5,20.816438356164383,70.7758904109589,215.4880459544392,227.5553765278878
P0504,41.4027397260274,27.195254376547908,4.07,1.3593800000000003,0.985,2.17009037758456,170.56645367982293,339.07560436475444,36.34,medium,1363.6446838794486,0.4,8.28054794520548,168.5091506849315,347.35615230995995,2777.0429664876683
P0505,289.0821917808219,191.8743259589877,2.02,0.33734000000000003,0.985,2.17009037758456,628.4942223653302,1212.4402497625906,15.25,medium,2108.598116035683,0.5,72.27054794520548,583.9460273972603,1284.710797707796,4310.204726309656
P0506,82.73698630136987,54.207343859068644,2.04,0.58344,0.97,1.8807936081512509,171.6022130679344,340.38566512272894,42.55,low,1606.3683165289337,0.5,20.684246575342467,168.78345205479454,361.0699116980714,3379.9754434056463
P0507,156.3095890410959,102.49875389805881,1.94,0.50052,0.995,2.5758293035489004,419.3345120752456,722.5751148149716,3.04,high,280.45092167592423,0.5,39.077397260273976,303.24060273972606,761.6525120752456,509.3932000759242
P0508,31.704109589041096,20.92727096107056,4.16,0.9193600000000001,0.985,2.17009037758456,112.1634670758592,244.05256296627016,6.88,medium,169.77062376602046,0.5,7.926027397260274,131.88909589041097,251.97859036353043,381.3947943742396
P0509,20.884931506849316,14.057687967729368,1.07,0.41516000000000003,0.97,1.8807936081512509,31.842174142875425,54.189050855204194,4.04,low,28.301324378187676,0.5,5.221232876712329,22.34687671232877,59.41028373191652,52.8038601809274
P0510,82.65205479452055,54.14619026502945,1.7,0.6987,0.995,2.5758293035489004,234.93798336976172,375.44647652044665,16.54,high,854.8923338858889,0.5,20.663013698630138,140.50849315068493,396.10949021907675,1441.3632130091764
P0511,151.06027397260274,100.20235945617286,4.07,1.57102,0.97,1.8807936081512509,586.3283446044095,1201.1436596729027,44.41,low,5728.545192454001,0.5,37.765068493150686,614.8153150684932,1238.9087281660534,12104.386055927975
P0512,54.487671232876714,36.154400068141356,1.52,0.36936,0.995,2.5758293035489004,125.97601915309136,208.79727942706398,7.53,high,208.69187332901117,0.5,13.621917808219179,82.82126027397261,222.41919723528315,368.4596421399701
P0513,83.02191780821917,54.48842564507567,4.16,0.9193600000000001,0.985,2.17009037758456,292.5746063085373,637.945784390729,16.07,medium,1034.3682631432027,0.5,20.755479452054793,345.37117808219176,658.7012638427839,2328.772448189778
P0514,82.68219178082192,54.09462441673197,0.84,0.20748,0.985,2.17009037758456,113.84854379498229,183.3015848908727,1.1,medium,27.551347598385718,0.5,20.67054794520548,69.45304109589041,203.97213283607817,49.36125614633092
P0515,149.76164383561644,98.96220089550147,0.85,0.32384999999999997,0.985,2.17009037758456,224.23208511892372,351.5294823791977,59.67,medium,2943.5842741901597,0.5,37.44041095890411,127.29739726027397,388.96989333810177,5106.163377806597
P0516,41.345205479452055,27.098239273606694,2.47,0.5681,0.985,2.17009037758456,105.5443496903302,207.66700722457676,8.18,medium,189.93761170271821,0.5,10.336301369863014,102.12265753424658,218.00330859443977,392.31875414655383
P0517,35.172602739726024,23.25173549161375,4.07,1.57102,0.97,1.8807936081512509,136.32495832896237,279.4774514796473,4.98,low,149.35762434521118,0.5,8.793150684931506,143.15249315068493,288.2706021645788,315.82927173151256
P0518,210.95342465753424,139.91726566571893,2.02,0.33734000000000003,0.985,2.17009037758456,458.34341072849617,884.4693285367154,0.98,medium,98.81883935306377,0.5,52.73835616438356,426.1259178082192,937.207684701099,202.06197682155695
P0519,70.35342465753425,46.47235407110156,3.5,0.7035,0.97,1.8807936081512509,188.15926587231243,434.39625217368234,34.08,low,1410.7429118042496,0.6666666666666666,23.451141552511416,246.23698630136988,457.84739372619373,3432.7566192015097
P0520,17.512328767123286,11.854798550917009,2.31,0.36729,0.97,1.8807936081512509,35.98222567336711,76.4357051254219,7.75,low,61.349694773090924,0.5,4.3780821917808215,40.45347945205479,80.81378731720272,137.78750737583064
P0521,255.17260273972602,167.13201439682047,2.97,0.8613,0.985,2.17009037758456,786.2338285024632,1544.0964586394496,67.21,medium,11625.410635003122,0.5,63.793150684931504,757.8626301369864,1607.8896093243811,23774.577341392163
P0522,198.75068493150684,138.85212618450663,3.36,1.4414399999999998,0.995,2.5758293035489004,987.1020718835408,1654.9043732534037,60.85,high,13214.33543630496,0.5,49.68767123287671,667.8023013698629,1704.5920444862804,22819.373699537835
P0523,41.52328767123288,27.249007041834002,2.29,0.71677,0.985,2.17009037758456,110.35841691909647,205.44674568621977,103.42,medium,2510.9188451100504,0.5,10.38082191780822,95.0883287671233,215.827567604028,4910.595149153886
P0524,41.75890410958904,28.113231777821756,1.31,0.42837000000000003,0.995,2.5758293035489004,94.82947635782129,149.53364074138295,36.57,high,762.9410690892155,0.5,10.43972602739726,54.70416438356165,159.97336676878018,1287.0497250015442
P0525,25.594520547945205,17.133925366492907,0.76,0.21356000000000003,0.97,1.8807936081512509,29.915324263689815,49.36715988012817,15.33,low,100.89242261172028,0.3333333333333333,4.265753424657534,19.451835616438355,53.6329133047857,180.88236341172026
P0526,20.6,13.868257692607655,1.68,0.56616,0.985,2.17009037758456,46.49947924122816,81.10747924122816,5.98,medium,61.17471488975976,0.5,5.15,34.608000000000004,86.25747924122817,113.48033968975979
P0527,82.7013698630137,54.143694886113174,1.03,0.33990000000000004,0.97,1.8807936081512509,116.08731361786083,201.26972457676493,43.3,low,1105.847749523742,0.5,20.675342465753424,85.18241095890411,221.94506704251836,2114.2487086470296
P0528,30.106849315068494,19.9889277645846,3.58,1.5036,0.97,1.8807936081512509,110.94556387525861,218.72808442320382,6.87,low,167.68312524106588,0.5,7.526712328767124,107.78252054794521,226.25479675197096,341.9614998109289
P0529,293.0,193.69884294502575,3.66,1.2297600000000002,0.985,2.17009037758456,1121.646425747353,2194.026425747353,106.24,medium,26216.01757970773,0.2,29.3,1072.38,2223.326425747353,51965.36388370772
P0530,41.24657534246575,27.01667211243289,4.07,1.57102,0.97,1.8807936081512509,159.25370378863036,327.12726543246595,32.58,low,1141.466847275387,0.5,10.311643835616438,167.87356164383561,337.4389092680824,2418.6271260699073
P0531,76.1972602739726,51.75284133146579,2.17,0.71827,0.995,2.5758293035489004,241.73618353232018,407.0842383268407,26.54,high,1411.449228408511,1.0,38.0986301369863,165.34805479452055,445.18286846382705,2599.3337323865935
P0532,200.71506849315068,133.11861981949178,1.92,0.816,0.985,2.17009037758456,535.3068962311007,920.6798277379501,55.97,medium,6591.447936052035,0.5,50.17876712328767,385.3729315068493,970.8585948612376,11954.570221964364
P0533,22.610958904109587,15.73918224033448,2.87,1.18244,0.985,2.17009037758456,81.94155791088878,146.8350099656833,104.58,medium,1885.2785877905644,0.5,5.652739726027397,64.89345205479452,152.4877496917107,3508.3771498070028
P0534,259.8602739726027,172.64471453238494,2.02,0.33734000000000003,0.97,1.8807936081512509,490.06500564007723,1014.9827590647346,6.17,low,665.2142386558409,0.5,64.96506849315068,524.9177534246575,1079.9478275578854,1465.9211811270736
P0535,135.8027397260274,91.5395758593912,1.68,0.21336,0.985,2.17009037758456,265.0451862479847,493.1937889877107,754.25,medium,43980.27298005934,0.5,33.95068493150685,228.14860273972602,527.1444739192175,87471.71827978536
P0536,41.49589041095891,27.25687955480011,4.07,1.3593800000000003,0.97,1.8807936081512509,148.1618384298706,317.05011240247336,41.66,low,1357.93288157745,0.4,8.299178082191782,168.88827397260278,325.3492904846652,2981.891317150053
P0537,241.8082191780822,158.73205164041005,1.73,0.45845,0.97,1.8807936081512509,444.5923775457533,862.9205967238355,4.47,low,437.2121440784938,0.25,30.226027397260275,418.3282191780822,893.1466241210958,878.3203901606855
P0538,17.616438356164384,11.992019022953409,1.73,0.45845,0.995,2.5758293035489004,45.64487658257523,76.12131493873962,9.72,high,97.60700408417888,0.25,2.202054794520548,30.476438356164383,78.32336973326017,167.48669383760355
P0539,74.0958904109589,49.87786301886455,3.24,1.14372,0.97,1.8807936081512509,232.20134078780148,472.2720257193083,66.55,low,3399.659830474201,0.5,18.523972602739725,240.07068493150686,490.79599832204804,7185.744211433105
P0540,41.37808219178082,27.17100024941418,3.86,1.38188,0.995,2.5758293035489004,201.4950015724482,361.21439883272217,15.75,high,698.180180448533,0.5,10.344520547945205,159.71939726027395,371.55891938066736,1287.4516556540125
P0541,199.47671232876712,131.65596871791126,4.07,1.3593800000000003,0.985,2.17009037758456,823.7108987932623,1635.5811179713446,17.72,medium,3211.154567855654,0.4,39.89534246575343,811.8702191780823,1675.476460437098,6531.677433367982
P0542,23.863013698630137,16.092209456081015,2.29,0.85875,0.985,2.17009037758456,69.06731619516259,123.7136175650256,13.57,medium,206.1935657690384,0.5,5.965753424657534,54.64630136986302,129.67937098968315,387.1447941526001
P0543,27.106849315068494,17.993804861606158,3.49,1.47278,0.985,2.17009037758456,113.25672027998854,207.8596243895776,5.73,medium,142.77142158495357,0.5,6.776712328767124,94.60290410958905,214.6363367183447,270.57056606714536
P0544,145.53698630136986,96.2560509113402,3.58,1.5036,0.985,2.17009037758456,617.8313454909709,1138.8537564498752,108.04,medium,14685.10968470579,0.5,36.384246575342466,521.0224109589042,1175.2380030252175,27933.99704630579
P0545,278.62191780821917,182.9605871256617,4.45,0.5829500000000001,0.985,2.17009037758456,908.7031104481081,2148.5706446946833,8.14,medium,1627.305530190472,0.5,69.65547945205479,1239.8675342465754,2218.226124146738,3972.3993431219787
P0546,185.51232876712328,129.54375978499417,4.46,0.85632,0.97,1.8807936081512509,595.0021006688263,1422.3870869701962,15.87,low,2077.39033427514,0.5,46.37808219178082,827.3849863013698,1468.765169161977,5128.046711612125
P0547,351.3808219178082,230.74467399323797,4.07,1.57102,0.985,2.17009037758456,1567.0283626681512,2997.1483078736305,16.82,medium,5798.631753217227,0.5,87.84520547945205,1430.1199452054793,3084.9935133530826,11415.709996811747
P0548,82.45753424657535,54.071802887731884,2.47,0.5681,0.995,2.5758293035489004,249.94914972813618,453.6192593171773,21.63,high,1189.4080238963086,0.5,20.614383561643837,203.67010958904112,474.2336428788211,2256.688213003158
P0549,341.7671232876712,224.3301090296424,4.07,1.3593800000000003,0.985,2.17009037758456,1407.4902933309343,2798.4824851117564,4.53,medium,1402.7048263336092,0.4,68.35342465753425,1390.992191780822,2866.8359097692905,2857.088667676075
P0550,170.14794520547946,111.93613282718267,1.52,0.36936,0.97,1.8807936081512509,285.2038611503509,543.8287378626796,43.58,low,2734.4205391651044,0.5,42.536986301369865,258.6248767123288,586.3657241640497,5621.840016995242
P0551,242.4191780821918,159.35300906893033,1.92,0.816,0.985,2.17009037758456,643.3345951250142,1108.7794170428224,13.79,medium,1951.748494690268,0.5,60.60479452054795,465.4448219178082,1169.3842115633702,3547.677821040952
P0552,280.03287671232874,185.04881747857314,4.07,1.3593800000000003,0.995,2.5758293035489004,1373.3778703506493,2513.1116785698277,52.45,high,15847.407245976145,0.4,56.00657534246575,1139.7338082191782,2569.1182539122933,29645.05553189395
P0553,41.27945205479452,27.08693249127415,1.7,0.6987,0.97,1.8807936081512509,85.75988882215832,155.934957315309,1.52,low,28.678106822129738,0.5,10.31986301369863,70.17506849315068,166.2548203290076,55.59561191802014
P0554,82.66575342465754,54.25315157498368,1.07,0.41516000000000003,0.985,2.17009037758456,142.75289013505304,231.20524629943662,14.04,medium,440.93512704915184,0.5,20.666438356164385,88.45235616438357,251.87168465560097,777.9812595642203
P0555,165.47671232876712,108.66797212143834,2.31,0.36729,0.995,2.5758293035489004,453.31756573699454,835.5687712164465,15.68,high,1563.7642747663363,0.5,41.36917808219178,382.25120547945204,876.9379492986384,3025.085149900583
P0556,245.41643835616438,166.47636783555618,2.31,0.36729,0.985,2.17009037758456,582.8834484702636,1149.7954210730034,3.11,medium,398.80885544335433,0.5,61.354109589041094,566.9119726027398,1211.1495306620445,828.6685088789709
P0557,20.915068493150685,14.062885366957838,0.76,0.21356000000000003,0.995,2.5758293035489004,33.60958010484145,49.50503215963597,5.69,high,42.07247237524052,0.3333333333333333,3.4858447488584474,15.89545205479452,52.990876908494414,66.33397971405331
P0558,191.46575342465752,125.91610260557857,0.85,0.32384999999999997,0.97,1.8807936081512509,247.53274689679813,410.278637307757,52.13,low,2838.854061060619,0.5,47.86643835616438,162.74589041095888,458.1450756639214,5254.28261475925
P0559,332.6876712328767,218.44057955914093,1.68,0.56616,0.985,2.17009037758456,737.9607991150231,1296.8760867862559,7.17,medium,1164.0593645240374,0.5,83.17191780821918,558.9152876712328,1380.048004594475,2176.887722447325
P0560,81.42465753424658,55.25503254098148,1.92,0.816,0.985,2.17009037758456,219.98976164699283,376.32510411274626,143.78,medium,6958.628144513019,0.5,20.356164383561644,156.33534246575343,396.6812684963079,12547.663212567813
P0561,253.58904109589042,166.1637808831235,4.46,0.85632,0.97,1.8807936081512509,776.150401304675,1907.1575245923464,12.74,low,2175.3943447767433,0.5,63.397260273972606,1131.0071232876712,1970.5547848663189,5523.070951023318
P0562,41.51780821917808,27.241448615215507,3.36,1.19952,0.995,2.5758293035489004,181.6576633960409,321.1574990124792,14.19,high,567.0988935897605,0.5,10.37945205479452,139.49983561643833,331.5369510672738,1034.9920538418153
P0563,41.42739726027397,27.10973457757335,0.85,0.32384999999999997,0.985,2.17009037758456,61.559201057543234,96.77248872877611,334.52,medium,4530.412466309259,0.5,10.356849315068493,35.21328767123288,107.1293380438446,7884.119355733917
P0564,98.42191780821918,67.37089861229691,4.16,0.9193600000000001,0.985,2.17009037758456,357.0384532570087,766.4736313392004,14.12,medium,1109.1042511975718,0.5,24.605479452054794,409.4351780821918,791.0791107912553,2457.4081497619554
P0565,15.816438356164383,10.73848749375208,4.07,1.3593800000000003,0.995,2.5758293035489004,78.62003914851483,142.99294325810388,50.44,high,872.4308504232393,0.4,3.163287671232877,64.37290410958904,146.15623092933674,1621.866463376664
P0566,47.71780821917808,32.0673199094017,2.29,0.85875,0.995,2.5758293035489004,163.6007731769374,272.8745539988552,1.21,high,43.55052581970074,0.5,11.92945205479452,109.27378082191781,284.80400605364974,75.81482641148156
P0567,190.42465753424656,124.97104255885753,1.64,0.5920399999999999,0.985,2.17009037758456,424.8237461679581,737.1201845241225,6.82,medium,637.4055487504044,0.5,47.60616438356164,312.29643835616434,784.726348907684,1177.4034139010892
P0568,38.21369863013699,27.168447454846014,2.66,0.75012,0.985,2.17009037758456,114.52415158195183,216.17258993811623,28.23,medium,711.26369581487,0.5,9.553424657534247,101.64843835616439,225.72601459565047,1401.8939862477469
P0569,265.63013698630135,173.94075873930572,0.84,0.20748,0.97,1.8807936081512509,317.24679883420265,540.3761139026958,187.56,low,13090.618109655472,0.5,66.40753424657534,223.12931506849313,606.7836481492711,25037.835030313003
P0570,82.69315068493151,54.252908791129904,2.04,0.58344,0.97,1.8807936081512509,171.68066326723272,340.37469066449296,6.64,low,250.79111290077356,0.5,20.673287671232877,168.69402739726027,361.0479783357259,527.4188867528283
P0571,73.83013698630137,49.828427289951414,2.04,0.58344,0.97,1.8807936081512509,156.46297103929638,307.0764504913512,4.98,low,171.42083107065312,0.5,18.457534246575342,150.6134794520548,325.5339847379265,356.6550336788723
P0572,20.528767123287672,13.845393166587133,1.07,0.41516000000000003,0.999,3.090232306167813,51.50133011083655,73.46711093275437,55.03,critical,623.5060031198539,0.5,5.132191780821918,21.96578082191781,78.59930271357628,951.5703182321827
P0573,15.857534246575343,10.811394043142826,1.34,0.19698,0.97,1.8807936081512509,24.26038197003691,45.50947786044787,20.93,low,111.70935481923195,0.6666666666666666,5.285844748858447,21.24909589041096,50.79532260930632,233.89214248681188
P0574,223.1260273972603,148.5214695948153,4.32,1.83168,0.97,1.8807936081512509,963.2992019652266,1927.203640321391,30.01,low,6359.89399121482,0.3333333333333333,37.18767123287671,963.9044383561645,1964.3913115542678,12969.304317143587
P0575,45.323287671232876,31.62598441567352,2.29,0.85875,0.985,2.17009037758456,133.867278864902,237.6576076320253,29.92,medium,881.167976400331,0.5,11.330821917808219,103.79032876712328,248.98842954983348,1638.941438668824
P0576,41.347945205479455,27.17216229403271,2.04,0.58344,0.97,1.8807936081512509,85.94538271962809,170.29519093880617,26.55,low,502.0069804653477,0.5,10.336986301369864,84.34980821917809,180.63217724017602,1055.0725472598683
P0577,27.095890410958905,17.99600412268128,1.73,0.45845,0.985,2.17009037758456,58.010051522153745,104.88594193311265,11.72,medium,149.57311684472123,0.25,3.386986301369863,46.8758904109589,108.27292823448252,279.1709181597898
P0578,253.14246575342466,166.03425927243183,1.59,0.33072,0.995,2.5758293035489004,580.7969259305695,983.2934464785147,23.16,high,2959.2764970014377,0.5,63.285616438356165,402.49652054794524,1046.579062916871,5332.529641374041
P0579,478.54246575342466,313.6074512729303,0.76,0.21356000000000003,0.97,1.8807936081512509,548.9535437836071,912.6458177562099,4.85,low,585.7334312171087,0.3333333333333333,79.75707762557077,363.6922739726028,992.4028953817806,1058.8938893723598
P0580,54.323287671232876,36.11823730589022,2.31,0.36729,0.985,2.17009037758456,126.75177823598283,252.23857275653077,171.02,medium,4768.959605061912,0.5,13.580821917808219,125.48679452054795,265.819394674339,10001.295232985201
P0581,157.4958904109589,106.06219981839726,2.02,0.33734000000000003,0.97,1.8807936081512509,300.6101638085169,618.7518624386539,13.6,low,899.4256101150826,0.5,39.37397260273973,318.141698630137,658.1258350413937,1969.1124984438495
P0582,27.084931506849315,17.977272520095458,3.36,1.19952,0.985,2.17009037758456,100.42202781584095,191.42739767885465,39.83,medium,879.9580609390879,0.5,6.771232876712329,91.0053698630137,198.19863055556698,1736.735320106211
P0583,234.98356164383563,155.9353196195854,1.31,0.42837000000000003,0.985,2.17009037758456,444.66283178974606,752.4912975431707,1.44,medium,140.86918511099154,0.5,58.74589041095891,307.82846575342467,811.2371879541297,256.9999411438683
P0584,70.24383561643836,46.435033744727725,3.36,1.19952,0.985,2.17009037758456,259.9079235758856,495.9272112471185,1.78,medium,101.7799428723168,0.5,17.56095890410959,236.0192876712329,513.4881701512281,201.08196743122093
P0585,454.0191780821918,298.30002259025156,2.87,1.18244,0.97,1.8807936081512509,1386.6811110307247,2689.7161521266153,7.83,low,2388.6968818615264,0.5,113.50479452054795,1303.0350410958904,2803.220946647163,4828.828402694403
P0586,106.45753424657535,70.4559443007469,1.52,0.36936,0.97,1.8807936081512509,179.33240468463663,341.1478567394312,26.58,low,1048.664169633881,0.5,26.614383561643837,161.81545205479452,367.762240301075,2150.526476384566
P0587,14.26849315068493,9.976578019887555,4.07,1.3593800000000003,0.995,2.5758293035489004,71.99948839985069,130.07225552313835,13.08,high,207.18572781941035,0.4,2.853698630136986,58.07276712328767,132.92595415327534,382.50772567146515
P0588,279.81369863013697,183.43127086326726,2.87,1.18244,0.97,1.8807936081512509,853.7171514904712,1656.7824665589642,13.32,low,2501.732740727677,0.5,69.95342465753424,803.0653150684931,1726.7358912164987,5060.0268556208275
P0589,63.70958904109589,42.10652426666988,1.52,0.36936,0.985,2.17009037758456,123.68834876831409,220.52692411077982,13.88,medium,377.6947417989239,0.5,15.927397260273972,96.83857534246575,236.45432137105382,722.03691573865
P0590,41.41095890410959,27.1721393029286,1.7,0.6987,0.985,2.17009037758456,99.26401599189668,169.66264612888298,18.36,medium,400.9472133944691,0.5,10.352739726027398,70.3986301369863,180.0153858549104,727.118146545154
P0591,82.75616438356164,54.34786454730328,3.58,1.5036,0.985,2.17009037758456,350.30378461072945,646.5708531038802,10.5,medium,809.201742450785,0.5,20.68904109589041,296.2670684931507,667.2598941997705,1541.37035560147
P0592,60.11232876712329,39.743559659360024,3.86,1.38188,0.97,1.8807936081512509,214.42170481466155,446.4552938557574,98.69,low,4655.481170594969,0.5,15.028082191780822,232.0335890410959,461.4833760475383,10019.63476406894
P0593,104.23835616438356,69.31101792703373,2.02,0.33734000000000003,0.97,1.8807936081512509,196.7260241062812,407.28750355833597,39.56,low,1712.1459330017865,0.5,26.05958904109589,210.56147945205478,433.3470925994319,3771.5064163113757
P0594,41.47397260273973,27.17267751126332,1.64,0.5920399999999999,0.999,3.090232306167813,131.60952382111552,199.62683888960868,20.54,critical,594.7171162428568,0.5,10.368493150684932,68.01731506849315,209.9953320402936,948.9269064236787
P0595,171.58904109589042,112.96370072625224,3.24,1.14372,0.985,2.17009037758456,613.253010243256,1169.201503393941,11.62,medium,1567.7199953858594,0.5,42.897260273972606,555.948493150685,1212.0987636679135,3098.609279440654
P0596,41.47123287671233,27.15032167180405,0.76,0.21356000000000003,0.985,2.17009037758456,54.84216733157724,86.36030431787862,7.2,medium,86.86999305321835,0.3333333333333333,6.911872146118721,31.51813698630137,93.27217646399733,147.74312751897176
P0597,70.1013698630137,46.27839933890397,1.7,0.6987,0.97,1.8807936081512509,146.16921083172085,265.3415395988441,107.32,low,3451.1135354212615,0.5,17.525342465753425,119.17232876712329,282.8668820645976,6678.600232297974
P0598,41.347945205479455,27.11092451225294,3.89,1.31482,0.995,2.5758293035489004,196.41814615999994,357.261653009315,22.26,high,961.8989453747517,0.4,8.269589041095891,160.84350684931508,365.5312420504109,1790.0795985692725
P0599,63.723287671232875,42.09268462632947,1.7,0.6987,0.97,1.8807936081512509,132.9175426644807,241.24713170557658,24.54,low,717.5952293369984,0.5,15.930821917808219,108.32958904109589,257.17795362338484,1388.45233602193
