part_id,mean_daily_demand,sd_daily_demand,mean_lead_time_days,sd_lead_time_days,target_cycle_service,z,safety_stock_units,reorder_point_units,unit_value_eur,criticality,annual_safety_stock_holding_eur,delivery_interval_days,cycle_stock_units,pipeline_inventory_units,avg_inventory_units,annual_inventory_holding_eur
P0000,82.4931506849315,54.05977646069191,0.84,0.20748,0.985,2.17009037758456,113.75522654821356,183.04947312355603,66.3,medium,1659.233734432243,0.6666666666666666,27.497716894977167,69.29424657534247,210.5471900185332,3071.0413136103252
P0001,190.55616438356165,126.5260484260161,0.76,0.21356000000000003,0.97,1.8807936081512509,221.12579580849513,365.94848074000197,37.29,low,1814.0718036537326,0.2,19.055616438356164,144.82268493150684,385.00409717835817,3158.4966124318144
P0002,57.04931506849315,39.84396462937295,1.07,0.41516000000000003,0.97,1.8807936081512509,89.40457612523483,150.4473432485225,1.76,low,34.617451875690925,1.6666666666666667,47.54109589041096,61.042767123287675,197.98843913893347,76.66112363459504
P0003,166.78082191780823,112.32366480464734,4.17,1.1967899999999998,0.97,1.8807936081512509,571.8727706217312,1267.3487980189916,4.58,low,576.2190036784564,1.0,83.39041095890411,695.4760273972603,1350.7392089778955,1361.0048269661277
P0004,41.391780821917806,27.151132539796333,4.07,1.3593800000000003,0.985,2.17009037758456,170.40850842492722,338.8730563701327,71.84,medium,2693.27239395429,0.3333333333333333,6.8986301369863,168.46454794520548,345.771686507119,5464.852350907715
P0005,82.66849315068494,54.214391455175765,0.84,0.20748,0.985,2.17009037758456,114.0716698008165,183.51320404739184,10.41,medium,261.2469381778299,0.6666666666666666,27.556164383561644,69.44153424657534,211.0693684309535,483.39106758056965
P0006,27.2,18.073750013775214,2.29,0.85875,0.985,2.17009037758456,78.05234899533467,140.34034899533467,2.73,medium,46.878240806598,1.0,13.6,62.288,153.94034899533466,92.456573606598
P0007,173.84657534246574,113.974156124704,2.47,0.5681,0.985,2.17009037758456,443.88585916847234,873.2869002643628,11.0,medium,1074.203779187703,1.0,86.92328767123287,429.40104109589043,960.2101879355957,2323.708654804142
P0008,113.17534246575343,74.86076412728038,3.89,1.31482,0.999,3.090232306167813,647.793111699599,1088.0451938913798,32.57,critical,4641.696762572306,0.3333333333333333,18.86255707762557,440.25208219178086,1106.9077509690053,7931.43679879331
P0009,23.923287671232877,16.088171552006717,2.29,0.85875,0.985,2.17009037758456,69.12955707549007,123.91388584261335,7.44,medium,113.15125902116215,1.0,11.961643835616439,54.78432876712329,135.8755296782298,222.40106697732656
P0010,505.8027397260274,331.8589656305768,4.07,1.3593800000000003,0.985,2.17009037758456,2082.602055334214,4141.219206019146,7.33,medium,3358.4040744319536,0.3333333333333333,84.30045662100457,2058.617150684932,4225.51966264015,6814.073007973506
P0011,121.92602739726027,80.76599291733078,3.58,1.5036,0.97,1.8807936081512509,448.8836468221527,885.3788249043445,36.06,low,3561.083746969502,0.5,30.481506849315068,436.4951780821918,915.8603317536595,7265.703183868132
P0012,41.38630136986301,27.157382756915847,3.76,0.7745599999999999,0.985,2.17009037758456,133.7854362872406,289.39792943792554,4.09,medium,120.38013557125907,1.0,20.693150684931506,155.6124931506849,310.091080122857,279.01995389454675
P0013,31.695890410958903,20.916713691120524,1.34,0.19698,0.985,2.17009037758456,54.26279162689809,96.73528477758302,6.6,medium,78.78957344225603,1.6666666666666667,26.41324200913242,42.47249315068493,123.14852678671545,178.81166089431082
P0014,20.427397260273974,13.80907151546487,4.45,0.5829500000000001,0.995,2.5758293035489004,81.06199052155986,171.96390832977903,163.39,high,2913.838098889886,1.6666666666666667,17.022831050228312,90.90191780821918,188.98673938000735,6793.2795364058675
P0015,35.178082191780824,23.239875773812493,2.47,0.5681,0.97,1.8807936081512509,78.30549931009782,165.19536232379647,2.84,low,48.92527596894911,1.0,17.589041095890412,86.88986301369864,182.78440341968687,114.20369525662034
P0016,96.07123287671233,68.31154689662579,3.58,1.5036,0.97,1.8807936081512509,364.56620231649964,708.5012160151298,48.42,low,3883.5050135562806,0.5,24.017808219178082,343.93501369863014,732.5190242343078,7803.085653753542
P0017,41.35342465753425,27.089362101453702,4.07,1.3593800000000003,0.999,3.090232306167813,242.2795496810837,410.5879880372481,5.64,critical,300.62046524428865,0.3333333333333333,6.892237442922374,168.3084383561644,417.4802254801705,518.0094637757954
P0018,161.83013698630137,106.17386048226021,1.92,0.816,0.985,2.17009037758456,429.0090548006659,739.7229178143646,7.5,medium,707.8649404210988,1.0,80.91506849315068,310.71386301369864,820.6379863075152,1354.0526774074003
P0019,291.09589041095893,192.53550866904914,1.73,0.45845,0.995,2.5758293035489004,737.3382567256161,1240.9341471365751,15.56,high,2524.0563204231294,0.25,36.386986301369866,503.59589041095893,1277.321133437945,4372.525703984774
P0020,14.252054794520548,9.960197016744896,1.68,0.21336,0.995,2.5758293035489004,34.16367937502709,58.10713142982161,50.02,high,375.9507933145481,1.6666666666666667,11.876712328767123,23.94345205479452,69.98384375858873,770.1302102570139
P0021,28.504109589041096,19.911841680488433,2.31,0.36729,0.995,2.5758293035489004,82.48599502670692,148.33048817739186,9.96,high,180.74331230252022,0.6666666666666666,9.501369863013698,65.84449315068494,157.83185804040556,345.8411673381367
P0022,20.898630136986302,14.042444422929623,2.04,0.58344,0.985,2.17009037758456,50.93658902641713,93.5697945058692,21.94,medium,245.86072791271022,1.0,10.449315068493151,42.63320547945206,104.01910957436235,502.0794380935322
P0023,224.52602739726026,148.25026177857774,2.29,0.71677,0.97,1.8807936081512509,519.2814235481601,1033.446026287886,91.61,low,10465.701666474328,1.6666666666666667,187.10502283105023,514.164602739726,1220.5510491189364,24599.22995415287
P0024,41.49315068493151,27.204417106434356,2.89,1.22536,0.985,2.17009037758456,149.15246379317915,269.0676692726312,4.71,medium,154.55178298249223,0.6666666666666666,13.831050228310502,119.91520547945206,282.89871950094175,293.13965314687584
P0025,302.7479452054794,201.9239113234805,3.36,1.4414399999999998,0.985,2.17009037758456,1241.771569664205,2259.0046655546157,1.93,medium,527.2562084794214,0.5,75.68698630136986,1017.2330958904108,2334.6916518559856,991.3100753780515
P0026,143.72328767123287,96.8546698207402,1.22,0.35135999999999995,0.985,2.17009037758456,256.72012392006553,432.0625348789696,2.61,medium,147.4086951549016,1.6666666666666667,119.76940639269407,175.34241095890408,551.8319412716637,316.8619006781893
P0027,9.64109589041096,6.864061440216388,3.36,1.19952,0.97,1.8807936081512509,32.1417411260637,64.53582331784452,20.34,low,143.82786319090985,1.6666666666666667,8.034246575342467,32.394082191780825,72.570069893187,324.73654875803317
P0028,284.986301369863,186.5528747743043,0.85,0.32384999999999997,0.985,2.17009037758456,423.58275462660214,665.8211107909857,11.32,medium,1054.89049212209,0.5,71.24657534246575,242.23835616438353,737.0676861334514,1835.5933655467475
P0029,60.25753424657534,39.913360558166666,1.73,0.45845,0.985,2.17009037758456,128.73532148855216,232.98085573512748,7.78,medium,220.3433762598059,0.25,7.532191780821917,104.24553424657533,240.51304751594938,411.662132128299
P0030,82.71232876712328,54.32064940682804,3.24,1.14372,0.97,1.8807936081512509,255.8811682592062,523.8691134646856,70.62,low,3975.4721825423317,0.5,20.67808219178082,267.98794520547943,544.5471956564664,8460.303050597126
P0031,522.054794520548,342.71156497779856,4.31,1.0430199999999998,0.985,2.17009037758456,1944.2723621913517,4194.328526574913,3.88,medium,1659.6308883665379,1.6666666666666667,435.04566210045664,2250.0561643835613,4629.37418867537,3951.633807453295
P0032,35.156164383561645,23.211882296641164,2.47,0.5681,0.985,2.17009037758456,90.25344065558444,177.08916668298173,23.0,medium,456.68240971725726,1.0,17.578082191780823,86.83572602739727,194.66724887476255,985.0162793062984
P0033,435.97534246575344,288.0106109637253,1.7,0.6987,0.985,2.17009037758456,1049.314615912308,1790.472698104089,62.06,medium,14326.502313973924,1.0,217.98767123287672,741.1580821917809,2008.4603693369654,27421.911114631457
P0034,107.0958904109589,70.82534709238767,2.01,0.38391,0.97,1.8807936081512509,204.07330170360777,419.33604142963515,63.51,low,2851.3529860631484,1.6666666666666667,89.24657534246576,215.26273972602738,508.5826167721009,7106.018038063148
P0035,177.2,116.35905495632763,3.83,1.27156,0.97,1.8807936081512509,602.5157262692525,1281.1917262692523,4.61,low,611.0714495822759,0.5,44.3,678.6759999999999,1325.4917262692525,1344.3137087822759
P0036,108.66849315068494,72.17083075788726,2.29,0.85875,0.97,1.8807936081512509,270.1818020595846,519.0326513746531,19.33,low,1148.9751314385894,1.0,54.33424657534247,248.8508493150685,573.3668979499955,2438.3000702221507
P0037,41.41917808219178,27.22862432880293,1.73,0.45845,0.985,2.17009037758456,87.96729177923572,159.62246986142748,11.05,medium,213.84848631532208,0.25,5.177397260273972,71.65517808219177,164.79986712170148,400.62847697285633
P0038,54.293150684931504,36.05930832246044,1.73,0.45845,0.985,2.17009037758456,116.23706249426652,210.16421317919804,1.54,medium,39.3811167730575,0.25,6.786643835616438,93.9271506849315,216.95085701481446,73.50295035661915
P0039,41.38904109589041,27.198939265252605,2.36,0.45311999999999997,0.985,2.17009037758456,99.38934150350029,197.06747848980166,34.84,medium,761.7994247560291,1.0,20.694520547945206,97.67813698630137,217.76199903774688,1669.1021702245223
P0040,35.16164383561644,23.192663142985698,2.02,0.33734000000000003,0.985,2.17009037758456,76.02290691951087,147.0494274674561,27.89,medium,466.4613522767349,0.6666666666666666,11.720547945205478,71.02652054794521,158.76997541266155,974.1808151370088
P0041,27.21917808219178,18.061286519823735,1.73,0.45845,0.985,2.17009037758456,58.23204861677819,105.32122669896997,19.19,medium,245.84406285031415,0.25,3.4023972602739727,47.08917808219178,108.72362395924394,459.0093956311361
P0042,82.75616438356164,54.2817056443993,4.07,1.57102,0.985,2.17009037758456,368.8852554515436,705.7028444926395,62.23,medium,5050.260478284903,0.4,16.55123287671233,336.8175890410959,722.2540773693519,9888.091671632848
P0043,209.05753424657533,138.28156289527718,2.29,0.85875,0.97,1.8807936081512509,518.5647105476273,997.3064639722849,27.82,low,3173.8234544356983,1.0,104.52876712328766,478.74175342465753,1101.8352310955725,6743.672348397341
P0044,31.863013698630137,21.046857109539474,1.68,0.21336,0.985,2.17009037758456,61.0102957250935,114.54015873879213,11.75,medium,157.7116144493667,1.6666666666666667,26.552511415525114,53.52986301369863,141.09267015431726,364.7245523489101
P0045,41.38630136986301,27.12448568950047,3.58,1.5036,0.985,2.17009037758456,175.0433174360579,323.2062763401675,58.78,medium,2263.5901637561265,0.5,10.346575342465753,148.1629589041096,333.5528516826332,4313.372056819139
P0046,54.364383561643834,36.085922226394594,1.94,0.50052,0.97,1.8807936081512509,107.49628342947447,212.9631875390635,19.01,low,449.5709565587482,1.6666666666666667,45.30365296803653,105.46690410958904,258.2668405071,1080.123580368794
P0047,186.3095890410959,122.16297006029089,2.31,0.36729,0.985,2.17009037758456,429.4179239729139,859.7930746578454,10.91,medium,1030.688901119788,0.6666666666666666,62.10319634703197,430.37515068493155,921.8962710048775,2212.735429665907
P0048,30.057534246575344,19.935320674292488,3.49,1.47278,0.985,2.17009037758456,125.54030355840389,230.44109807895185,7.72,medium,213.21765156359317,0.6666666666666666,10.01917808219178,104.90079452054796,240.4602761611436,408.3977330320863
P0049,82.87123287671233,54.319692358033876,2.29,0.85875,0.97,1.8807936081512509,204.49246361335028,394.2675869010215,12.08,low,543.4591712988398,1.0,41.43561643835616,189.77512328767122,435.70320333937764,1157.92483319473
P0050,35.14520547945205,23.262908747144923,2.47,0.5681,0.97,1.8807936081512509,78.34839039831662,165.15704793256322,5.29,low,91.18185674556089,1.0,17.572602739726026,86.80865753424658,182.7296506722892,212.6607674524102
P0051,82.75068493150685,54.20560958787675,1.73,0.45845,0.97,1.8807936081512509,151.89535465336402,295.0540395848709,1.81,low,60.48473022296956,0.25,10.343835616438357,143.15868493150685,305.39787520130926,121.60943390516135
P0052,31.720547945205478,20.96251861089497,3.24,1.14372,0.995,2.5758293035489004,134.8303515501466,237.60492689261235,159.92,high,4743.655360377877,0.5,7.9301369863013695,102.77457534246575,245.53506387891372,8638.512831413493
P0053,54.032876712328765,35.914795593542884,1.7,0.6987,0.97,1.8807936081512509,113.13024422472182,204.9861346356807,28.55,low,710.5710639754777,1.0,27.016438356164382,91.85589041095889,232.00257299184508,1457.208160961779
P0054,221.1150684931507,145.03928197654858,1.68,0.56616,0.97,1.8807936081512509,424.7963056078319,796.2696206763251,38.92,low,3637.2758871365004,1.0,110.55753424657534,371.47331506849315,906.8271549229005,7764.616831311843
P0055,82.93972602739726,54.4228628925311,4.07,1.3593800000000003,0.995,2.5758293035489004,405.36808936973114,742.9327743012379,12.54,high,1118.3294849532142,0.3333333333333333,13.823287671232876,337.56468493150686,756.7560619724709,2087.738623769653
P0056,82.58630136986301,54.20647673040844,4.07,1.3593800000000003,0.97,1.8807936081512509,294.76749170177374,630.8937382771162,19.59,low,1270.3889357363043,0.3333333333333333,13.764383561643834,336.12624657534246,644.65812183876,2778.3475735006878
P0057,381.9095890410959,253.79784514255923,1.19,0.20705999999999997,0.97,1.8807936081512509,541.5419944255156,996.0144053844197,215.71,low,25699.525195856153,1.6666666666666667,318.2579908675799,454.4724109589041,1314.2723962519995,62370.373691014145
P0058,41.37808219178082,27.092526880957852,2.29,0.71677,0.97,1.8807936081512509,95.17079807486434,189.92660629404241,10.39,low,217.5414102395249,1.6666666666666667,34.481735159817354,94.75580821917808,224.40834145385978,512.9525868952328
P0059,54.35616438356164,36.13207224320643,3.45,1.41795,0.985,2.17009037758456,221.77982041252687,409.3085875358146,34.11,medium,1664.280128339684,1.6666666666666667,45.29680365296804,187.52876712328768,454.6053911887826,3411.4497765588626
P0060,53.62191780821918,36.57604695149028,3.7,1.2913,0.97,1.8807936081512509,185.65956486777017,384.06066075818114,0.82,low,33.49298550214574,1.6666666666666667,44.68493150684932,198.40109589041097,428.7455922650305,77.34570484461149
P0061,376.50958904109586,249.02575673549873,1.68,0.56616,0.995,2.5758293035489004,996.3579653244363,1628.8940749134774,5.63,high,1234.0889758508467,1.0,188.25479452054793,632.5361095890411,1817.1488694340255,2250.720589680984
P0062,12.427397260273972,9.33228562680773,0.85,0.32384999999999997,0.999,3.090232306167813,29.353193946429755,39.91648161766263,3.23,critical,20.858379618332982,0.5,3.106849315068493,10.563287671232876,43.02333093273113,30.57237896079874
P0063,215.67397260273972,142.56537157515453,4.32,1.83168,0.985,2.17009037758456,1071.6481328124682,2003.359694456304,18.93,medium,4462.985813910805,0.2,21.567397260273975,931.7115616438357,2024.927091716578,8433.01136616286
P0064,82.93698630136986,54.40693108633612,1.31,0.42837000000000003,0.995,2.5758293035489004,184.6704024348523,293.31785448964683,19.95,high,810.5183962865667,1.0,41.46849315068493,108.64745205479451,334.78634764033177,1469.3772797934162
P0065,41.37534246575343,27.1473177839573,2.87,1.18244,0.97,1.8807936081512509,126.28892097333484,245.03615385004719,13.17,low,365.9095196281404,0.6666666666666666,13.791780821917808,118.74723287671235,258.827934671965,749.9280579185514
P0066,64.08493150684932,43.40052308653498,3.83,1.27156,0.985,2.17009037758456,255.43057093812973,500.8758586093626,28.14,medium,1581.3195785637736,0.5,16.02123287671233,245.44528767123288,516.8970914860749,3200.0065139719927
P0067,167.92328767123288,111.6114956766708,2.36,0.45311999999999997,0.985,2.17009037758456,407.07803387275527,803.3769927768649,92.11,medium,8249.110694004288,1.0,83.96164383561644,396.2989589041096,887.3386366124813,17981.207600042646
P0068,35.18356164383562,23.27149256925139,3.89,1.31482,0.985,2.17009037758456,141.417147257442,278.2812020519625,15.51,medium,482.5435898718436,0.3333333333333333,5.863926940639269,136.86405479452054,284.1451289926018,969.5600091485559
P0069,82.73424657534247,54.35817371127131,3.89,1.31482,0.985,2.17009037758456,331.44493781733433,653.2811569954165,50.04,medium,3648.8110314434703,0.3333333333333333,13.789041095890411,321.8362191780822,667.070198091307,7343.642396747581
P0070,30.046575342465754,19.88208428026127,4.45,0.5829500000000001,0.985,2.17009037758456,98.63462806012139,232.341888334094,96.82,medium,2100.9570315318097,1.6666666666666667,25.038812785388128,133.70726027397262,257.3807011194821,5482.311886125417
P0071,35.227397260273975,23.27629825626978,1.68,0.56616,0.97,1.8807936081512509,68.02072579662585,127.20275319388614,8.32,low,124.50513649814397,1.0,17.613698630136987,59.18202739726028,144.81645182402312,265.07203341869194
P0072,54.21369863013699,35.96439522527684,3.24,1.14372,0.985,2.17009037758456,194.5276856548482,370.18006921649203,28.93,medium,1238.0909081188468,0.5,13.553424657534247,175.65238356164386,383.7334938740263,2442.310195110628
P0073,30.14246575342466,19.95149280961022,3.76,0.7745599999999999,0.97,1.8807936081512509,84.98612482952561,198.3217960624023,57.5,low,1075.074479093499,1.0,15.07123287671233,113.3356712328767,213.39302893911463,2699.4218160798
P0074,41.38082191780822,27.1289181984704,1.03,0.33990000000000004,0.999,3.090232306167813,95.54223585142053,138.164482426763,494.13,critical,10386.262700277734,1.6666666666666667,34.48401826484019,42.622246575342466,172.64850069160318,18768.376802283212
P0075,82.56438356164384,54.05801058311455,4.32,1.83168,0.97,1.8807936081512509,354.34458875572074,711.0227257420222,15.6,low,1216.1106286096335,0.2,8.256438356164384,356.6781369863014,719.2791640981866,2468.5660911849764
P0076,41.416438356164385,27.137354196279876,3.83,1.27156,0.97,1.8807936081512509,140.67019380107791,299.29515270518755,3538.83,low,109517.73842439508,0.5,10.354109589041096,158.6249589041096,309.6492622942286,241075.1417546307
P0077,35.14794520547945,23.2446384553528,4.45,0.5829500000000001,0.985,2.17009037758456,115.32582259608857,271.73417876047216,7.6,medium,192.8247753806601,1.6666666666666667,29.289954337899545,156.40835616438358,301.0241330983717,503.31235054047744
P0078,15.808219178082192,10.76147168926546,4.45,0.5829500000000001,0.985,2.17009037758456,53.16831641929271,123.51489176175846,5.95,medium,69.59732619285415,1.6666666666666667,13.17351598173516,70.34657534246575,136.68840774349363,178.92512573623316
P0079,349.93150684931504,229.8666914654027,3.66,1.2297600000000002,0.985,2.17009037758456,1335.223048768788,2615.972363837281,26.81,medium,7875.412586248064,0.12195121951219512,21.337287003007013,1280.7493150684932,2637.309650840288,15555.379782586186
P0080,175.03013698630136,114.58439795234804,0.84,0.20748,0.995,2.5758293035489004,286.22608221609613,433.2513972845893,11.59,high,729.8192644346019,0.6666666666666666,58.34337899543378,147.02531506849314,491.5947762800231,1253.468360558803
P0081,105.05205479452054,70.71491307500689,3.24,1.14372,0.985,2.17009037758456,379.84638450107684,720.2150420353234,14.6,medium,1220.066587017459,0.5,26.263013698630136,340.3686575342466,746.4780557339536,2397.687515017459
P0082,41.44931506849315,27.189723754137024,4.32,1.83168,0.985,2.17009037758456,205.38992699162947,384.45096808751987,7.53,medium,340.2489530543334,0.2,4.144931506849315,179.0610410958904,388.59589959436914,643.7479672680319
P0083,37.50958904109589,28.204473986455174,1.04,0.2496,0.985,2.17009037758456,65.64178886165595,104.65176146439569,24.75,medium,357.4195403517167,1.6666666666666667,31.257990867579913,39.00997260273973,135.9097523319756,740.0286014476071
P0084,70.35068493150685,46.49639925586012,2.02,0.33734000000000003,0.97,1.8807936081512509,132.06173042810138,274.17011398974523,3.84,low,111.56574986566005,0.6666666666666666,23.450228310502283,142.10838356164385,297.6203423002475,251.42966517524908
P0085,30.024657534246575,19.88088001914633,1.07,0.41516000000000003,0.97,1.8807936081512509,45.22884317208251,77.35522673372634,30.95,low,307.9631931587098,1.6666666666666667,25.02054794520548,32.126383561643834,102.37577467893182,697.0766497888468
P0086,63.945205479452056,42.2788007080624,2.87,1.18244,0.97,1.8807936081512509,195.88441001283914,379.40714973886656,8.8,low,379.23221778485663,0.6666666666666666,21.315068493150683,183.5227397260274,400.7222182320172,775.7982144971853
P0087,82.68767123287671,54.17914916946168,3.83,1.27156,0.985,2.17009037758456,324.0448306347934,640.7386114567112,28.43,medium,2026.770797688379,0.5,20.671917808219177,316.6937808219178,661.4105292649303,4136.858296340433
P0088,54.25205479452055,35.963611453637384,0.76,0.21356000000000003,0.985,2.17009037758456,72.53449797119315,113.76605961502877,8.7,medium,138.83102911686368,0.2,5.425205479452055,41.23156164383562,119.19126509448083,228.13208139083628
P0089,83.0,54.43950165697093,3.45,1.41795,0.97,1.8807936081512509,291.8293904324355,578.1793904324355,25.05,low,1608.271770673152,1.6666666666666667,69.16666666666667,286.35,647.3460570991022,3567.524120673152
P0090,41.37808219178082,27.159370140373237,1.68,0.21336,0.97,1.8807936081512509,68.2591245660498,137.7743026482416,14.48,low,217.44626721760827,1.6666666666666667,34.481735159817354,69.51517808219178,172.25603780805892,548.7388340413526
P0091,82.96712328767123,54.390771818475635,1.64,0.5920399999999999,0.995,2.5758293035489004,219.5426349248484,355.6087171166292,2.42,high,116.88449883398928,1.6666666666666667,69.1392694063927,136.0660821917808,424.74798652302184,226.1358280248568
P0092,41.38356164383562,27.19396655418575,2.29,0.71677,0.985,2.17009037758456,110.08468080669294,204.8530369710765,19.25,medium,466.2086232163446,1.6666666666666667,34.48630136986302,94.76835616438358,239.33933834093955,1013.602097873879
P0093,41.45205479452055,27.141186159614236,0.85,0.32384999999999997,0.985,2.17009037758456,61.622841830182175,96.85708840552465,10.62,medium,143.97560765203764,0.5,10.363013698630137,35.23424657534247,107.22010210415478,250.5090465561472
P0094,82.83835616438355,54.373390162191846,0.85,0.32384999999999997,0.985,2.17009037758456,123.38437102831715,193.7969737680432,12.57,medium,341.20713964170824,0.5,20.70958904109589,70.41260273972603,214.50656280913907,593.1964487923932
P0095,60.038356164383565,39.84439041872559,4.16,0.9193600000000001,0.985,2.17009037758456,213.18868423248176,462.9482458763174,17.81,medium,835.31590255971,0.6666666666666666,20.012785388127853,249.75956164383564,482.96103126444524,1892.337912700349
P0096,365.7945205479452,243.02717474019408,3.24,1.14372,0.985,2.17009037758456,1313.5628735218795,2498.737120097222,24.18,medium,6987.629061986991,0.5,91.4486301369863,1185.1742465753425,2590.185750234208,13778.752116945894
P0097,83.08767123287672,54.50207160395267,1.94,0.50052,0.995,2.5758293035489004,222.95740832286978,384.1474905146506,94.52,high,4636.265531629083,1.6666666666666667,69.23972602739727,161.19008219178082,453.3872165420479,9427.91513566196
P0098,41.33698630136986,27.096974339678525,2.87,1.18244,0.97,1.8807936081512509,126.11691557700439,244.75406626193592,23.78,low,659.7932555326562,0.6666666666666666,13.778995433789953,118.63715068493151,258.53306169572585,1352.5415655673594
P0099,15.868493150684932,10.805687308897696,1.68,0.21336,0.999,3.090232306167813,44.527728888917316,71.186797382068,168.36,critical,1649.2714558623863,1.6666666666666667,13.223744292237443,26.659068493150684,84.41054167430545,3126.498935182935
P0100,104.24109589041096,69.1546042971762,1.68,0.21336,0.985,2.17009037758456,200.41369588668937,375.53873698257974,8.25,medium,363.7508580343412,1.6666666666666667,86.86757990867581,175.1250410958904,462.4063168912555,839.2674651576289
P0101,500.8383561643836,328.6343180623098,1.52,0.36936,0.97,1.8807936081512509,837.7071523459784,1598.9814537158416,76.36,low,14072.80999369056,1.0,250.4191780821918,761.2743013698631,1849.4006317980334,31068.451093701522
P0102,35.0958904109589,23.199898389059435,3.58,1.5036,0.999,3.090232306167813,212.116352645303,337.75964031653587,23.67,critical,1104.574694765151,0.5,8.773972602739725,125.64328767123287,346.5336129192756,1804.5391359158357
P0103,35.21369863013699,23.27495302262993,1.94,0.50052,0.995,2.5758293035489004,95.04739453672302,163.3619698791888,12.48,high,260.96212644002674,1.6666666666666667,29.344748858447492,68.31457534246576,192.70671873763627,529.0955669660542
P0104,41.28219178082192,27.07193988706449,3.49,1.47278,0.985,2.17009037758456,171.62075147745713,315.6956007925256,39.65,medium,1497.0478151378586,0.6666666666666666,13.760730593607306,144.0748493150685,329.45633138613294,2873.847578681238
P0105,174.4191780821918,115.75040485716376,3.49,1.47278,0.97,1.8807936081512509,631.5307621253472,1240.2536936321967,26.83,low,3727.6734765210745,0.6666666666666666,58.13972602739726,608.7229315068494,1298.3934196595937,7663.896998882718
P0106,83.8027397260274,56.44913584394561,3.24,1.14372,0.985,2.17009037758456,303.12129998037165,574.6421766927004,4.25,medium,283.4184154816475,0.5,20.95068493150685,271.5208767123288,595.5928616242072,556.8793256186337
P0107,280.25753424657535,185.58110243722405,2.01,0.38391,0.97,1.8807936081512509,534.6269304103889,1097.9445742460052,22.66,low,2665.222173481871,1.6666666666666667,233.54794520547946,563.3176438356164,1331.492519451485,6637.756507969542
P0108,54.347945205479455,36.12413012599233,4.45,0.5829500000000001,0.985,2.17009037758456,179.09225537646847,420.94061154085205,3.59,medium,141.4470632963348,1.6666666666666667,45.289954337899545,241.84835616438357,466.2305658787516,368.22890093103797
P0109,146.86027397260273,102.45433013621727,2.89,1.22536,0.97,1.8807936081512509,471.02682840570355,895.4530201865255,26.71,low,2767.847849077595,0.6666666666666666,48.95342465753424,424.4261917808219,944.4064448440597,5549.521151192664
P0110,28.52054794520548,19.939268774440322,3.5,0.7035,0.985,2.17009037758456,91.91768378289272,191.73960159111192,3.64,medium,73.6076811733405,1.6666666666666667,23.767123287671232,99.82191780821918,215.50672487878313,172.57778528292954
P0111,41.31232876712329,27.091947351938117,2.29,0.85875,0.995,2.5758293035489004,139.65210626431687,234.2573391410292,44.94,high,1380.712444214048,1.0,20.656164383561645,94.60523287671234,254.91350352459085,2520.2788266469247
P0112,35.24657534246575,23.258214206483373,3.49,1.47278,0.97,1.8807936081512509,127.32002220395118,250.33057014915667,19.46,low,545.0824790595558,0.6666666666666666,11.748858447488583,123.01054794520549,262.07942859664524,1122.0144497079577
P0113,31.756164383561643,21.680325982285844,1.52,0.36936,0.995,2.5758293035489004,75.18755689992197,123.45692676293567,1.95,high,32.25546191006653,1.0,15.878082191780821,48.2693698630137,139.3350089547165,59.77471884157338
P0114,47.83835616438356,32.32711680318652,0.84,0.20748,0.995,2.5758293035489004,80.4859600562623,120.67017923434449,9.98,high,176.71497389952953,0.6666666666666666,15.946118721461186,40.18421917808219,136.6162979558057,299.954743791767
P0115,23.854794520547944,16.031331283416584,2.87,1.18244,0.97,1.8807936081512509,73.6451970169759,142.1084572909485,3.26,low,52.81833530057511,0.6666666666666666,7.951598173515981,68.46326027397261,150.06005546446448,107.62307177911393
P0116,54.295890410958904,36.04476931751392,2.17,0.71827,0.999,3.090232306167813,203.58626864228813,321.408350834069,45.09,critical,2019.53506767777,1.6666666666666667,45.24657534246575,117.82208219178082,366.6549261765347,3637.1435366859887
P0117,41.44931506849315,27.14502728673729,1.68,0.21336,0.995,2.5758293035489004,93.44695240759606,163.08180172266455,8.76,high,180.09096667991912,1.6666666666666667,34.54109589041096,69.6348493150685,197.6228976130755,380.85884827991913
P0118,41.75068493150685,28.21300029274786,4.45,0.5829500000000001,0.985,2.17009037758456,139.53608828094195,325.32663622614746,23.54,medium,722.6294939893422,1.6666666666666667,34.79223744292237,185.79054794520547,360.1188736690698,1864.9836229573784
P0119,29.975342465753425,19.839657953158593,1.92,0.816,0.97,1.8807936081512509,69.20760295678866,126.76026049103524,31.38,low,477.78160777248627,1.0,14.987671232876712,57.55265753424657,141.74793172391193,978.5710214491984
P0120,35.3013698630137,23.322561903073936,2.35,0.24205,0.985,2.17009037758456,79.771863747339,162.7300829254212,4.63,medium,81.25562041303951,1.6666666666666667,29.41780821917808,82.95821917808219,192.14789114459927,195.72184191988882
P0121,31.720547945205478,20.948753266846094,3.83,1.27156,0.985,2.17009037758456,124.80708120285928,246.29677983299626,50.33,medium,1381.9388873267796,0.5,7.9301369863013695,121.48969863013699,254.22691681929763,2814.952959173355
P0122,303.5452054794521,199.94252267571156,2.29,0.85875,0.97,1.8807936081512509,751.1314156204326,1446.2499361683779,3.55,low,586.6336355995578,1.0,151.77260273972604,695.1185205479453,1598.0225389081038,1248.055602887229
P0123,30.073972602739726,19.928236823947454,4.07,1.57102,0.97,1.8807936081512509,116.6789421060616,239.0800105992123,2.27,low,58.269463687767164,0.4,6.014794520547945,122.40106849315069,245.09480511976022,122.40034567680826
P0124,63.59178082191781,41.994052932648344,1.73,0.45845,0.995,2.5758293035489004,160.8768057526047,270.8905865745225,7.16,high,253.41314442150292,0.25,7.948972602739726,110.0137808219178,278.83955917726223,439.22807361602344
P0125,17.53150684931507,11.87259376098067,4.32,1.83168,0.995,2.5758293035489004,104.31721609172868,180.05332568076977,1.22,high,27.998740799019977,0.2,1.7531506849315068,75.7361095890411,181.80647636570131,48.79685825655424
P0126,41.44931506849315,27.162732647126106,1.31,0.42837000000000003,0.985,2.17009037758456,77.69406231883394,131.99266505855996,28.9,medium,493.9788482231462,1.0,20.724657534246575,54.29860273972603,152.71732259280654,970.9767370450639
P0127,82.83013698630137,54.283228252257416,0.76,0.21356000000000003,0.985,2.17009037758456,109.63523991301963,172.58614402260866,11.1,medium,267.7292558675939,0.2,8.283013698630137,62.95090410958904,180.86915772123882,441.68248315526523
P0128,177.8931506849315,118.40291187665146,4.46,0.85632,0.985,2.17009037758456,635.4005979633445,1428.804050018139,2.7,medium,377.4279551902266,0.6666666666666666,59.297716894977164,793.4034520547945,1488.101766913116,883.932449546391
P0129,82.97808219178083,54.41860098968499,1.34,0.19698,0.995,2.5758293035489004,167.6351314488279,278.82576158581423,60.51,high,2231.5923968730867,1.6666666666666667,69.14840182648403,111.19063013698631,347.97416341229825,4632.301658177197
P0130,41.345205479452055,27.141696973232587,2.02,0.33734000000000003,0.985,2.17009037758456,89.01621312340605,172.5335281918992,10.23,medium,200.33988925553766,0.6666666666666666,13.781735159817352,83.51731506849315,186.31526335171657,419.3211316993733
P0131,385.45753424657534,254.81386544176883,1.73,0.45845,0.985,2.17009037758456,822.2225018861149,1489.06403613269,9.65,medium,1745.5783715042219,0.25,48.18219178082192,666.8415342465753,1537.246227913512,3263.5737418603862
P0132,41.93424657534246,28.303225747011354,3.58,1.5036,0.985,2.17009037758456,179.52087017016018,329.64547290988617,22.83,medium,901.6615225166464,0.5,10.483561643835616,150.12460273972601,340.1290345537218,1708.3320889495228
P0133,129.25205479452055,85.48203350461957,1.03,0.33990000000000004,0.97,1.8807936081512509,182.8967295308312,316.0263459691874,63.89,low,2570.7598509394575,1.6666666666666667,107.71004566210046,133.12961643835618,423.7363916312878,5955.953973491055
P0134,35.082191780821915,23.161848974772113,3.89,1.31482,0.999,3.090232306167813,200.61658240953585,337.0863084369331,4.82,critical,212.73382398707184,0.3333333333333333,5.847031963470319,136.46972602739726,342.93334040040344,363.64651416058786
P0135,141.0849315068493,93.3078970181147,1.7,0.6987,0.985,2.17009037758456,339.79800246424895,579.6423860258927,45.13,medium,3373.7184472665426,1.0,70.54246575342465,239.8443835616438,650.1848517793175,6455.4253193761315
P0136,41.28767123287671,27.0806079253384,1.73,0.45845,0.985,2.17009037758456,87.5327795333843,158.960450766261,26.29,medium,506.2720902651881,0.25,5.160958904109589,71.4276712328767,164.1214096703706,949.2454092514895
P0137,11.252054794520548,7.869961489304962,3.89,1.31482,0.97,1.8807936081512509,40.33007639735791,84.10056954804284,37.37,low,331.56969009323825,0.3333333333333333,1.8753424657534246,43.770493150684935,85.97591201379626,706.8423630302245
P0138,41.28767123287671,27.106464625749332,2.04,0.58344,0.995,2.5758293035489004,117.45288344917331,201.6797327642418,19.99,high,516.5342908327743,1.0,20.643835616438356,84.22684931506849,222.32356838068017,977.7345890245552
P0139,215.95616438356166,144.3579884952353,1.02,0.40800000000000003,0.985,2.17009037758456,369.67670027639247,589.9519879476254,13.66,medium,1110.9524196706145,0.6666666666666666,71.98538812785388,220.2752876712329,661.9373760754793,1989.2542025820303
P0140,135.33424657534246,90.07828130859548,2.87,1.18244,0.97,1.8807936081512509,415.8865450158337,804.2958326870666,12.05,low,1102.5152308369752,0.6666666666666666,45.111415525114154,388.4092876712329,849.4072482121808,2251.7786150104916
P0141,41.43561643835616,27.218879648196868,2.29,0.85875,0.97,1.8807936081512509,102.3733178829327,197.2608795267683,95.37,low,2147.935531828964,1.0,20.71780821917808,94.88756164383561,217.9786877459464,4573.4980390728
P0142,31.676712328767124,21.614749495539616,1.04,0.2496,0.985,2.17009037758456,50.818964568421855,83.76274539033966,5.6,medium,62.60896434829573,1.6666666666666667,26.397260273972606,32.94378082191781,110.16000566431228,135.7171269784327
P0143,12.531506849315068,9.430615281692871,1.68,0.21336,0.985,2.17009037758456,27.153209231195564,48.20614073804488,7.56,medium,45.16121759332446,1.6666666666666667,10.442922374429225,21.052931506849315,58.64906311247411,97.54512176866693
P0144,82.95068493150686,54.472372075984765,4.07,1.3593800000000003,0.97,1.8807936081512509,296.1388247755918,633.7481124468247,21.78,low,1418.9787927947257,0.3333333333333333,13.825114155251143,337.60928767123295,647.5732266020759,3102.9118725865073
P0145,175.17260273972602,114.94513892119896,4.45,0.5829500000000001,0.985,2.17009037758456,570.9563786740448,1350.4744608658257,10.61,medium,1332.7263791009555,1.6666666666666667,145.97716894977168,779.5180821917808,1496.4516298155972,3493.017394315567
P0146,11.284931506849315,7.863597994278794,1.68,0.21336,0.985,2.17009037758456,22.72718213550338,41.68586706701023,11.04,medium,55.19977997071061,1.6666666666666667,9.404109589041097,18.95868493150685,51.08997665605132,124.08733530221744
P0147,17.55068493150685,11.867203898801682,4.07,1.57102,0.985,2.17009037758456,79.24312377216057,150.67441144339347,18.88,medium,329.1442389000461,0.4,3.5101369863013705,71.4312876712329,154.18454842969484,640.4209403575804
P0148,15.819178082191781,10.794033984209312,0.76,0.21356000000000003,0.985,2.17009037758456,21.69674710094658,33.71932244341234,2.37,medium,11.312683938433548,0.2,1.5819178082191783,12.022575342465753,35.30124025163151,18.406066667200673
P0149,41.31506849315068,27.07198214707725,3.83,1.27156,0.97,1.8807936081512509,140.32863376300642,298.56534609177356,57.13,low,1763.7344663137226,0.5,10.32876712328767,158.2367123287671,308.8941132150612,3882.3665513548185
P0150,15.821917808219178,10.788606202120583,4.45,0.5829500000000001,0.985,2.17009037758456,53.28993840419295,123.69747265076829,20.14,medium,236.11705908129815,1.6666666666666667,13.184931506849315,70.40753424657534,136.8824041576176,606.498556341572
P0151,95.57808219178082,64.35732633007576,4.07,1.3593800000000003,0.985,2.17009037758456,398.60254321091725,787.6053377314652,3.64,medium,319.2009166033025,0.3333333333333333,15.929680365296804,389.002794520548,803.5350180967621,643.4708424918871
P0152,210.35342465753425,141.50687678139997,0.85,0.32384999999999997,0.999,3.090232306167813,454.81358338388156,633.6139943427856,5.06,critical,506.298481022937,0.5,52.58835616438356,178.8004109589041,686.2023505071693,763.8804565845808
P0153,41.41917808219178,27.169131732589747,2.47,0.5681,0.995,2.5758293035489004,125.5814242773663,227.88679414038,54.67,high,1510.4180223535955,1.0,20.70958904109589,102.3053698630137,248.59638318147586,2989.968139076883
P0154,23.923287671232877,16.106944449249017,1.4,0.1722,0.97,1.8807936081512509,36.67201001069474,70.16461275042076,5.36,low,43.24363420461124,1.6666666666666667,19.936073059360734,33.492602739726024,90.1006858097815,106.24672870689434
P0155,31.723287671232878,20.93757414648472,4.46,0.85632,0.999,3.090232306167813,160.368959989947,301.8548230036456,42.68,critical,1505.8003867216064,0.6666666666666666,10.574429223744293,141.48586301369863,312.42925222738995,2933.5857067143006
P0156,70.41643835616438,46.42963189654937,2.87,1.18244,0.985,2.17009037758456,248.5644335351636,450.6596116173554,188.4,medium,10302.49864116546,0.6666666666666666,23.472146118721458,202.09517808219178,474.1317577360768,19651.81309464491
P0157,41.38630136986301,27.07501440883452,1.94,0.50052,0.995,2.5758293035489004,110.82734329765509,191.11676795518935,42.3,high,1031.3592567279782,1.6666666666666667,34.48858447488585,80.28942465753424,225.6053524300752,2099.48340971428
P0158,244.28493150684932,161.49033216328104,1.64,0.5920399999999999,0.985,2.17009037758456,547.6483485047102,948.275636175943,30.77,medium,3707.250730367785,1.6666666666666667,203.57077625570778,400.62728767123286,1151.8464124316508,7797.309104314817
P0159,20.55890410958904,13.913980592863496,3.66,1.2297600000000002,0.985,2.17009037758456,79.66855244703616,154.91414148813203,20.96,medium,367.3676290437732,0.12195121951219512,1.2535917139993318,75.24558904109588,156.1677332021314,720.1206513416683
P0160,27.08219178082192,18.02817805475939,2.66,0.75012,0.97,1.8807936081512509,67.21660991187964,139.25524004886597,38.07,low,562.9659946559568,1.0,13.54109589041096,72.03863013698631,152.7963359392769,1279.7304320258197
P0161,60.04657534246575,39.80157543609981,3.36,1.19952,0.995,2.5758293035489004,264.0783404416187,465.83483359230365,11.0,high,639.0695838687172,1.6666666666666667,50.038812785388124,201.75649315068492,515.8736463776918,1248.4142242340142
P0162,17.49041095890411,11.868465980098637,4.16,0.9193600000000001,0.985,2.17009037758456,63.06513789197092,135.825247481012,28.77,medium,399.16448377344074,0.6666666666666666,5.83013698630137,72.76010958904111,141.6553844673134,896.5935904474135
P0163,41.41095890410959,27.14573794104134,1.92,0.816,0.985,2.17009037758456,109.72775499738383,189.23679609327422,47.58,medium,1148.586248210615,1.0,20.705479452054796,79.50904109589041,209.94227554532904,2197.591763498286
P0164,307.5890410958904,203.146054994411,1.22,0.35135999999999995,0.985,2.17009037758456,540.4677261326348,915.7263562696211,7.17,medium,852.5337912016181,1.6666666666666667,256.324200913242,375.2586301369863,1172.050557182863,1848.792548900248
P0165,138.1013698630137,91.76147485382462,2.02,0.33734000000000003,0.985,2.17009037758456,300.5328327764609,579.4975998997486,2.82,medium,186.45056945451634,0.6666666666666666,46.0337899543379,278.9647671232877,625.5313898540865,388.0796742654752
P0166,60.30958904109589,40.01936400931141,3.66,1.2297600000000002,0.97,1.8807936081512509,200.48160829268198,421.214704183093,8.34,low,367.8436548954129,0.12195121951219512,3.677413965920481,220.73309589041097,424.8921181490134,779.5920583798098
P0167,82.9972602739726,54.385907324877856,3.58,1.5036,0.985,2.17009037758456,351.0099058850427,648.1400976658647,8.33,medium,643.2607535249292,0.5,20.74931506849315,297.1301917808219,668.8894127343578,1225.8067377769844
P0168,82.5123287671233,54.191743281533356,3.89,1.31482,0.985,2.17009037758456,330.49394218267145,651.466901086781,38.3,medium,2784.7419568311893,0.3333333333333333,13.752054794520548,320.97295890410965,665.2189558813017,5605.134922255847
P0169,186.73150684931508,122.4121538315955,4.16,0.9193600000000001,0.985,2.17009037758456,657.5348146125908,1434.3378831057416,9.63,medium,1393.053258238235,0.6666666666666666,62.24383561643836,776.8030684931508,1496.58171872218,3170.6580292848107
P0170,41.394520547945206,27.181683647947136,0.84,0.20748,0.985,2.17009037758456,57.18473639967767,91.95613365995163,12.3,medium,154.74189669752778,0.6666666666666666,13.798173515981734,34.77139726027397,105.75430717593338,286.17115521807574
P0171,82.66027397260274,54.16564627315425,3.66,1.2297600000000002,0.999,3.090232306167813,448.5770707528237,751.1136734925498,27.95,critical,2758.300408059113,0.12195121951219512,5.040260608085533,302.53660273972605,756.1539341006353,4649.590540784806
P0172,27.16986301369863,18.044014295723116,1.31,0.42837000000000003,0.97,1.8807936081512509,44.58626844428068,80.17878899222589,29.82,low,292.50375550185896,1.0,13.584931506849315,35.592520547945206,93.76372049907519,615.1275119621329
P0173,30.194520547945206,20.046182191194692,3.66,1.2297600000000002,0.985,2.17009037758456,115.84208534835503,226.3540305538345,2.9,medium,73.9072504522505,0.12195121951219512,1.841129301703976,110.51194520547946,228.19515985553846,145.58851198783356
P0174,250.61917808219178,164.31845643656777,3.24,1.14372,0.97,1.8807936081512509,774.6569392486296,1586.663076234931,56.83,low,9685.225848649916,0.5,62.654794520547945,812.0061369863014,1649.317870755479,20620.76161090745
P0175,83.15342465753425,54.52223581626432,4.07,1.57102,0.995,2.5758293035489004,439.89002236008423,778.3244607162486,5.86,high,567.1062168266207,0.4,16.63068493150685,338.4344383561644,794.9551456477554,1024.8561737690864
P0176,27.101369863013698,17.982534972922643,2.89,1.22536,0.985,2.17009037758456,97.95205175753509,176.27501066164467,3.1,medium,66.80329929863893,0.6666666666666666,9.033789954337898,78.32295890410958,185.30880061598256,126.38060202010011
P0177,43.46027397260274,32.61036518512404,4.45,0.5829500000000001,0.985,2.17009037758456,159.08643059947624,352.48464977755845,46.76,medium,1636.5539288629318,1.6666666666666667,36.216894977168955,193.3982191780822,388.70154475472737,3998.650531200831
P0178,15.824657534246576,10.81014710564023,4.32,1.83168,0.985,2.17009037758456,79.58651951646272,147.94904006440794,43.74,medium,765.8451600030174,0.2,1.5824657534246578,68.36252054794521,149.53150581783257,1438.9117741838393
P0179,41.51780821917808,27.221170567244737,2.29,0.71677,0.995,2.5758293035489004,130.8980938042533,225.9738746261711,23.96,high,689.9900320609801,1.6666666666666667,34.598173515981735,95.0757808219178,260.5720481421528,1373.5273801669161
P0180,29.986301369863014,19.875777094964285,0.84,0.20748,0.985,2.17009037758456,41.77335787218046,66.96185102286539,149.19,medium,1371.0767974091327,0.6666666666666666,9.995433789954337,25.18849315068493,76.95728481281974,2525.876610669407
P0181,256.26575342465753,168.28383288914628,2.35,0.24205,0.97,1.8807936081512509,499.0249686304915,1101.2494891784368,0.86,low,94.415524064889,1.6666666666666667,213.55479452054794,602.2245205479452,1314.8042836989848,248.76097047584793
P0182,166.06849315068493,109.791852112557,1.92,0.816,0.985,2.17009037758456,442.1216787209429,760.973185570258,1.45,medium,141.0368155119808,1.0,83.03424657534246,318.85150684931506,844.0074321456004,269.23837085444654
P0183,41.52602739726027,27.272183365999464,1.73,0.45845,0.985,2.17009037758456,88.1269407352705,159.96696813253078,4.51,medium,87.43955059753537,0.25,5.190753424657534,71.84002739726027,165.1577215571883,163.8694913290422
P0184,259.1616438356164,170.1033417555671,4.46,0.85632,0.985,2.17009037758456,916.3374439116951,2072.1983754185444,2.72,medium,548.3363264367584,0.6666666666666666,86.38721461187214,1155.8609315068493,2158.585590030417,1291.6976170742014
P0185,6.238356164383561,4.68463205707354,3.36,1.19952,0.985,2.17009037758456,24.717471828721685,45.678348541050454,38.29,medium,208.21503919078575,1.6666666666666667,5.198630136986301,20.960876712328766,50.87697867803675,428.577492988046
P0186,196.17260273972602,130.38204772209684,3.83,1.27156,0.985,2.17009037758456,774.3633182492645,1525.7043867424152,51.69,medium,8805.904782466985,0.5,49.043150684931504,751.3410684931507,1574.7475374273467,17907.7140461163
P0187,82.74520547945205,54.29309206938682,3.76,0.7745599999999999,0.985,2.17009037758456,267.4690250353347,578.5909976380744,14.45,medium,850.284030587329,1.0,41.37260273972603,311.12197260273973,619.9636003778005,1970.8642856010276
P0188,41.33424657534247,27.107094379668663,1.04,0.2496,0.995,2.5758293035489004,76.00343985393536,118.99105629229153,147.87,high,2472.498303264313,1.6666666666666667,34.445205479452056,42.98761643835617,153.4362617717436,4991.4964062013005
P0189,222.72602739726028,147.38438011550684,1.68,0.56616,0.985,2.17009037758456,496.7282835625287,870.908009589926,103.08,medium,11264.6053233176,1.0,111.36301369863014,374.17972602739724,982.2710232885561,22275.54935772856
P0190,136.61369863013698,91.9266987534097,3.66,1.2297600000000002,0.985,2.17009037758456,527.7987644830571,1027.8049014693584,61.72,medium,7166.662743656742,0.12195121951219512,8.330103575008351,500.0061369863014,1036.1350050443668,14069.05555249443
P0191,11.336986301369864,7.920197904643099,1.73,0.45845,0.985,2.17009037758456,25.264129552329077,44.87711585369894,19.0,medium,105.60406152873554,0.25,1.417123287671233,19.612986301369865,46.29423914137018,193.50991961092734
P0192,257.3232876712329,168.77459000370808,4.07,1.3593800000000003,0.985,2.17009037758456,1059.3365045676776,2106.6422853895956,101.34,medium,23617.69550203546,0.3333333333333333,42.887214611872146,1047.305780821918,2149.5295000014676,47923.33029663272
P0193,124.51780821917808,82.92166855570395,1.52,0.36936,0.995,2.5758293035489004,288.75470875689524,478.02177725004594,27.37,high,1738.707603308769,1.0,62.25890410958904,189.26706849315067,540.280681359635,3253.2460947389063
P0194,175.24931506849316,114.79631163821584,2.97,0.8613,0.985,2.17009037758456,540.0115965523482,1060.502062305773,1.71,medium,203.1523626229934,1.6666666666666667,146.041095890411,520.4904657534247,1206.5431581961839,453.90153611340435
P0195,41.31780821917808,27.107900709888714,3.58,1.5036,0.995,2.5758293035489004,207.51488020957638,355.4326336342339,2.06,high,94.04574371098002,0.5,10.32945205479452,147.91775342465755,365.7620856890285,165.76337723426772
P0196,482.4657534246575,316.5545229408035,3.49,1.47278,0.97,1.8807936081512509,1738.7176833299309,3422.523162781986,2.58,low,986.8961570580689,0.6666666666666666,160.82191780821915,1683.805479452055,3583.345080590205,2033.9066677430003
P0197,63.76438356164383,42.139803199571666,4.46,0.85632,0.985,2.17009037758456,226.57821804364715,510.96736872857866,6.96,medium,346.9365674684325,0.6666666666666666,21.254794520547943,284.3891506849315,532.2221632491267,814.9385763670628
P0198,178.96438356164384,117.51727178395856,2.87,1.18244,0.985,2.17009037758456,630.5087166517701,1144.136497473688,13.8,medium,1914.224463754774,0.6666666666666666,59.654794520547945,513.6277808219179,1203.791291994236,3654.7103624945003
P0199,63.6,42.05496142216492,1.07,0.41516000000000003,0.97,1.8807936081512509,95.71010474944747,163.76210474944747,24.18,low,509.1394732251607,1.6666666666666667,53.0,68.052,216.76210474944747,1153.0876924251606
P0200,35.07671232876712,23.143000986389577,4.46,0.85632,0.995,2.5758293035489004,147.7678550559234,304.20999204222477,17.0,high,552.6517779091536,0.6666666666666666,11.692237442922373,156.44213698630136,315.90222948514713,1181.4743382744502
P0201,119.86027397260274,79.38624237200493,2.29,0.71677,0.985,2.17009037758456,320.504763500658,594.9847908979183,180.98,medium,12761.089461636797,1.6666666666666667,99.88356164383562,274.4800273972603,694.8683525417539,27666.600377461455
P0202,148.1068493150685,97.3065117717092,4.31,1.0430199999999998,0.985,2.17009037758456,551.8734801515726,1190.2140006995178,35.35,medium,4291.92005513878,1.6666666666666667,123.42237442922375,638.3405205479452,1313.6363751287415,10216.150089376224
P0203,189.44383561643835,124.40361133311266,3.58,1.5036,0.97,1.8807936081512509,694.9863151072515,1373.1952466141008,3.06,low,467.8647873302017,0.5,47.36095890410959,678.2089315068494,1420.5562055182104,956.3184375548592
P0204,79.30684931506849,55.349330998386876,0.84,0.20748,0.995,2.5758293035489004,137.37006741048174,203.98782083513927,3.92,high,118.46794613479943,0.6666666666666666,26.435616438356163,66.61775342465754,230.42343727349544,198.71717230466245
P0205,257.3205479452055,170.57199743038493,3.45,1.41795,0.97,1.8807936081512509,908.8447367976268,1796.6006272085856,4.86,low,971.7367925840225,1.6666666666666667,214.4337899543379,887.755890410959,2011.0344171629235,2150.1979988305984
P0206,30.054794520547944,19.888211215592364,2.36,0.45311999999999997,0.985,2.17009037758456,72.59068198370448,143.51999705219762,14.7,medium,234.7582655353003,1.0,15.027397260273972,70.92931506849314,158.5473943124716,512.7422732065331
P0207,233.43561643835616,153.30340290864046,3.58,1.5036,0.999,3.090232306167813,1407.1031492241946,2242.8026560735098,10.52,critical,3256.599528564476,0.5,58.35890410958904,835.6995068493151,2301.1615601830986,5325.808314887763
P0208,63.364383561643834,41.85914820471034,1.73,0.45845,0.985,2.17009037758456,135.08971172722795,244.7100952888718,5.91,medium,175.6436431877418,0.25,7.920547945205479,109.62038356164383,252.63064323407724,328.4703623329472
P0209,41.397260273972606,27.116223057661266,0.76,0.21356000000000003,0.985,2.17009037758456,54.76973585081261,86.23165365903179,18.67,medium,224.96121303362773,0.2,4.139726027397261,31.46191780821918,90.37137968642905,371.1914049240387
P0210,29.96712328767123,19.831128092649347,1.31,0.42837000000000003,0.985,2.17009037758456,56.58809597848131,95.84502748533063,27.66,medium,344.3498816482545,1.0,14.983561643835616,39.25693150684931,110.82858912916625,674.4141305688024
P0211,12.468493150684932,9.371585483866058,2.29,0.71677,0.995,2.5758293035489004,43.17828048618998,71.73112980125848,85.57,high,812.8484014647208,1.6666666666666667,10.390410958904111,28.552849315068492,82.12154076016259,1545.9708534263646
P0212,35.172602739726024,23.248426983736433,2.01,0.38391,0.985,2.17009037758456,77.29658723008617,147.99351873693547,6.13,medium,104.24217753849422,1.6666666666666667,29.31050228310502,70.6969315068493,177.3040210200405,239.1122027476266
P0213,82.6054794520548,54.1472146006976,1.94,0.50052,0.985,2.17009037758456,186.6453456803032,346.8999758172895,2.58,medium,105.93989820814011,1.6666666666666667,68.837899543379,160.2546301369863,415.73787536066845,235.97281805471542
P0214,408.71232876712327,270.2493292960161,3.76,0.7745599999999999,0.999,3.090232306167813,1891.9401689322888,3428.6985250966723,7.85,critical,3267.3806717460625,1.0,204.35616438356163,1536.7583561643835,3633.0546894802337,6274.285448732363
P0215,449.3205479452055,294.8992261097653,2.87,1.18244,0.97,1.8807936081512509,1371.645485114255,2661.1954577169945,0.56,low,168.98672376607624,0.6666666666666666,149.77351598173516,1289.5499726027397,2810.9689736987298,346.31137755968354
P0216,31.613698630136987,21.4822013924823,1.52,0.36936,0.995,2.5758293035489004,74.55705135434046,122.60987327214869,2.68,high,43.958837478519136,1.0,15.806849315068494,48.052821917808224,138.41672258721718,81.61049963742326
P0217,20.44931506849315,13.77969444237369,3.5,0.7035,0.995,2.5758293035489004,76.04324523240284,147.61584797212885,2.73,high,45.67157308658115,1.6666666666666667,17.041095890410958,71.57260273972602,164.65694386253983,98.89296048384142
P0218,41.47945205479452,27.157613623455745,3.66,1.2297600000000002,0.97,1.8807936081512509,136.94164572438413,288.7564402449321,1.79,low,53.92762008626247,0.12195121951219512,2.5292348813899097,151.81479452054796,291.28567512632196,114.7082988647456
P0219,82.83287671232877,54.287614333275826,2.66,0.75012,0.995,2.5758293035489004,278.6198973658572,498.9553494206517,22.03,high,1350.3591945733635,1.0,41.416438356164385,220.33545205479453,540.3717877768161,2618.965906639117
P0220,480.4054794520548,314.73863214308426,3.24,1.14372,0.985,2.17009037758456,1712.6541215995428,3269.1678750242004,18.11,medium,6823.556551276898,0.5,120.1013698630137,1556.5137534246576,3389.269244887214,13503.526525479638
P0221,437.958904109589,287.44905130770013,0.84,0.20748,0.985,2.17009037758456,604.7648469798527,972.6503264319074,26.23,medium,3489.856025981938,0.6666666666666666,145.98630136986299,367.88547945205477,1118.6366278017704,6455.204524392896
P0222,41.44931506849315,27.191441381796775,2.87,1.18244,0.985,2.17009037758456,145.96362541660423,264.9231596631796,5.39,medium,173.08366701900928,0.6666666666666666,13.816438356164383,118.95953424657534,278.73959801934393,330.529415331338
P0223,14.284931506849315,9.962617920667634,4.46,0.85632,0.995,2.5758293035489004,62.68878154269009,126.39957606323803,3.63,high,50.0632609399923,0.6666666666666666,4.761643835616438,63.71079452054794,131.16121989885445,104.74535021122517
P0224,169.0246575342466,111.15617142237649,1.92,0.816,0.97,1.8807936081512509,388.8560518983546,713.383394364108,6.23,low,532.9661047318849,1.0,84.5123287671233,324.5273424657534,797.8957231312313,1093.5958781236657
P0225,20.997260273972604,14.153106797933791,2.97,0.8613,0.985,2.17009037758456,65.89314422748427,128.2550072411829,9.93,medium,143.95016287936213,1.6666666666666667,17.49771689497717,62.36186301369864,145.75272413616008,318.4114011478553
P0226,6.213698630136986,4.660840933311283,4.07,1.57102,0.995,2.5758293035489004,34.91251404142383,60.202267466081366,0.72,high,5.530142224161535,0.4,1.2427397260273974,25.289753424657537,61.44500719210876,9.732889139230027
P0227,110.62465753424658,75.40315778216788,0.76,0.21356000000000003,0.97,1.8807936081512509,131.37614937944042,215.4508891054678,12.88,low,372.2674568815824,0.2,11.062465753424659,84.0747397260274,226.51335485889246,641.8482423281577
P0228,83.11780821917809,54.52653185836763,4.46,0.85632,0.97,1.8807936081512509,254.6108313508228,625.3162560083571,5.18,low,290.15450340739767,0.6666666666666666,27.705936073059362,370.70542465753425,653.0221920814164,744.1840900959821
P0229,27.172602739726027,18.06430257573745,2.63,0.7574399999999999,0.995,2.5758293035489004,92.22123520573746,163.6851804112169,1.23,high,24.955066246672555,1.6666666666666667,22.643835616438356,71.46394520547945,186.32901602765526,50.42063173708352
P0230,31.720547945205478,21.57401621217308,1.03,0.33990000000000004,0.985,2.17009037758456,52.96304806638632,85.63521244994797,8.48,medium,98.80786247265033,1.6666666666666667,26.4337899543379,32.67216438356164,112.06900240428587,209.07593088543572
P0231,54.29041095890411,36.00447226640458,1.34,0.19698,0.985,2.17009037758456,93.37533063202402,166.12448131695552,0.89,medium,18.282889737750303,1.6666666666666667,45.242009132420094,72.74915068493151,211.36649044937565,41.38555882998775
P0232,70.14520547945206,46.37322622150823,1.52,0.36936,0.999,3.090232306167813,193.9718737107638,300.59258603953094,6.91,critical,294.87604241510314,1.0,35.07260273972603,106.62071232876713,335.66518877925694,510.27821998222635
P0233,251.2164383561644,164.83874822338126,4.07,1.57102,0.985,2.17009037758456,1119.9654765018665,2142.4163806114557,175.56,medium,43256.6505920269,0.4,50.24328767123288,1022.4509041095891,2192.6596682826885,84687.53290001593
P0234,82.88493150684931,54.325311505033476,0.85,0.32384999999999997,0.97,1.8807936081512509,106.87578553414332,177.32797731496524,160.74,low,3779.4270286868036,0.5,20.721232876712328,70.45219178082192,198.04921019167756,7003.574610166255
P0235,82.88219178082191,54.480965882907654,1.64,0.5920399999999999,0.985,2.17009037758456,185.10287088997657,321.0296654105245,2.33,medium,94.88373161820199,1.6666666666666667,69.06849315068493,135.92679452054793,390.0981585612094,199.96431607847595
P0236,200.2164383561644,131.44701750270625,1.73,0.45845,0.995,2.5758293035489004,504.20996966594015,850.5844080221045,5.5,high,610.0940632957876,0.25,25.02705479452055,346.3744383561644,875.6114628166251,1059.4898700081164
P0237,30.21095890410959,20.012959823353555,2.47,0.5681,0.995,2.5758293035489004,92.29394880715057,166.91501730030126,22.75,high,461.93121377978866,1.0,15.105479452054794,74.62106849315069,182.02049675235605,911.012586245542
P0238,54.49589041095891,36.17924105153231,4.45,0.5829500000000001,0.97,1.8807936081512509,155.48148581255958,397.98819814132673,25.48,low,871.5670168708841,1.6666666666666667,45.413242009132425,242.50671232876715,443.40144015045917,2485.531112907414
P0239,56.915068493150685,39.71859693703183,1.64,0.5920399999999999,0.97,1.8807936081512509,114.75353613469643,208.09424846346354,34.46,low,869.9695081443606,1.6666666666666667,47.42922374429224,93.34071232876711,255.5234722077558,1937.1745475014382
P0240,30.03013698630137,19.92531856799605,3.49,1.47278,0.985,2.17009037758456,125.44719655470739,230.25237463689916,10.15,medium,280.1235899066616,0.6666666666666666,10.010045662100456,104.80517808219179,240.26242029899964,536.5059845276662
P0241,302.14520547945204,203.08426297582227,1.52,0.36936,0.985,2.17009037758456,594.8752898973792,1054.1360022261463,5.54,medium,725.0340033269257,1.0,151.07260273972602,459.2607123287671,1205.2086049658724,1468.9082477324055
P0242,129.55616438356165,85.93023778314249,4.07,1.3593800000000003,0.995,2.5758293035489004,636.5466258022824,1163.8402148433784,35.6,high,4985.433173283475,0.3333333333333333,21.592694063926942,527.293589041096,1185.4329089073053,9284.310542562016
P0243,30.172602739726027,20.010308197056865,1.04,0.2496,0.97,1.8807936081512509,40.910876361462954,72.29038321077803,45.21,low,406.90775846638286,1.6666666666666667,25.143835616438356,31.37950684931507,97.43421882721637,969.1002272992596
P0244,157.4931506849315,103.54007602405888,3.7,1.2913,0.985,2.17009037758456,617.7167133819457,1200.4413709161922,6.22,medium,845.2835505918545,1.6666666666666667,131.24429223744292,582.7246575342466,1331.6856631536352,1822.2786614594345
P0245,31.016438356164382,23.285961280873696,2.36,0.45311999999999997,0.97,1.8807936081512509,72.28701464635394,145.48580916690187,6.76,low,107.50524818205757,1.0,15.508219178082191,73.19879452054793,160.99402834498406,239.4303189546603
P0246,47.47945205479452,31.916059888711363,3.58,1.5036,0.995,2.5758293035489004,240.853949384756,410.8303877409204,72.37,high,3834.7320697344544,0.5,11.86986301369863,169.97643835616438,422.700250754619,6729.979772364592
P0247,15.832876712328767,10.76635039220466,4.46,0.85632,0.995,2.5758293035489004,68.18884230519045,138.80347244217677,91.17,high,1367.690885652127,0.6666666666666666,5.277625570776255,70.6146301369863,144.08109801295302,2889.892215285004
P0248,385.5452054794521,255.0325798197788,3.86,1.38188,0.995,2.5758293035489004,1883.9020946740836,3372.1065878247687,11.87,high,4919.621930031902,1.6666666666666667,321.28767123287673,1488.204493150685,3693.3942590576453,9644.929768103133
P0249,9.56986301369863,6.813341084917513,0.85,0.32384999999999997,0.97,1.8807936081512509,13.174071922124323,21.308455483768157,27.26,low,79.007544131364,0.5,2.3924657534246574,8.134383561643835,23.700921237192816,142.13916484369278
P0250,35.23287671232877,23.331415733049393,1.68,0.21336,0.999,3.090232306167813,96.29562188515908,155.4868547618714,22.71,critical,481.11218606263185,1.6666666666666667,29.360730593607308,59.19123287671233,184.8475853554787,923.5355059530428
P0251,82.79178082191781,54.249073910727816,3.24,1.14372,0.985,2.17009037758456,295.17624533979523,563.4216152028089,32.1,medium,2084.5346445896344,0.5,20.697945205479453,268.2453698630137,584.1195604082884,4125.052335603333
P0252,22.70958904109589,15.852446030828148,4.32,1.83168,0.97,1.8807936081512509,99.8044444089429,197.90986906647714,372.76,low,8184.683033533062,0.2,2.270958904109589,98.10542465753424,200.18082797058673,16416.2691955495
P0253,63.66575342465753,42.05194400119563,2.97,0.8613,0.985,2.17009037758456,197.21523700991304,386.3025246811459,4.97,medium,215.63514014663892,1.6666666666666667,53.054794520547944,189.08728767123287,439.3573192016938,480.39329281513204
P0254,41.38082191780822,27.14531842711388,0.84,0.20748,0.985,2.17009037758456,57.11435075855293,91.87424116951183,28.31,medium,355.71959939441933,0.6666666666666666,13.793607305936073,34.7598904109589,105.66784847544791,658.1204938747846
P0255,82.71232876712328,54.21089248543543,4.46,0.85632,0.985,2.17009037758456,292.1475093194854,661.0444956208553,164.75,medium,10588.886475284748,0.6666666666666666,27.57077625570776,368.89698630136985,688.6152718765629,24958.860529166024
P0256,60.082191780821915,39.724446975264385,4.31,1.0430199999999998,0.985,2.17009037758456,224.77423199253406,483.7284785678765,24.88,medium,1230.3242362343344,1.6666666666666667,50.06849315068493,258.95424657534244,533.7969717185615,2921.7911043987183
P0257,82.73150684931507,54.261669825795146,3.76,0.7745599999999999,0.97,1.8807936081512509,231.7042222466796,542.7746880001042,5.96,low,303.81057620984626,1.0,41.365753424657534,311.0704657534246,584.1404414247618,765.9249467961475
P0258,60.02739726027397,39.812187032854695,1.68,0.21336,0.985,2.17009037758456,115.37960259490119,216.22562999216146,11.17,medium,283.5338354167102,1.6666666666666667,50.02283105022831,100.84602739726027,266.24846104238975,654.2789681655686
P0259,310.44657534246574,208.65288889578832,4.32,1.83168,0.995,2.5758293035489004,1842.0794455951802,3183.208651074632,22.66,high,9183.134452181093,0.2,31.044657534246575,1341.1292054794521,3214.253308608879,16023.695594076982
P0260,120.5123287671233,79.78775406810418,1.92,0.816,0.97,1.8807936081512509,278.28919469313064,509.6728659260074,19.76,low,1209.7787871699777,1.0,60.25616438356165,231.3836712328767,569.929030309569,2477.595480561759
P0261,236.35890410958905,155.10694629836703,4.32,1.83168,0.985,2.17009037758456,1171.3725212856846,2192.4429870391095,195.07,medium,50269.92029998366,0.2,23.635890410958908,1021.0704657534247,2216.078877450068,95103.91145732065
P0262,180.95890410958904,118.81769191026915,2.47,0.5681,0.985,2.17009037758456,462.58563225399394,909.5541254046789,11.62,medium,1182.5539102941102,1.0,90.47945205479452,446.968493150685,1000.0335774594735,2556.4858374173978
P0263,27.043835616438358,18.000862206924534,2.66,0.75012,0.97,1.8807936081512509,67.11691276592832,139.05351550565436,5.79,low,85.49352348123949,1.0,13.521917808219179,71.93660273972604,152.57543331387353,194.35058695521212
P0264,349.1123287671233,230.63213653463166,3.06,0.6915600000000001,0.985,2.17009037758456,1020.2990665397028,2088.5827925671,20.44,medium,4588.080842415737,1.6666666666666667,290.92694063926945,1068.2837260273973,2379.5097332063697,10700.179368282403
P0265,70.32054794520548,46.48807881840681,2.36,0.45311999999999997,0.985,2.17009037758456,169.7058662799685,335.6623594306534,11.23,medium,419.27531323129017,1.0,35.16027397260274,165.9564931506849,370.82263340325613,916.1543980860846
P0266,70.14520547945206,46.37470725329209,3.89,1.31482,0.985,2.17009037758456,281.8775262079328,554.7423755230013,8.59,medium,532.6921490277514,0.3333333333333333,11.690867579908677,272.8648493150685,566.43324310291,1070.4455428158792
P0267,82.58904109589041,54.19785578673915,2.66,0.75012,0.97,1.8807936081512509,203.01697960587384,422.7038289209423,3.34,low,149.1768766143961,1.0,41.294520547945204,219.68684931506849,463.99834946888757,340.94598718973856
P0268,41.50410958904109,27.26343019361326,3.24,1.14372,0.985,2.17009037758456,148.16470903309713,282.6380241015903,6.11,medium,199.16300188228917,0.5,10.376027397260273,134.47331506849315,293.01405149885056,393.86948802475496
P0269,154.53698630136986,101.91567229883458,4.07,1.3593800000000003,0.985,2.17009037758456,637.8943070496599,1266.8598412962353,113.08,medium,15869.27941305862,0.3333333333333333,25.756164383561643,628.9655342465754,1292.6160056797971,32157.18394289972
P0270,82.92328767123287,54.39598027869527,1.73,0.45845,0.985,2.17009037758456,175.8197294222423,319.27701709347514,9.74,medium,376.74651620598075,0.25,10.365410958904109,143.45728767123288,329.6424280523793,706.3577948306383
P0271,503.94246575342464,332.4025586039175,4.07,1.57102,0.985,2.17009037758456,2251.5615640952014,4302.60739971164,35.89,medium,17777.879797782894,0.4,100.78849315068493,2051.0458356164386,4403.395892862325,34768.33329086235
P0272,82.6054794520548,54.12463204557556,3.58,1.5036,0.995,2.5758293035489004,414.6569512175599,710.384567655916,71.72,high,6542.623239091147,0.5,20.6513698630137,295.72761643835616,731.0359375189298,11534.577436548681
P0273,41.45205479452055,27.208818613211783,0.76,0.21356000000000003,0.999,3.090232306167813,78.23903263427681,109.74259427811242,6.15,critical,105.85741115417653,0.2,4.145205479452055,31.503561643835617,113.8877997575645,154.09019307198477
P0274,82.57808219178082,54.14624642398042,2.36,0.45311999999999997,0.985,2.17009037758456,197.93289611522007,392.8171700878228,149.03,medium,6489.546691771275,1.0,41.28904109589041,194.88427397260273,434.1062111837132,14232.86670359593
P0275,41.49041095890411,27.231265181810365,3.49,1.47278,0.985,2.17009037758456,172.54544533854911,317.3469795851245,27.25,medium,1034.409944804602,0.6666666666666666,13.830136986301369,144.80153424657533,331.1771165714258,1985.4068138456978
P0276,30.013698630136986,19.892218611370453,4.07,1.3593800000000003,0.985,2.17009037758456,124.19179498689076,246.3475484115483,38.99,medium,1065.2923790385514,0.3333333333333333,5.002283105022831,122.15575342465755,251.34983151657113,2156.0285847828436
P0277,30.13150684931507,19.92842189178043,1.7,0.6987,0.995,2.5758293035489004,86.14080470692659,137.3643663507622,2.68,high,50.78861845520392,1.0,15.065753424657535,51.223561643835616,152.43011977541974,89.87279861958748
P0278,41.364383561643834,27.153336315069822,2.66,0.75012,0.985,2.17009037758456,117.34511951611603,227.37437979008865,111.62,medium,2881.5736928855517,1.0,20.682191780821917,110.02926027397261,248.05657157091053,6091.376394123908
P0279,72.96986301369863,49.701213543820394,2.29,0.85875,0.97,1.8807936081512509,184.12016127784617,351.221147579216,14.41,low,583.6977352830279,1.0,36.484931506849314,167.10098630136986,387.7060790860653,1229.1058119186441
P0280,442.413698630137,289.88931447536464,3.89,1.31482,0.985,2.17009037758456,1770.0112653680617,3491.0005530392946,37.37,medium,14551.970617096982,0.3333333333333333,73.73561643835616,1720.989287671233,3564.736169477651,29307.121943743557
P0281,523.0602739726028,342.9606498507935,1.64,0.5920399999999999,0.985,2.17009037758456,1166.2034476159843,2024.0222969310528,17.07,medium,4379.560427177068,1.6666666666666667,435.88356164383566,857.8188493150685,2459.9058585748885,9237.930461292137
P0282,41.367123287671234,27.13918163630961,1.68,0.56616,0.985,2.17009037758456,91.70768894276456,161.20445606605222,141.79,medium,2860.711307342809,1.0,20.683561643835617,69.49676712328767,181.88801770988783,5673.778446838699
P0283,54.27945205479452,36.096234921707655,1.59,0.33072,0.985,2.17009037758456,106.17755441350488,192.4818831806282,6.54,medium,152.76826529015082,1.6666666666666667,45.23287671232877,86.3043287671233,237.71475989295692,342.0239965339864
P0284,35.15068493150685,23.23415874894846,0.84,0.20748,0.999,3.090232306167813,69.55719153451604,99.0837668769818,17.67,critical,270.39662637127765,0.6666666666666666,11.71689497716895,29.526575342465755,110.80066185415075,430.72649289182567
P0285,85.67123287671232,58.51496821620918,2.89,1.22536,0.97,1.8807936081512509,272.005715555391,519.5955785690896,4.65,low,278.26184701316504,0.6666666666666666,28.557077625570773,247.58986301369862,548.1526561946605,560.7601672871377
P0286,41.31232876712329,27.03835262028898,4.07,1.3593800000000003,0.97,1.8807936081512509,147.24723002400827,315.3884081062001,15.95,low,516.690530154245,0.3333333333333333,6.885388127853881,168.1411780821918,322.273796234054,1130.8587509852953
P0287,27.101369863013698,17.94154498865297,1.4,0.1722,0.985,2.17009037758456,47.168310647946406,85.11022845616557,232.15,medium,2409.0271297225668,1.6666666666666667,22.58447488584475,37.94191780821917,107.69470334201033,5500.291583786494
P0288,164.52602739726026,108.93789190745801,3.36,1.19952,0.97,1.8807936081512509,528.0396124898249,1080.8470645446193,8.18,low,950.2600866366888,1.6666666666666667,137.10502283105023,552.8074520547945,1217.9520873756696,2191.826576441255
P0289,31.747945205479454,20.996913101149154,1.19,0.20705999999999997,0.985,2.17009037758456,51.71237709976421,89.49243189428475,3.58,medium,40.7286682037743,1.6666666666666667,26.456621004566212,37.780054794520545,115.94905289885097,91.32147406313501
P0290,242.4849315068493,160.48158265426542,2.47,0.5681,0.97,1.8807936081512509,540.5109141594814,1139.4486949813993,29.04,low,3453.216128382095,1.0,121.24246575342465,598.9377808219178,1260.6911607348238,8054.303687702642
P0291,82.46301369863014,54.13933871398112,2.04,0.58344,0.97,1.8807936081512509,171.28820660914528,339.51275455435075,52.38,low,1973.8567776811467,1.0,41.23150684931507,168.22454794520547,380.7442614036658,4387.544570711284
P0292,138.9945205479452,92.82205576169484,1.73,0.45845,0.985,2.17009037758456,298.85906069239195,539.3195812403371,78.06,medium,5132.366421082586,0.25,17.37431506849315,240.46052054794518,556.6938963088303,9560.215620090805
P0293,339.61095890410957,222.9399142685714,1.19,0.20705999999999997,0.995,2.5758293035489004,652.0995889403307,1056.236630036221,13.13,high,1883.6548726130395,1.6666666666666667,283.0091324200913,404.13704109589037,1339.2457624563124,3868.545309431304
P0294,41.1945205479452,27.029246931302776,1.31,0.42837000000000003,0.985,2.17009037758456,77.28870323252049,131.2535251503287,1.91,medium,32.47671309830511,1.0,20.5972602739726,53.964821917808216,151.8507854243013,63.80770003529141
P0295,82.91506849315068,54.3926093659369,3.36,1.19952,0.97,1.8807936081512509,264.8695539321355,543.4641840691218,36.62,low,2133.8950742988563,1.6666666666666667,69.0958904109589,278.59463013698627,612.5600744800806,4935.028984041322
P0296,27.15068493150685,18.06373882239958,1.64,0.5920399999999999,0.985,2.17009037758456,61.130049661471325,105.65717294914256,11.03,medium,148.3381785085263,1.6666666666666667,22.625570776255707,44.52712328767123,128.28274372539826,311.2909059240514
P0297,6.23013698630137,4.661824294245116,3.36,1.19952,0.985,2.17009037758456,24.63505519160627,45.56831546557888,52.08,medium,282.25860836334795,1.6666666666666667,5.191780821917809,20.933260273972603,50.76009628749668,581.588879223622
P0298,30.07945205479452,19.947368653094262,1.19,0.20705999999999997,0.985,2.17009037758456,49.11740388945615,84.91195183466162,5.17,medium,55.86613518386742,1.6666666666666667,25.0662100456621,35.79454794520547,109.97816188032371,125.08916132268018
P0299,31.9013698630137,21.11626952796494,4.07,1.3593800000000003,0.97,1.8807936081512509,114.33333963193503,244.1719149744008,16.78,low,422.0729565852514,0.3333333333333333,5.31689497716895,129.83857534246576,249.48880995156975,921.0128908172148
P0300,41.40547945205479,27.15340977116526,2.47,0.5681,0.985,2.17009037758456,105.74500408574922,208.01653833232456,6.57,medium,152.84382890554193,1.0,20.702739726027396,102.27153424657534,228.71927805835196,330.59084450554195
P0301,118.62465753424658,78.76560682751781,1.03,0.33990000000000004,0.985,2.17009037758456,194.2914026805521,316.4747999408261,20.57,medium,879.2463136905704,1.6666666666666667,98.85388127853882,122.18339726027398,415.3286812193649,1879.5284139901141
P0302,82.84657534246575,54.30751390494877,3.66,1.2297600000000002,0.995,2.5758293035489004,374.81884105470823,678.0373068081328,25.95,high,2139.840763581329,0.12195121951219512,5.0516204477113265,303.21846575342465,683.0889272558443,3899.754685703615
P0303,41.323287671232876,27.115739521924606,4.46,0.85632,0.995,2.5758293035489004,173.3944602950175,357.69632330871616,15.89,high,606.1523542993222,0.6666666666666666,13.774429223744292,184.30186301369864,371.47075253246044,1298.5874567029753
P0304,27.197260273972603,18.04480057074933,1.68,0.21336,0.97,1.8807936081512509,45.32304752400352,91.01444478427749,12.77,low,127.3305697139355,1.6666666666666667,22.664383561643838,45.69139726027397,113.67882834592133,319.3693003550314
P0305,54.273972602739725,36.03114505702152,3.76,0.7745599999999999,0.97,1.8807936081512509,153.3582358202634,357.42837280656477,126.6,low,4271.333584065976,1.0,27.136986301369863,204.07013698630135,384.56535910793457,10710.914381874194
P0306,41.27945205479452,27.040339009799144,3.24,1.14372,0.985,2.17009037758456,147.15082931960873,280.896253977143,4.4,medium,142.44200278138126,0.5,10.31986301369863,133.74542465753424,291.2161169908416,281.8972012471347
P0307,9.616438356164384,6.847294598876222,3.89,1.31482,0.999,3.090232306167813,57.16948262231685,94.5774278277963,3.08,critical,38.7380414248819,0.3333333333333333,1.6027397260273972,37.40794520547946,96.18016755382371,65.17168153447095
P0308,35.13972602739726,23.78000556686011,1.68,0.21336,0.985,2.17009037758456,68.83778924439181,127.87252897041921,17.66,medium,267.44857877231107,1.6666666666666667,29.28310502283105,59.0347397260274,157.15563399325026,610.5810691905759
P0309,534.1698630136987,350.22243900352044,3.89,1.31482,0.985,2.17009037758456,2137.7411099953656,4215.661877118653,34.45,medium,16201.939872654877,0.3333333333333333,89.0283105022831,2077.920767123288,4304.690187620937,32625.24693197908
P0310,17.545205479452054,11.884575851001653,2.47,0.5681,0.985,2.17009037758456,45.943445054024,89.28010258827058,2.85,medium,28.806540048873046,1.0,8.772602739726027,43.33665753424658,98.05270532799659,61.479046240653865
P0311,265.2191780821918,175.42286794549818,2.27,0.82855,0.985,2.17009037758456,745.9053079141099,1347.9528421606851,7.27,medium,1193.0009494778274,0.3333333333333333,44.20319634703196,602.0475342465753,1392.1560385077173,2226.614367989243
P0312,533.8109589041096,350.3480841953509,2.66,0.75012,0.985,2.17009037758456,1514.1516241898944,2934.088774874826,11.79,medium,3927.4064828237483,1.0,266.9054794520548,1419.9371506849316,3200.9942543268808,8302.738896873063
P0313,17.506849315068493,11.883041854981059,1.52,0.36936,0.985,2.17009037758456,34.75178564767452,61.36219660657862,8.32,medium,63.60966844950344,1.0,8.753424657534246,26.610410958904108,70.11562126411287,128.3396331618322
P0314,156.46027397260275,102.85905583883512,1.31,0.42837000000000003,0.985,2.17009037758456,293.9799599710832,498.9429188751928,31.27,medium,2022.4057366250697,1.0,78.23013698630137,204.9629589041096,577.1730558614942,3970.604320493563
P0315,416.2821917808219,274.70953658307604,2.27,0.82855,0.985,2.17009037758456,1169.172572012765,2114.133147355231,38.83,medium,9987.773613676245,0.3333333333333333,69.38036529680365,944.9605753424657,2183.5135126520345,18652.88253318127
P0316,31.86849315068493,21.08536337242835,3.45,1.41795,0.985,2.17009037758456,129.76692819728828,239.7132295671513,756.82,medium,21606.24545161978,1.6666666666666667,26.557077625570777,109.94630136986302,266.27030719272204,44334.112655711106
P0317,83.10958904109589,54.48045360842822,4.07,1.3593800000000003,0.97,1.8807936081512509,296.45129568132967,634.70732307859,59.41,low,3874.6777248141143,0.3333333333333333,13.851598173515981,338.2560273972603,648.558921252106,8476.794812549275
P0318,30.145205479452056,19.950991059521648,4.07,1.57102,0.97,1.8807936081512509,116.89521209097397,239.58619839234385,120.28,low,3093.234344266517,0.4,6.0290410958904115,122.69098630136988,245.61523948823424,6499.372221241859
P0319,74.74246575342465,56.13161025418328,2.29,0.85875,0.97,1.8807936081512509,200.24014833101543,371.40039490635786,3.19,low,140.52853609870664,1.0,37.37123287671233,171.16024657534246,408.77162778307024,286.87592837815873
P0320,15.816438356164383,10.76250886968059,3.83,1.27156,0.97,1.8807936081512509,54.77307178338595,115.35003068749555,6.33,low,76.27697976554329,0.5,3.9541095890410958,60.57695890410959,119.30414027653663,166.1429457491049
P0321,82.66849315068494,54.246205307888445,2.04,0.58344,0.995,2.5758293035489004,235.08367386938662,403.7273998967839,21.53,high,1113.4973296497367,1.0,41.33424657534247,168.64372602739726,445.0616464721263,2108.0789946798736
P0322,41.49589041095891,27.24054649185237,1.7,0.6987,0.97,1.8807936081512509,86.23156552234046,156.7745792209706,12.22,low,231.8249407502601,1.0,20.747945205479454,70.54301369863013,177.52252442645005,477.2515546680683
P0323,41.95890410958904,28.193716837717496,2.66,0.75012,0.985,2.17009037758456,120.92334723039563,232.53403216190247,12.67,medium,337.06173807000476,1.0,20.97945205479452,111.61068493150685,253.513484216697,706.6434859056213
P0324,41.320547945205476,27.134964665376643,2.04,0.58344,0.97,1.8807936081512509,85.8446505653696,170.13856837358878,8.53,low,161.09607125097259,1.0,20.660273972602738,84.29391780821918,190.79884234619152,358.053107546863
P0325,41.43013698630137,27.195136750773493,4.07,1.57102,0.985,2.17009037758456,184.73147703585187,353.3521345700984,3.58,medium,145.49451131343693,0.4,8.286027397260275,168.6206575342466,361.63816196735877,284.8262163654918
P0326,30.197260273972603,19.999848712358705,1.4,0.1722,0.97,1.8807936081512509,45.56923430717267,87.84539869073431,23.42,low,234.7909228442765,1.6666666666666667,25.164383561643838,42.27616438356164,113.00978225237816,582.2716020771533
P0327,96.20821917808219,63.74710024308853,2.36,0.45311999999999997,0.985,2.17009037758456,232.62255773300194,459.67395499327586,6.82,medium,349.0268856225961,1.0,48.104109589041094,227.05139726027394,507.77806458231703,761.8702080993086
P0328,41.21095890410959,27.010414971546066,2.36,0.45311999999999997,0.97,1.8807936081512509,85.58060444781349,182.8384674615121,17.78,low,334.7570923580672,1.0,20.605479452054794,97.25786301369862,203.4439469135669,795.7913427471083
P0329,38.443835616438356,27.32889318706571,1.19,0.20705999999999997,0.985,2.17009037758456,66.9618959618121,112.71006034537375,7.58,medium,111.66565770591787,1.6666666666666667,32.0365296803653,45.748164383561644,144.74659002573907,241.3794135269225
P0330,30.13150684931507,19.922355303905093,2.04,0.58344,0.985,2.17009037758456,72.58393718803612,134.05221116063888,29.05,medium,463.88394256873886,1.0,15.065753424657535,61.468273972602745,149.1179645852964,953.0129116646293
P0331,237.5808219178082,157.05041244381738,3.83,1.27156,0.995,2.5758293035489004,1110.0888098288005,2020.023357774006,26.82,high,6549.968013513855,0.5,59.39520547945205,909.9345479452055,2079.418563253458,12269.401290620706
P0332,67.01643835616439,47.61117415966824,2.66,0.75012,0.985,2.17009037758456,200.74053589120902,379.0042619186063,4.55,medium,200.94127642710023,1.0,33.50821917808219,178.26372602739727,412.5124810966885,412.9249935777852
P0333,396.3424657534247,262.0911792509548,2.36,0.45311999999999997,0.97,1.8807936081512509,829.1835102158032,1764.5517293938854,7.02,low,1280.5910131772862,1.0,198.17123287671234,935.3682191780822,1962.7229622705977,3031.229342930711
P0334,63.66575342465753,41.99827383677458,3.24,1.14372,0.999,3.090232306167813,324.3570935742717,530.6341346701621,2.48,critical,176.96923025412264,0.5,15.916438356164383,206.2770410958904,546.5505730263264,298.19799264316373
P0335,156.62739726027397,102.76941711171598,1.73,0.45845,0.97,1.8807936081512509,287.87550160819876,558.8408988684728,55.65,low,3524.459766189177,0.25,19.578424657534246,270.96539726027396,578.419323526007,7081.587777928904
P0336,41.40547945205479,27.196072207572445,4.07,1.3593800000000003,0.995,2.5758293035489004,202.4668737888573,370.98717515872033,3.84,high,171.04401497682665,0.3333333333333333,6.900913242009132,168.520301369863,377.88808840072943,319.23985708093625
P0337,555.213698630137,364.7601474893432,1.73,0.45845,0.985,2.17009037758456,1178.5926278671839,2139.1123264973207,160.99,medium,41743.15797527434,0.25,69.40171232876712,960.5196986301369,2208.514038826088,78220.70852433462
P0338,82.3917808219178,53.96297508025543,1.31,0.42837000000000003,0.995,2.5758293035489004,183.2354832936169,291.1687161703292,16.97,high,684.0913533283893,1.0,41.1958904109589,107.93323287671232,332.3646065812881,1240.850022210581
P0339,27.175342465753424,18.061766588950086,1.59,0.33072,0.995,2.5758293035489004,63.06708935890698,106.27588387945494,37.0,high,513.3661073815028,1.6666666666666667,22.64611872146119,43.20879452054795,128.92200260091613,1049.4251011714573
P0340,175.21369863013697,114.63333006278128,4.07,1.3593800000000003,0.985,2.17009037758456,720.4364122034476,1433.5561656281052,1.87,medium,296.3875399804984,0.3333333333333333,29.20228310502283,713.1197534246576,1462.758448733128,601.7788258088088
P0341,244.17808219178082,160.4673585021688,1.52,0.36936,0.97,1.8807936081512509,408.93237838101186,780.0830633125188,52.61,low,4733.065133857507,1.0,122.08904109589041,371.1506849315069,902.172104408409,10441.920370843807
P0342,57.43287671232877,39.1416701831152,3.66,1.2297600000000002,0.985,2.17009037758456,223.38004571190848,433.5843744790318,74.0,medium,3636.6271441898703,0.12195121951219512,3.5020046775810223,210.20432876712331,437.0863791566128,7115.766252669656
P0343,63.602739726027394,42.10117971188718,1.59,0.33072,0.985,2.17009037758456,123.91859015233433,225.04694631671788,30.83,medium,840.4902295672227,1.6666666666666667,53.00228310502283,101.12835616438356,278.04922942174073,1885.8967034758987
P0344,54.14520547945205,35.97562148122544,2.87,1.18244,0.985,2.17009037758456,191.82282041752634,347.21956014355374,42.96,medium,1812.955840330125,0.6666666666666666,18.048401826484017,155.3967397260274,365.26796197003773,3452.220562171221
P0345,82.7972602739726,54.21170845059783,4.31,1.0430199999999998,0.985,2.17009037758456,307.85170393423095,664.7078957150528,33.14,medium,2244.4852030436914,1.6666666666666667,68.99771689497717,356.85619178082186,733.70561261003,5349.300880417207
P0346,90.93698630136986,60.94474958420684,3.89,1.31482,0.985,2.17009037758456,367.9212344772952,721.666111189624,1.71,medium,138.41196841035844,0.3333333333333333,15.156164383561642,353.74487671232873,736.8222755731856,277.19254007063245
P0347,185.55342465753424,121.71672896727158,1.04,0.2496,0.995,2.5758293035489004,341.2615104842706,534.2370721281062,7.06,high,530.0473780841692,1.6666666666666667,154.62785388127853,192.97556164383562,688.8649260093847,1069.9450030777764
P0348,82.73698630136987,54.189095824504065,1.59,0.33072,0.985,2.17009037758456,159.7294120303099,291.281220249488,12.58,medium,442.0671207350857,1.6666666666666667,68.9474885844749,131.5518082191781,360.2287088339629,996.9689745688759
P0349,105.0958904109589,70.53565935969294,1.73,0.45845,0.97,1.8807936081512509,196.61861876385123,378.43450917481016,7.59,low,328.3137696118788,0.25,13.136986301369863,181.8158904109589,391.57149547617996,653.8460831461252
P0350,31.605479452054794,21.5703034719297,0.76,0.21356000000000003,0.985,2.17009037758456,43.35671501323283,67.37687939679446,40.25,medium,383.9237114421767,0.2,3.1605479452054794,24.020164383561642,70.53742734199994,624.6089191134096
P0351,9.567123287671233,6.785084943521514,1.52,0.36936,0.985,2.17009037758456,19.70651642710792,34.2485438243682,19.23,medium,83.37038839652277,1.0,4.7835616438356166,14.542027397260274,39.03210546820381,165.12922539378303
P0352,27.117808219178084,17.987475362267325,3.58,1.5036,0.985,2.17009037758456,115.25719362962526,212.3389470542828,28.59,medium,724.9446964916169,0.5,6.779452054794521,97.08175342465755,219.11839910907733,1378.2109067162746
P0353,41.24657534246575,27.021959335259595,1.64,0.5920399999999999,0.985,2.17009037758456,91.9110383138272,159.55542187547104,4.44,medium,89.77870222494643,1.6666666666666667,34.37214611872146,67.64438356164383,193.9275679941925,189.42844841672724
P0354,20.46027397260274,13.80482814614195,3.58,1.5036,0.985,2.17009037758456,87.57814299317242,160.82592381509022,44.05,medium,848.7197837468339,0.5,5.115068493150685,73.2477808219178,165.9409923082409,1608.1341564591626
P0355,25.572602739726026,17.092775771996504,3.86,1.38188,0.985,2.17009037758456,105.79145678143844,204.5017033567809,64.49,medium,1500.9480305236923,1.6666666666666667,21.310502283105023,98.71024657534245,225.81220563988592,3203.778411177573
P0356,82.87945205479453,54.42311584391755,1.52,0.36936,0.985,2.17009037758456,160.04570368469996,286.02247080798765,2.49,medium,87.67303647847865,1.0,41.43972602739726,125.97676712328769,327.46219683538493,179.38379142642387
P0357,82.84657534246575,54.2667761122137,3.83,1.27156,0.985,2.17009037758456,324.6178320680765,641.9202156297204,15.28,medium,1091.235304280046,0.5,20.71164383561644,317.30238356164386,662.6318594653368,2227.5032587786764
P0358,17.567123287671233,11.896717328124925,4.16,0.9193600000000001,0.985,2.17009037758456,63.25400719338852,136.33324007010083,1.46,medium,20.31718711051639,0.6666666666666666,5.855707762557078,73.07923287671233,142.1889478326579,45.67109004384972
P0359,20.46301369863014,13.791695092700955,1.4,0.1722,0.97,1.8807936081512509,31.399221213494346,60.047440391576544,33.02,low,228.09650258330834,1.6666666666666667,17.052511415525117,28.648219178082194,77.09995180710166,560.0848899075094
P0360,20.526027397260275,13.852540007867763,3.7,1.2913,0.97,1.8807936081512509,70.68712912692618,146.6334304967892,8.42,low,130.94083799471807,1.6666666666666667,17.10502283105023,75.94630136986302,163.73845332783944,303.30911094448976
P0361,35.33972602739726,23.376861973945704,1.94,0.50052,0.999,3.090232306167813,114.50720244033438,183.06627093348507,9.75,critical,245.61794923451728,1.6666666666666667,29.44977168949772,68.55906849315069,212.5160426229828,455.84691142629816
P0362,25.643835616438356,17.168980672583366,1.04,0.2496,0.985,2.17009037758456,40.45538749116184,67.12497653225773,3.92,medium,34.888726172377964,1.6666666666666667,21.36986301369863,26.66958904109589,88.49483954595635,76.31794962443276
P0363,158.15616438356165,105.09229458362789,3.66,1.2297600000000002,0.985,2.17009037758456,607.0454340909599,1185.8969957347956,61.98,medium,8277.428721090691,0.12195121951219512,9.643668559973271,578.8515616438357,1195.540664294769,16301.91428205775
P0364,184.65753424657535,121.06423905274357,2.87,1.18244,0.985,2.17009037758456,650.084150931159,1180.0512742188303,36.28,medium,5188.711659072139,0.6666666666666666,61.55251141552512,529.9671232876713,1241.6037856343555,9909.984775419172
P0365,60.224657534246575,39.97442788635237,3.24,1.14372,0.995,2.5758293035489004,256.5744281879728,451.7023185989317,69.44,high,3919.636224542023,0.5,15.056164383561644,195.1278904109589,466.7584829824933,7130.575992826954
P0366,324.07397260273973,212.63026390522552,4.16,0.9193600000000001,0.995,2.5758293035489004,1355.3097552746315,2703.457481302029,10.62,high,3166.5457122236485,0.6666666666666666,108.02465753424657,1348.1477260273973,2811.482138836275,6568.746869177073
P0367,41.45753424657534,27.18003629549151,1.94,0.50052,0.97,1.8807936081512509,81.19626870259593,161.6238851409521,85.43,low,1526.0513917578096,1.6666666666666667,34.54794520547945,80.42761643835617,196.17183034643153,3686.971082629042
P0368,41.53150684931507,27.23861228287509,2.04,0.58344,0.985,2.17009037758456,99.462842429605,184.18711640220775,11.91,medium,260.61253973405104,1.0,20.765753424657536,84.72427397260275,204.95286982686528,537.0175095203524
P0369,19.293150684931508,13.715479431464436,2.94,0.8761199999999999,0.985,2.17009037758456,62.849188088181535,119.57105110188016,123.7,medium,1710.3778046317723,1.6666666666666667,16.077625570776256,56.72186301369863,135.64867667265642,3691.5430869696715
P0370,109.95068493150686,73.97024038383049,1.73,0.45845,0.97,1.8807936081512509,206.08826828457836,396.30295321608526,92.66,low,4201.150566634787,0.25,13.743835616438357,190.21468493150687,410.0467888325236,8358.88579970876
P0371,23.84109589041096,16.04978377534368,1.31,0.42837000000000003,0.97,1.8807936081512509,39.53031208062486,70.76214769706321,32.27,low,280.6414975851882,1.0,11.92054794520548,31.231835616438357,82.6826956422687,586.9975294427225
P0372,41.33698630136986,27.071717464857386,1.68,0.56616,0.985,2.17009037758456,91.52924540139472,160.97538238769607,6.99,medium,140.75367357826482,1.0,20.66849315068493,69.44613698630137,181.643875538381,279.33195180292233
P0373,172.0958904109589,113.82051182294126,3.24,1.14372,0.999,3.090232306167813,877.9545747737305,1435.5452597052374,136.51,critical,26366.907380519628,0.5,43.023972602739725,557.5906849315069,1478.569232307977,44404.68689851962
P0374,41.47123287671233,27.234883292963342,3.45,1.41795,0.97,1.8807936081512509,145.89098341503532,288.9667368396929,88.61,low,2844.0280088893815,1.6666666666666667,34.55936073059361,143.07575342465753,323.5260975702865,6306.882451254679
P0375,41.36986301369863,27.14972064359299,2.29,0.71677,0.995,2.5758293035489004,130.51239368032094,225.2493799816908,6.86,high,196.96930454234038,1.6666666666666667,34.474885844748854,94.73698630136985,259.72426582643965,391.9758619852627
P0376,82.6109589041096,54.140302982574916,1.52,0.36936,0.97,1.8807936081512509,138.03585513853216,263.60451267277875,56.03,low,1701.5127719506306,1.0,41.3054794520548,125.56865753424658,304.90999212483354,3758.5035089259736
P0377,53.778082191780825,36.6595948138588,2.31,0.36729,0.995,2.5758293035489004,152.27087011723236,276.49823998024607,10.85,high,363.47056696983367,0.6666666666666666,17.926027397260274,124.2273698630137,294.42426737750634,702.7907262301077
P0378,180.25205479452055,119.33235529024752,1.52,0.36936,0.995,2.5758293035489004,415.9604441496779,689.9435674373492,7.69,high,703.7218794124251,1.0,90.12602739726027,273.9831232876712,780.0695948346095,1319.7217405411925
P0379,41.43835616438356,27.197177001498158,3.76,0.7745599999999999,0.97,1.8807936081512509,116.1137736599566,271.9219928380388,7.27,low,185.71236959173459,1.0,20.71917808219178,155.8082191780822,292.6411709202306,468.0502887698168
P0380,27.08219178082192,18.00850945429179,2.04,0.58344,0.985,2.17009037758456,65.50839124718257,120.75606248005928,30.31,medium,436.82305451446285,1.0,13.54109589041096,55.24767123287672,134.29715837047024,895.5203114459697
P0381,190.93698630136987,126.08308300705134,1.7,0.6987,0.97,1.8807936081512509,398.1885333941084,722.7814101064371,47.24,low,4138.2937898582895,1.0,95.46849315068494,324.59287671232875,818.249903257122,8503.907594570617
P0382,173.6767123287671,115.39063910715257,3.58,1.5036,0.985,2.17009037758456,738.666241979974,1360.42887211696,148.48,medium,24128.975994021035,0.5,43.41917808219178,621.7626301369862,1403.848050199152,45857.53886858542
P0383,70.51780821917808,46.61907636254911,1.4,0.1722,0.985,2.17009037758456,122.56938805718943,221.29431956403874,32.41,medium,873.944250725372,1.6666666666666667,58.7648401826484,98.7249315068493,280.05915974668716,1996.8778208258288
P0384,160.9753424657534,105.6642357139681,2.36,0.45311999999999997,0.97,1.8807936081512509,334.70542716897467,714.6072353881527,4.73,low,348.29446751203506,1.0,80.4876712328767,379.90180821917806,795.0949066210294,827.3757598298432
P0385,23.893150684931506,16.05509340946269,0.85,0.32384999999999997,0.97,1.8807936081512509,31.41401799287671,51.723196075068486,25.66,low,177.3384143733876,0.5,5.973287671232876,20.309178082191778,57.69648374630136,325.7081900446205
P0386,31.720547945205478,20.97522713929661,2.04,0.58344,0.985,2.17009037758456,76.4176647622741,141.12758257049327,84.91,medium,1427.4972612922327,1.0,15.860273972602739,64.70991780821917,156.98785654309603,2932.5645577963423
P0387,51.00547945205479,34.158244746749425,4.46,0.85632,0.995,2.5758293035489004,217.2196338997902,444.70407225595454,145.33,high,6945.076466824433,0.6666666666666666,17.001826484018263,227.48443835616436,461.70589873997284,14761.938018053657
P0388,124.03287671232877,82.54848068501981,1.19,0.20705999999999997,0.97,1.8807936081512509,176.11839434533783,323.71751763300904,8.49,low,328.953936958222,1.6666666666666667,103.36073059360731,147.59912328767123,427.0782482266163,797.696752037674
P0389,41.42739726027397,27.188562460098836,2.29,0.71677,0.985,2.17009037758456,110.11017354711795,204.97891327314534,33.16,medium,803.2757380609348,1.6666666666666667,34.52283105022831,94.8687397260274,239.50174432337366,1747.2131251878752
P0390,82.85479452054794,54.28185761592113,1.34,0.19698,0.985,2.17009037758456,140.88388783215908,251.90931248969332,35.39,medium,1096.8937738836241,1.6666666666666667,69.04566210045662,111.02542465753424,320.95497459014996,2498.89124116399
P0391,176.72054794520548,115.65600633731364,3.36,1.4414399999999998,0.995,2.5758293035489004,853.6565428588065,1447.437583954697,54.58,high,10250.366304031404,0.5,44.18013698630137,593.7810410958904,1491.6177209409982,17910.74894597113
P0392,40.912328767123284,27.630270593651964,1.73,0.45845,0.985,2.17009037758456,88.74938169301332,159.5277104601366,14.62,medium,285.453511277408,0.25,5.114041095890411,70.77832876712328,164.64175155602703,529.5537297048054
P0393,500.986301369863,327.9764252596789,0.76,0.21356000000000003,0.97,1.8807936081512509,574.1785438052532,954.9281328463491,24.53,low,3098.6119294994296,0.2,50.0986301369863,380.7495890410959,1005.0267629833354,5423.727429115868
P0394,35.15890410958904,23.216656556293106,2.29,0.71677,0.985,2.17009037758456,93.82781244495983,174.34170285591873,26.68,medium,550.7317279269363,1.6666666666666667,29.299086757990867,80.5138904109589,203.6407896139096,1195.2899787178037
P0395,57.087671232876716,39.85589407652108,2.29,0.85875,0.985,2.17009037758456,168.66787337787727,299.39864050116495,41.21,medium,1529.176673618511,1.0,28.543835616438358,130.73076712328768,327.9424761176033,2973.192076977415
P0396,59.95068493150685,39.73853806441063,2.66,0.75012,0.985,2.17009037758456,171.187842245114,330.6566641629222,8.81,medium,331.79627583947996,1.0,29.975342465753425,159.4688219178082,360.63200662867564,698.9769552476992
P0397,27.221917808219178,18.079268731073412,1.92,0.816,0.995,2.5758293035489004,86.2419140784752,138.50799627025603,2.64,high,50.0893036967784,1.0,13.610958904109589,52.26608219178082,152.11895517436562,88.35068916527156
P0398,83.08219178082192,54.59354141667005,1.73,0.45845,0.995,2.5758293035489004,209.37168661865968,353.1038783994816,16.24,high,748.0431619511472,0.25,10.38527397260274,143.73219178082192,363.48915237208433,1298.6740435949828
P0399,82.62191780821918,54.181923525944036,2.47,0.5681,0.995,2.5758293035489004,250.45568173190694,454.53181871820834,1.96,high,107.99648996279826,1.0,41.31095890410959,204.07613698630138,495.8427776223179,213.8074057107435
P0400,41.512328767123286,27.232172034888606,3.45,1.41795,0.985,2.17009037758456,168.4201609329485,311.63769517952386,19.42,medium,719.5582955699292,1.6666666666666667,34.593607305936075,143.21753424657535,346.23130248545993,1479.2386167388793
P0401,83.02465753424657,54.46106528607326,1.7,0.6987,0.995,2.5758293035489004,236.1811464003717,377.32306420859084,38.21,high,1985.3859528708044,1.0,41.512328767123286,141.14191780821918,418.83539297571417,3520.8140804324485
P0402,15.852054794520548,10.792499807037357,3.89,1.31482,0.985,2.17009037758456,64.64952161418303,126.31401476486796,5.62,medium,79.9326685237759,0.3333333333333333,2.642009132420091,61.66449315068493,128.95602389728805,159.44122794660694
P0403,239.2986301369863,156.77335822698532,4.31,1.0430199999999998,0.97,1.8807936081512509,771.4177232361305,1802.7948191265414,7.63,low,1294.9017902241687,1.6666666666666667,199.41552511415526,1031.3770958904108,2002.2103442406965,3360.9102838424333
P0404,35.01917808219178,23.15421696060696,3.49,1.47278,0.985,2.17009037758456,146.07606531693702,268.2929968237863,56.84,medium,1826.6519815752342,0.6666666666666666,11.673059360730592,122.21693150684932,279.96605618451696,3500.919539376148
P0405,82.93698630136986,54.418947458959735,4.07,1.3593800000000003,0.985,2.17009037758456,341.497656548599,679.0511907951743,4.36,medium,327.5645521614162,0.3333333333333333,13.82283105022831,337.55353424657534,692.8740218454027,664.6047617541103
P0406,28.457534246575342,19.785705780790742,4.32,1.83168,0.995,2.5758293035489004,171.0202077209866,293.95675566619207,23.47,high,883.0457405465421,0.2,2.8457534246575342,122.93654794520549,296.80250909084964,1532.510075439693
P0407,317.76438356164385,208.42417479762815,1.68,0.21336,0.985,2.17009037758456,604.4271145507772,1138.2712789343389,45.46,medium,6044.996458045233,1.6666666666666667,264.80365296803654,533.8441643835616,1403.0749319023753,14032.433008942035
P0408,41.465753424657535,27.196922393651203,0.84,0.20748,0.97,1.8807936081512509,49.59528264109222,84.42651551780455,18.41,low,200.8708137529517,0.6666666666666666,13.821917808219178,34.83123287671233,98.24843332602373,397.9258046570613
P0409,82.92054794520548,54.38140377575783,1.02,0.40800000000000003,0.999,3.090232306167813,199.33938334069293,283.91834224480255,45.79,critical,2008.1050798974725,0.6666666666666666,27.640182648401826,84.5789589041096,311.5585248932044,3138.5782680691623
P0410,70.2958904109589,46.3840881866943,1.68,0.21336,0.985,2.17009037758456,134.46581927530013,252.5629151657111,39.84,medium,1178.5660127841506,1.6666666666666667,58.57990867579909,118.09709589041096,311.14282384151016,2727.1046224060688
P0411,223.03835616438357,150.2101775042617,4.46,0.85632,0.97,1.8807936081512509,696.4257392488666,1691.1768077420174,100.51,low,15399.505231418789,0.6666666666666666,74.34611872146118,994.7510684931507,1765.5229264634786,39039.59605454573
P0412,35.0027397260274,23.744345611476348,4.07,1.3593800000000003,0.97,1.8807936081512509,126.98756330945965,269.4487139943912,8.93,low,249.4797668777644,0.3333333333333333,5.8337899543379,142.46115068493154,275.2825039487291,540.8200072576731
P0413,154.75616438356164,102.37961703995396,4.46,0.85632,0.995,2.5758293035489004,653.2134279937552,1343.42592114444,34.14,high,4906.155414975497,0.6666666666666666,51.585388127853875,690.2124931506848,1395.011309272294,10477.650941682346
P0414,22.7013698630137,15.840764053877821,4.32,1.83168,0.995,2.5758293035489004,136.61733314105578,234.68725094927498,19.74,high,593.301754364977,0.2,2.27013698630137,98.06991780821919,236.95738793557632,1029.0585443266207
P0415,70.2958904109589,46.555592546444885,3.83,1.27156,0.985,2.17009037758456,276.98199262770555,546.2152529016782,17.69,medium,1077.9585189085046,0.5,17.573972602739726,269.23326027397263,563.7892255044179,2194.1549078180938
P0416,31.654794520547945,21.532654993527846,2.35,0.24205,0.985,2.17009037758456,73.53682566133259,147.92559278462028,7.95,medium,128.61590808167068,1.6666666666666667,26.378995433789957,74.38876712328768,174.30458821841023,304.8587247939995
P0417,219.1095890410959,143.64633018990932,3.66,1.2297600000000002,0.97,1.8807936081512509,723.8634723962265,1525.8045682866375,121.47,low,19344.09311823332,0.12195121951219512,13.360340795188772,801.941095890411,1539.1649090818264,41131.71953135728
P0418,79.03835616438356,55.01826527412417,2.94,0.8761199999999999,0.985,2.17009037758456,253.9521938636425,486.32496098693014,1.85,medium,103.3585429025025,1.6666666666666667,65.86529680365297,232.37276712328764,552.1902577905831,224.74143492076735
P0419,305.5342465753425,200.52727762377557,1.94,0.50052,0.97,1.8807936081512509,598.8963944126322,1191.6328327687966,15.93,low,2098.892303858511,1.6666666666666667,254.61187214611874,592.7364383561644,1446.2447049149152,5068.509192844812
P0420,60.227397260273975,39.93408463280312,3.89,1.31482,0.985,2.17009037758456,242.37367167979352,476.6582470222593,13.73,medium,732.1139126759842,0.3333333333333333,10.037899543378995,234.28457534246576,486.6961465656383,1470.114380316167
P0421,366.05479452054794,240.46224318155535,1.04,0.2496,0.995,2.5758293035489004,674.0751544520967,1054.7721407534666,2.38,high,352.94575087111787,1.6666666666666667,305.04566210045664,380.69698630136986,1359.8178028539232,712.0006015743141
P0422,9.602739726027398,6.847915633040187,1.07,0.41516000000000003,0.97,1.8807936081512509,15.287750597408593,25.56268210425791,21.22,low,71.36933488894226,1.6666666666666667,8.002283105022832,10.274931506849317,33.56496520928074,156.69468358300622
P0423,6.210958904109589,4.663617707524156,2.29,0.85875,0.985,2.17009037758456,19.196888004688887,33.41998389509985,28.9,medium,122.05381393381192,1.0,3.1054794520547944,14.223095890410958,36.52546334715464,232.2288959612092
P0424,121.2,80.23280686043145,3.83,1.27156,0.97,1.8807936081512509,413.7990031568257,877.9950031568258,180.39,low,16421.944479481153,0.5,30.3,464.196,908.2950031568257,36046.41383628115
P0425,41.37260273972603,27.198867039035566,2.66,0.75012,0.985,2.17009037758456,117.48480259812322,227.53592588579446,39.15,medium,1011.8966047776353,1.0,20.686301369863013,110.05112328767123,248.22222725565746,2137.9380433529777
P0426,41.41095890410959,27.164858731496338,3.66,1.2297600000000002,0.97,1.8807936081512509,136.84932506716194,288.4134346562031,14.78,low,444.9792653883838,0.12195121951219512,2.52505846976278,151.56410958904112,290.9384931259658,946.0156042483904
P0427,172.35616438356163,113.23957995667466,3.66,1.2297600000000002,0.995,2.5758293035489004,780.6869533579946,1411.5105150018303,21.55,high,3701.236845870253,0.12195121951219512,10.509522218509856,630.8235616438357,1422.02003722034,6741.796996461632
P0428,156.26575342465753,105.8445005750039,1.31,0.42837000000000003,0.97,1.8807936081512509,260.3178105817166,465.025947568018,10.14,low,580.7169718456935,1.0,78.13287671232877,204.70813698630138,543.1588242803468,1211.678705204598
P0429,54.26575342465753,36.03681046604163,4.32,1.83168,0.97,1.8807936081512509,234.08165207331407,468.50970686783467,10.94,low,563.3877202100523,0.2,5.426575342465753,234.42805479452056,473.9362822103004,1140.669844023751
P0430,41.59452054794521,27.258025788620877,2.89,1.22536,0.97,1.8807936081512509,129.55697130739017,249.7651356909518,49.39,low,1407.74013883184,0.6666666666666666,13.864840182648402,120.20816438356165,263.62997587360024,2864.5505918473655
P0431,82.53150684931506,54.03857209273824,3.66,1.2297600000000002,0.985,2.17009037758456,314.392350073951,616.4576651424441,33.22,medium,2297.705051280463,0.12195121951219512,5.032408954226528,302.06531506849313,621.4900740966707,4542.098057528107
P0432,63.635616438356166,42.1046751921837,2.35,0.24205,0.995,2.5758293035489004,170.9260445329788,320.4697431631158,20.03,high,753.2027078390245,1.6666666666666667,53.029680365296805,149.543698630137,373.4994235284126,1645.862559720303
P0433,178.33972602739726,118.53512802898477,0.84,0.20748,0.985,2.17009037758456,249.05629953555615,398.8616693985698,22.01,medium,1205.9804136110702,0.6666666666666666,59.44657534246575,149.80536986301368,458.30824474103554,2219.2201826850423
P0434,504.9835616438356,330.8905893896357,2.27,0.82855,0.985,2.17009037758456,1412.3956117553564,2558.7082966868634,24.81,medium,7709.137728083087,0.3333333333333333,84.16392694063927,1146.312684931507,2642.8722236275025,14425.325171003633
P0435,41.36986301369863,27.13403181750716,1.7,0.6987,0.97,1.8807936081512509,85.92450035885776,156.25326748214542,3.19,low,60.301814351846375,1.0,20.684931506849313,70.32876712328766,176.9381989889947,124.17522805047649
P0436,82.73150684931507,54.17725506270838,1.64,0.5920399999999999,0.985,2.17009037758456,184.3014043501286,319.9810755830053,355.46,medium,14412.590981865276,1.6666666666666667,68.94292237442923,135.6796712328767,388.9239979574345,30414.323349068924
P0437,82.52602739726028,54.185502570755965,1.52,0.36936,0.97,1.8807936081512509,138.1066805381599,263.5462421819955,116.14,low,3528.7361730944162,1.0,41.26301369863014,125.43956164383563,304.8092558806257,7788.120335154692
P0438,35.16164383561644,23.815999274987497,2.04,0.58344,0.985,2.17009037758456,86.20327286446974,157.93302628912727,3.35,medium,63.5318121011142,1.0,17.58082191780822,71.72975342465753,175.5138482069355,129.35370612851145
P0439,54.06027397260274,35.95138177557414,3.76,0.7745599999999999,0.985,2.17009037758456,176.4745044958041,379.74113463279036,9.02,medium,350.1960067214737,1.0,27.03013698630137,203.26663013698627,406.77127161909175,807.1969114009256
P0440,41.6,27.258106970301434,4.07,1.3593800000000003,0.985,2.17009037758456,171.17534674177028,340.4873467417703,119.62,medium,4504.718894995123,0.3333333333333333,6.933333333333334,169.312,347.42068007510363,9142.861585128458
P0441,60.03013698630137,39.846293569727656,0.76,0.21356000000000003,0.97,1.8807936081512509,69.64083574001994,115.26373984960898,5.64,low,86.41034898621673,0.2,6.003013698630138,45.622904109589044,121.26675354823912,150.4677878026551
P0442,82.84657534246575,54.33553186065413,3.66,1.2297600000000002,0.97,1.8807936081512509,273.753510049269,576.9719758026936,1.77,low,106.59961681318535,0.12195121951219512,5.0516204477113265,303.21846575342465,582.023596250405,226.63998837990775
P0443,31.693150684931506,20.962527587295163,3.36,1.4414399999999998,0.97,1.8807936081512509,112.27383101494515,218.76281731631502,33.43,low,825.7291175825155,0.5,7.923287671232877,106.48898630136986,226.68610498754788,1667.1856277414197
P0444,35.1945205479452,23.330708260039998,1.04,0.2496,0.995,2.5758293035489004,65.32981495989917,101.93211632976218,11.55,high,166.0030598131038,1.6666666666666667,29.32876712328767,36.602301369863014,131.26088345304987,333.53390485419976
P0445,94.94520547945206,63.94651147616575,2.29,0.85875,0.999,3.090232306167813,391.0333728991837,608.4578934471289,25.3,critical,2176.4917535568566,1.0,47.47260273972603,217.4245205479452,655.930496186855,3650.9091417760346
P0446,41.47397260273973,27.173890726155676,3.24,1.14372,0.985,2.17009037758456,147.86143413910494,282.23710537198167,2.26,medium,73.51670505396298,0.5,10.368493150684932,134.37567123287673,292.6055985226666,145.4835035854698
P0447,63.56438356164384,42.00751296573938,2.01,0.38391,0.97,1.8807936081512509,121.05087973485593,248.81529069376,33.35,low,888.150304614638,1.6666666666666667,52.9703196347032,127.7644109589041,301.78561032846324,2214.201022979935
P0448,41.31506849315068,27.104841581383376,1.73,0.45845,0.97,1.8807936081512509,75.92772763574354,147.40279612889424,50.87,low,849.7375710626602,0.25,5.164383561643835,71.47506849315069,152.56717969053807,1707.4403347886878
P0449,76.27671232876712,51.694183469188665,3.36,1.4414399999999998,0.999,3.090232306167813,448.5365402150032,704.8262936396607,27.09,critical,2673.188072373376,0.5,19.06917808219178,256.28975342465753,723.8954717218526,4314.272232367897
P0450,108.04931506849314,71.50334489080589,2.66,0.75012,0.97,1.8807936081512509,267.10548578240736,554.5166638645992,5.06,low,297.3418267729759,1.0,54.02465753424657,287.4111780821918,608.5413213988456,677.4281989811949
P0451,25.542465753424658,17.05329330612347,3.45,1.41795,0.97,1.8807936081512509,90.4943259517727,178.61583280108778,7.32,low,145.73206251273476,1.6666666666666667,21.28538812785388,88.12150684931507,199.90122092894165,321.92092618396765
P0452,82.98082191780821,54.399591590899476,0.85,0.32384999999999997,0.985,2.17009037758456,123.47784860760581,194.01154723774277,24.83,medium,674.5100958039075,0.5,20.745205479452054,70.53369863013698,214.75675271719484,1173.1302373929484
P0453,82.92876712328767,54.51862641541047,4.31,1.0430199999999998,0.995,2.5758293035489004,366.9282201819416,724.3512064833114,37.3,high,3011.0129748130125,1.6666666666666667,69.10730593607306,357.4229863013698,793.4585124193845,6511.1205529134695
P0454,14.273972602739725,9.94995758173713,3.58,1.5036,0.985,2.17009037758456,61.954396242837475,113.0552181606457,1.37,medium,18.673055027591218,0.5,3.5684931506849313,51.10082191780822,116.62371131133062,35.150386589235055
P0455,195.3041095890411,129.18450094830527,1.07,0.41516000000000003,0.97,1.8807936081512509,293.9771507135404,502.95254797381443,18.71,low,1210.0687477670751,1.6666666666666667,162.75342465753425,208.975397260274,665.7059726313487,2740.1789245451578
P0456,334.8794520547945,219.39297308041014,2.47,0.5681,0.985,2.17009037758456,854.5923905918557,1681.744637167198,4.88,medium,917.4903905394162,1.0,167.43972602739726,827.1522465753425,1849.1843631945953,1985.2843323257177
P0457,40.87945205479452,27.52993854301981,3.66,1.2297600000000002,0.97,1.8807936081512509,136.93895835031063,286.55775287085856,20.17,low,607.6529337836685,0.12195121951219512,2.492649515536251,149.61879452054794,289.0504023863948,1282.6322555493884
P0458,149.41095890410958,100.81111099156035,1.68,0.56616,0.97,1.8807936081512509,292.7592407092039,543.7696516681079,171.81,low,11065.772332174629,1.0,74.70547945205479,251.0104109589041,618.4751311201628,23377.246701106138
P0459,41.42739726027397,27.154185621715186,3.49,1.47278,0.97,1.8807936081512509,149.2358578631332,293.81747430148937,120.93,low,3970.3603041055135,0.6666666666666666,13.809132420091323,144.58161643835618,307.6266067215807,8184.2828211849655
P0460,70.27397260273973,46.49207077437352,1.92,0.816,0.985,2.17009037758456,187.16181378627314,322.08784118353344,93.52,medium,3850.742021564298,1.0,35.136986301369866,134.92602739726027,357.22482748490324,7349.686490605393
P0461,82.8054794520548,54.33309934265516,1.68,0.21336,0.97,1.8807936081512509,136.55701633466447,275.67022181411653,28.14,low,845.3971767246408,1.6666666666666667,69.00456621004567,139.11320547945206,344.6747880241622,2133.8126776999834
P0462,111.53150684931506,75.65187198847448,4.07,1.3593800000000003,0.97,1.8807936081512509,404.6118259753323,858.5450588520446,16.53,low,1471.4113663418937,0.3333333333333333,18.58858447488584,453.93323287671234,877.1336433269305,3189.7842073227157
P0463,35.29041095890411,23.31869601032308,3.66,1.2297600000000002,0.985,2.17009037758456,135.06293951260704,264.22584362219607,1.64,medium,48.730708576148615,0.12195121951219512,2.1518543267624457,129.16290410958905,266.37769794895854,96.10907341998424
P0464,143.0,96.36905367126164,2.36,0.45311999999999997,0.985,2.17009037758456,350.69526233403394,688.175262334034,26.4,medium,2036.838083636069,1.0,71.5,337.47999999999996,759.675262334034,4412.1939236360695
P0465,82.84383561643835,54.32695328637063,1.03,0.33990000000000004,0.985,2.17009037758456,134.3506484957018,219.6797991806333,11.67,medium,344.9318549478648,1.6666666666666667,69.0365296803653,85.3291506849315,288.7163288609986,741.2503027177278
P0466,20.915068493150685,14.051550217876873,2.97,0.8613,0.97,1.8807936081512509,56.765216290603995,118.88296971526154,30.68,low,383.14250387506075,1.6666666666666667,17.429223744292237,62.117753424657536,136.31219345955378,920.0527809746042
P0467,82.6,54.18303331210887,3.76,0.7745599999999999,0.97,1.8807936081512509,231.35963604809254,541.9356360480925,7.52,low,382.76138187796425,1.0,41.3,310.57599999999996,583.2356360480925,964.9050362779641
P0468,96.54520547945205,63.98051953072863,2.02,0.33734000000000003,0.995,2.5758293035489004,248.79891070522953,443.82022577372265,21.58,high,1181.1977084641478,0.6666666666666666,32.18173515981735,195.02131506849315,476.00196093354003,2259.8669097280745
P0469,167.75890410958905,111.61871893360066,1.31,0.42837000000000003,0.995,2.5758293035489004,377.5608830961526,597.3250474797143,6.07,high,504.1948032866022,1.0,83.87945205479453,219.76416438356168,681.2044995345088,909.6804886783831
P0470,180.0904109589041,119.21377068981333,3.24,1.14372,0.995,2.5758293035489004,766.1588076485231,1349.6517391553725,67.12,high,11313.407417261153,0.5,45.022602739726025,583.4929315068493,1394.6743418950985,20594.319202159782
P0471,34.986301369863014,23.73647281089449,2.29,0.85875,0.985,2.17009037758456,101.62195835598368,181.74058849296998,7.64,medium,170.80618760473737,1.0,17.493150684931507,80.1186301369863,199.2337391779015,334.87206881021683
P0472,15.810958904109588,10.765986855791517,1.19,0.20705999999999997,0.97,1.8807936081512509,22.930768151159374,41.745809247049785,117.23,low,591.398269079291,1.6666666666666667,13.17579908675799,18.81504109589041,54.92160833380777,1416.4612318939028
P0473,107.8054794520548,71.3238086768986,2.29,0.85875,0.97,1.8807936081512509,267.4439841012687,514.3185320464742,8.43,low,496.00161291421296,1.0,53.9027397260274,246.87454794520548,568.2212717725016,1053.8231706292815
P0474,30.057534246575344,19.91767340036423,1.02,0.40800000000000003,0.97,1.8807936081512509,44.31018745241307,74.96887238391992,25.33,low,246.92295059731703,0.6666666666666666,10.01917808219178,30.65868493150685,84.9880504661117,473.604410027454
P0475,74.14520547945206,49.93592884198769,4.07,1.3593800000000003,0.97,1.8807936081512509,268.02376735978623,569.7947536611562,23.39,low,1379.196702079988,0.3333333333333333,12.357534246575343,301.7709863013699,582.1522879077315,2995.639243115605
P0476,41.36986301369863,27.122689727571384,4.07,1.3593800000000003,0.995,2.5758293035489004,202.11147691209058,370.486819377844,18.26,high,811.9222250512504,0.3333333333333333,6.8949771689497705,168.37534246575342,377.3817965467938,1516.0181530877803
P0477,41.37260273972603,27.114902335186382,1.02,0.40800000000000003,0.995,2.5758293035489004,82.86236797268535,125.0624227672059,53.21,high,970.0034519618492,0.6666666666666666,13.790867579908674,42.20005479452055,138.85329034711458,1625.4443874613928
P0478,20.986301369863014,14.1301769183578,4.32,1.83168,0.995,2.5758293035489004,124.60699048654158,215.2678124043498,11.54,high,316.3522274472317,0.2,2.0986301369863014,90.66082191780822,217.36644254133608,551.849924323944
P0479,41.364383561643834,27.129043324831933,2.97,0.8613,0.985,2.17009037758456,127.55939622426006,250.41161540234225,67.43,medium,1892.2926192284085,1.6666666666666667,34.470319634703195,122.8522191780822,284.8819350370454,4226.109553500554
P0480,28.86849315068493,20.51116606053219,0.84,0.20748,0.97,1.8807936081512509,37.10793829177887,61.357472538354216,31.46,low,256.83146250505996,0.6666666666666666,9.62283105022831,24.24953424657534,70.98030358858252,491.26887719729734
P0481,189.5205479452055,124.46455755600074,1.4,0.1722,0.995,2.5758293035489004,388.54118947710555,653.8699566003932,12.29,high,1050.537668108198,1.6666666666666667,157.93378995433793,265.32876712328766,811.8037465547311,2194.9549699346817
P0482,47.63835616438356,32.09499391888115,3.58,1.5036,0.995,2.5758293035489004,241.8871809033062,412.4324959717993,2.65,high,141.02022646662752,0.5,11.90958904109589,170.54531506849315,424.34208501289527,247.3914355625179
P0483,183.4794520547945,120.453482607297,4.07,1.3593800000000003,0.999,3.090232306167813,1076.0989637665562,1822.8603336295698,4.93,critical,1167.1369361012066,0.3333333333333333,30.579908675799082,746.7613698630137,1853.4402423053689,2010.2412868044032
P0484,306.71232876712327,203.121700612396,1.92,0.816,0.985,2.17009037758456,817.3347558319387,1406.2224270648153,260.84,medium,46902.59149646463,1.0,153.35616438356163,588.8876712328766,1559.5785914483768,89496.10555454681
P0485,82.84931506849315,54.251670160363915,3.5,0.7035,0.999,3.090232306167813,361.68176002472205,651.654362764448,38.13,critical,3034.0036121433836,1.6666666666666667,69.04109589041097,289.972602739726,720.6954586548591,6045.625924472151
P0486,233.63561643835615,153.95898676954596,2.04,0.58344,0.995,2.5758293035489004,666.4180406586345,1143.034698192881,11.55,high,1693.3682413135903,1.0,116.81780821917808,476.61665753424654,1259.852506412059,3201.285218793042
P0487,147.83561643835617,96.93143800150335,1.73,0.45845,0.97,1.8807936081512509,271.5650418539656,527.3206582923218,40.23,low,2403.513559432708,0.25,18.47945205479452,255.75561643835616,545.8001103471163,4830.658456638187
P0488,60.36164383561644,40.00845594047501,4.07,1.3593800000000003,0.985,2.17009037758456,249.7742913020044,495.4461817129633,225.88,medium,12412.183722245285,0.3333333333333333,10.06027397260274,245.67189041095892,505.50645568556604,25120.435606256244
P0489,221.21369863013697,145.31817432741846,2.87,1.18244,0.985,2.17009037758456,779.5027751339771,1414.3860902024703,19.66,medium,3371.505403009478,0.6666666666666666,73.73789954337899,634.8833150684932,1488.1239897458493,6436.433880448747
P0490,20.87123287671233,14.057471122323536,4.31,1.0430199999999998,0.985,2.17009037758456,79.01048869233537,168.96550239096553,25.48,medium,442.9011954137552,1.6666666666666667,17.392694063926943,89.95501369863014,186.35819645489244,1044.649506047545
P0491,228.1123287671233,149.58404226130634,2.31,0.36729,0.985,2.17009037758456,525.8017266846658,1052.7412061367206,8.74,medium,1011.0115600692756,0.6666666666666666,76.03744292237442,526.9394794520548,1128.7786490590952,2170.4155864108284
P0492,286.4657534246575,192.56666336734804,2.04,0.58344,0.985,2.17009037758456,698.4233459224081,1282.8134829087094,16.94,medium,2602.8841255836305,1.0,143.23287671232876,584.3901369863014,1426.0463596210384,5314.589573035687
P0493,137.2027397260274,92.68864039572134,1.73,0.45845,0.985,2.17009037758456,297.69996632632507,535.0607060523525,29.04,medium,1901.9455448656256,0.25,17.150342465753425,237.36073972602742,552.2110485181059,3527.965946772475
P0494,262.66301369863015,172.528127589602,4.07,1.3593800000000003,0.985,2.17009037758456,1082.0864828657325,2151.1249486191573,10.95,medium,2606.7463372235493,0.3333333333333333,43.77716894977169,1069.0384657534248,2194.902117568929,5287.519201223549
P0495,234.1041095890411,155.29746397874536,2.02,0.33734000000000003,0.995,2.5758293035489004,603.8308418356836,1076.7211432055465,101.02,high,13419.778161292967,0.6666666666666666,78.03470319634702,472.890301369863,1154.7558464018935,25663.75583277424
P0496,274.90410958904107,181.86660100191008,0.76,0.21356000000000003,0.995,2.5758293035489004,435.49070416825344,644.4178274559247,40.2,high,3851.4797876640337,0.2,27.490410958904107,208.9271232876712,671.9082384148287,5942.3564605407455
P0497,63.73972602739726,42.16067754073651,1.02,0.40800000000000003,0.97,1.8807936081512509,93.83963795525835,158.85415850320356,301.11,low,6216.331744635726,0.6666666666666666,21.246575342465754,65.01452054794521,180.1007338456693,11930.629033019288
P0498,165.3945205479452,108.38186951802773,2.89,1.22536,0.995,2.5758293035489004,705.5234025557208,1183.5135669392826,58.61,high,9097.159857233975,0.6666666666666666,55.131506849315066,477.99016438356165,1238.6450737885975,15971.337310444933
P0499,110.71232876712328,73.80042129113328,4.07,1.3593800000000003,0.999,3.090232306167813,654.2070083472684,1104.80618642946,14.76,critical,2124.3409975052496,0.3333333333333333,18.452054794520546,450.59917808219177,1123.2582412239808,3647.4441609025102
P0500,35.07397260273972,23.20341266225879,1.68,0.21336,0.985,2.17009037758456,67.25565795799923,126.17993193060197,13.39,medium,198.12171721267416,1.6666666666666667,29.228310502283104,58.924273972602734,155.40824243288506,457.8016005587928
P0501,81.66849315068494,55.2085180079601,1.7,0.6987,0.97,1.8807936081512509,172.7630821315188,311.5995204876832,22.59,low,858.597965577222,1.0,40.83424657534247,138.8364383561644,352.43376706302564,1751.5253355498248
P0502,82.71780821917808,54.17041522171295,2.35,0.24205,0.985,2.17009037758456,185.37188316136596,379.7587324764345,21.68,medium,884.1497339264511,1.6666666666666667,68.93150684931507,194.3868493150685,448.69023932574953,2140.0729654880947
P0503,83.26575342465753,54.58291459521253,0.85,0.32384999999999997,0.985,2.17009037758456,123.89571718731592,194.67160759827482,4.8,medium,130.83387734980562,0.5,20.816438356164383,70.7758904109589,215.4880459544392,227.5553765278878
P0504,41.4027397260274,27.195254376547908,4.07,1.3593800000000003,0.985,2.17009037758456,170.56645367982293,339.07560436475444,36.34,medium,1363.6446838794486,0.3333333333333333,6.900456621004566,168.5091506849315,345.976060985759,2766.009412368946
P0505,289.0821917808219,191.8743259589877,2.02,0.33734000000000003,0.985,2.17009037758456,628.4942223653302,1212.4402497625906,15.25,medium,2108.598116035683,0.6666666666666666,96.3607305936073,583.9460273972603,1308.8009803561977,4391.027289095044
P0506,82.73698630136987,54.207343859068644,2.04,0.58344,0.97,1.8807936081512509,171.6022130679344,340.38566512272894,42.55,low,1606.3683165289337,1.0,41.368493150684934,168.78345205479454,381.75415827341385,3573.6006755974267
P0507,156.3095890410959,102.49875389805881,1.94,0.50052,0.995,2.5758293035489004,419.3345120752456,722.5751148149716,3.04,high,280.45092167592423,1.6666666666666667,130.25799086757993,303.24060273972606,852.8331056825516,570.3747810804905
P0508,31.704109589041096,20.92727096107056,4.16,0.9193600000000001,0.985,2.17009037758456,112.1634670758592,244.05256296627016,6.88,medium,169.77062376602046,0.6666666666666666,10.568036529680365,131.88909589041097,254.62059949595056,385.39373939707076
P0509,20.884931506849316,14.057687967729368,1.07,0.41516000000000003,0.97,1.8807936081512509,31.842174142875425,54.189050855204194,4.04,low,28.301324378187676,1.6666666666666667,17.4041095890411,22.34687671232877,71.59316044424529,63.632001002845215
P0510,82.65205479452055,54.14619026502945,1.7,0.6987,0.995,2.5758293035489004,234.93798336976172,375.44647652044665,16.54,high,854.8923338858889,1.0,41.326027397260276,140.50849315068493,416.7725039177069,1516.5517872557518
P0511,151.06027397260274,100.20235945617286,4.07,1.57102,0.97,1.8807936081512509,586.3283446044095,1201.1436596729027,44.41,low,5728.545192454001,0.4,30.21205479452055,614.8153150684932,1231.3557144674232,12030.591601489617
P0512,54.487671232876714,36.154400068141356,1.52,0.36936,0.995,2.5758293035489004,125.97601915309136,208.79727942706398,7.53,high,208.69187332901117,1.0,27.243835616438357,82.82126027397261,236.04111504350232,391.02571118106596
P0513,83.02191780821917,54.48842564507567,4.16,0.9193600000000001,0.985,2.17009037758456,292.5746063085373,637.945784390729,16.07,medium,1034.3682631432027,0.6666666666666666,27.673972602739724,345.37117808219176,665.6197569934689,2353.23208887471
P0514,82.68219178082192,54.09462441673197,0.84,0.20748,0.985,2.17009037758456,113.84854379498229,183.3015848908727,1.1,medium,27.551347598385718,0.6666666666666666,27.560730593607307,69.45304109589041,210.86231548448,51.02868034724416
P0515,149.76164383561644,98.96220089550147,0.85,0.32384999999999997,0.985,2.17009037758456,224.23208511892372,351.5294823791977,59.67,medium,2943.5842741901597,0.5,37.44041095890411,127.29739726027397,388.96989333810177,5106.163377806597
P0516,41.345205479452055,27.098239273606694,2.47,0.5681,0.985,2.17009037758456,105.5443496903302,207.66700722457676,8.18,medium,189.93761170271821,1.0,20.672602739726027,102.12265753424658,228.3396099643028,410.9199620917593
P0517,35.172602739726024,23.25173549161375,4.07,1.57102,0.97,1.8807936081512509,136.32495832896237,279.4774514796473,4.98,low,149.35762434521118,0.4,7.034520547945205,143.15249315068493,286.5119720275925,313.90251655343036
P0518,210.95342465753424,139.91726566571893,2.02,0.33734000000000003,0.985,2.17009037758456,458.34341072849617,884.4693285367154,0.98,medium,98.81883935306377,0.6666666666666666,70.31780821917808,426.1259178082192,954.7871367558935,205.85210668457063
P0519,70.35342465753425,46.47235407110156,3.5,0.7035,0.97,1.8807936081512509,188.15926587231243,434.39625217368234,34.08,low,1410.7429118042496,1.6666666666666667,58.62785388127854,246.23698630136988,493.02410605496084,3696.497537557674
P0520,17.512328767123286,11.854798550917009,2.31,0.36729,0.97,1.8807936081512509,35.98222567336711,76.4357051254219,7.75,low,61.349694773090924,0.6666666666666666,5.837442922374429,40.45347945205479,82.27314804779633,140.27571742149274
P0521,255.17260273972602,167.13201439682047,2.97,0.8613,0.985,2.17009037758456,786.2338285024632,1544.0964586394496,67.21,medium,11625.410635003122,1.6666666666666667,212.64383561643837,757.8626301369864,1756.7402942558879,25975.513338926405
P0522,198.75068493150684,138.85212618450663,3.36,1.4414399999999998,0.995,2.5758293035489004,987.1020718835408,1654.9043732534037,60.85,high,13214.33543630496,0.5,49.68767123287671,667.8023013698629,1704.5920444862804,22819.373699537835
P0523,41.52328767123288,27.249007041834002,2.29,0.71677,0.985,2.17009037758456,110.35841691909647,205.44674568621977,103.42,medium,2510.9188451100504,1.6666666666666667,34.6027397260274,95.0883287671233,240.04948541224718,5461.701911893612
P0524,41.75890410958904,28.113231777821756,1.31,0.42837000000000003,0.995,2.5758293035489004,94.82947635782129,149.53364074138295,36.57,high,762.9410690892155,1.0,20.87945205479452,54.70416438356165,170.41309279617747,1371.0414967823663
P0525,25.594520547945205,17.133925366492907,0.76,0.21356000000000003,0.97,1.8807936081512509,29.915324263689815,49.36715988012817,15.33,low,100.89242261172028,0.2,2.5594520547945208,19.451835616438355,51.92661193492269,175.12769141172026
P0526,20.6,13.868257692607655,1.68,0.56616,0.985,2.17009037758456,46.49947924122816,81.10747924122816,5.98,medium,61.17471488975976,1.0,10.3,34.608000000000004,91.40747924122816,120.25567968975977
P0527,82.7013698630137,54.143694886113174,1.03,0.33990000000000004,0.97,1.8807936081512509,116.08731361786083,201.26972457676493,43.3,low,1105.847749523742,1.6666666666666667,68.91780821917808,85.18241095890411,270.18753279594307,2573.8064374141536
P0528,30.106849315068494,19.9889277645846,3.58,1.5036,0.97,1.8807936081512509,110.94556387525861,218.72808442320382,6.87,low,167.68312524106588,0.5,7.526712328767124,107.78252054794521,226.25479675197096,341.9614998109289
P0529,293.0,193.69884294502575,3.66,1.2297600000000002,0.985,2.17009037758456,1121.646425747353,2194.026425747353,106.24,medium,26216.01757970773,0.12195121951219512,17.865853658536587,1072.38,2211.89227940589,51698.11586809798
P0530,41.24657534246575,27.01667211243289,4.07,1.57102,0.97,1.8807936081512509,159.25370378863036,327.12726543246595,32.58,low,1141.466847275387,0.4,8.249315068493152,167.87356164383561,335.3765805009591,2403.8451783986748
P0531,76.1972602739726,51.75284133146579,2.17,0.71827,0.995,2.5758293035489004,241.73618353232018,407.0842383268407,26.54,high,1411.449228408511,1.6666666666666667,63.497716894977174,165.34805479452055,470.5819552218179,2747.6339201491505
P0532,200.71506849315068,133.11861981949178,1.92,0.816,0.985,2.17009037758456,535.3068962311007,920.6798277379501,55.97,medium,6591.447936052035,1.0,100.35753424657534,385.3729315068493,1021.0373619845254,12572.441453060255
P0533,22.610958904109587,15.73918224033448,2.87,1.18244,0.985,2.17009037758456,81.94155791088878,146.8350099656833,104.58,medium,1885.2785877905644,0.6666666666666666,7.536986301369862,64.89345205479452,154.37199626705316,3551.7291413138523
P0534,259.8602739726027,172.64471453238494,2.02,0.33734000000000003,0.97,1.8807936081512509,490.06500564007723,1014.9827590647346,6.17,low,665.2142386558409,0.6666666666666666,86.6200913242009,524.9177534246575,1101.6028503889356,1495.3157091179412
P0535,135.8027397260274,91.5395758593912,1.68,0.21336,0.985,2.17009037758456,265.0451862479847,493.1937889877107,754.25,medium,43980.27298005934,1.6666666666666667,113.1689497716895,228.14860273972602,606.3627387594001,100616.80105604106
P0536,41.49589041095891,27.25687955480011,4.07,1.3593800000000003,0.97,1.8807936081512509,148.1618384298706,317.05011240247336,41.66,low,1357.93288157745,0.3333333333333333,6.915981735159818,168.88827397260278,323.9660941376332,2969.2140459902357
P0537,241.8082191780822,158.73205164041005,1.73,0.45845,0.97,1.8807936081512509,444.5923775457533,862.9205967238355,4.47,low,437.2121440784938,0.25,30.226027397260275,418.3282191780822,893.1466241210958,878.3203901606855
P0538,17.616438356164384,11.992019022953409,1.73,0.45845,0.995,2.5758293035489004,45.64487658257523,76.12131493873962,9.72,high,97.60700408417888,0.25,2.202054794520548,30.476438356164383,78.32336973326017,167.48669383760355
P0539,74.0958904109589,49.87786301886455,3.24,1.14372,0.97,1.8807936081512509,232.20134078780148,472.2720257193083,66.55,low,3399.659830474201,0.5,18.523972602739725,240.07068493150686,490.79599832204804,7185.744211433105
P0540,41.37808219178082,27.17100024941418,3.86,1.38188,0.995,2.5758293035489004,201.4950015724482,361.21439883272217,15.75,high,698.180180448533,1.6666666666666667,34.481735159817354,159.71939726027395,395.6961339925395,1371.0871042841493
P0541,199.47671232876712,131.65596871791126,4.07,1.3593800000000003,0.985,2.17009037758456,823.7108987932623,1635.5811179713446,17.72,medium,3211.154567855654,0.3333333333333333,33.24611872146119,811.8702191780823,1668.8272366928059,6505.756099523234
P0542,23.863013698630137,16.092209456081015,2.29,0.85875,0.985,2.17009037758456,69.06731619516259,123.7136175650256,13.57,medium,206.1935657690384,1.0,11.931506849315069,54.64630136986302,135.64512441434067,404.95495442657267
P0543,27.106849315068494,17.993804861606158,3.49,1.47278,0.985,2.17009037758456,113.25672027998854,207.8596243895776,5.73,medium,142.77142158495357,0.6666666666666666,9.035616438356165,94.60290410958905,216.89524082793375,273.4181405876933
P0544,145.53698630136986,96.2560509113402,3.58,1.5036,0.985,2.17009037758456,617.8313454909709,1138.8537564498752,108.04,medium,14685.10968470579,0.5,36.384246575342466,521.0224109589042,1175.2380030252175,27933.99704630579
P0545,278.62191780821917,182.9605871256617,4.45,0.5829500000000001,0.985,2.17009037758456,908.7031104481081,2148.5706446946833,8.14,medium,1627.305530190472,1.6666666666666667,232.18493150684932,1239.8675342465754,2380.7555762015327,4263.457085861705
P0546,185.51232876712328,129.54375978499417,4.46,0.85632,0.97,1.8807936081512509,595.0021006688263,1422.3870869701962,15.87,low,2077.39033427514,0.6666666666666666,61.83744292237442,827.3849863013698,1484.2245298925704,5182.02152366692
P0547,351.3808219178082,230.74467399323797,4.07,1.57102,0.985,2.17009037758456,1567.0283626681512,2997.1483078736305,16.82,medium,5798.631753217227,0.4,70.27616438356164,1430.1199452054793,3067.424472257192,11350.697517140514
P0548,82.45753424657535,54.071802887731884,2.47,0.5681,0.995,2.5758293035489004,249.94914972813618,453.6192593171773,21.63,high,1189.4080238963086,1.0,41.228767123287675,203.67010958904112,494.848026440465,2354.783818619597
P0549,341.7671232876712,224.3301090296424,4.07,1.3593800000000003,0.985,2.17009037758456,1407.4902933309343,2798.4824851117564,4.53,medium,1402.7048263336092,0.3333333333333333,56.96118721461187,1390.992191780822,2855.443672326368,2845.7351638404584
P0550,170.14794520547946,111.93613282718267,1.52,0.36936,0.97,1.8807936081512509,285.2038611503509,543.8287378626796,43.58,low,2734.4205391651044,1.0,85.07397260273973,258.6248767123288,628.9027104654194,6029.667626858255
P0551,242.4191780821918,159.35300906893033,1.92,0.816,0.985,2.17009037758456,643.3345951250142,1108.7794170428224,13.79,medium,1951.748494690268,1.0,121.2095890410959,465.4448219178082,1229.9890060839184,3731.540646657392
P0552,280.03287671232874,185.04881747857314,4.07,1.3593800000000003,0.995,2.5758293035489004,1373.3778703506493,2513.1116785698277,52.45,high,15847.407245976145,0.3333333333333333,46.67214611872146,1139.7338082191782,2559.783824688549,29537.34555308117
P0553,41.27945205479452,27.08693249127415,1.7,0.6987,0.97,1.8807936081512509,85.75988882215832,155.934957315309,1.52,low,28.678106822129738,1.0,20.63972602739726,70.17506849315068,176.57468334270624,59.046574109800964
P0554,82.66575342465754,54.25315157498368,1.07,0.41516000000000003,0.985,2.17009037758456,142.75289013505304,231.20524629943662,14.04,medium,440.93512704915184,1.6666666666666667,68.88812785388129,88.45235616438357,300.0933741533179,926.9284140847682
P0555,165.47671232876712,108.66797212143834,2.31,0.36729,0.995,2.5758293035489004,453.31756573699454,835.5687712164465,15.68,high,1563.7642747663363,0.6666666666666666,55.15890410958904,382.25120547945204,890.7276753260356,3072.6541888046927
P0556,245.41643835616438,166.47636783555618,2.31,0.36729,0.985,2.17009037758456,582.8834484702636,1149.7954210730034,3.11,medium,398.80885544335433,0.6666666666666666,81.80547945205478,566.9119726027398,1231.600900525058,842.6613361392447
P0557,20.915068493150685,14.062885366957838,0.76,0.21356000000000003,0.995,2.5758293035489004,33.60958010484145,49.50503215963597,5.69,high,42.07247237524052,0.2,2.0915068493150684,15.89545205479452,51.596539008951034,64.58854753140491
P0558,191.46575342465752,125.91610260557857,0.85,0.32384999999999997,0.97,1.8807936081512509,247.53274689679813,410.278637307757,52.13,low,2838.854061060619,0.5,47.86643835616438,162.74589041095888,458.1450756639214,5254.28261475925
P0559,332.6876712328767,218.44057955914093,1.68,0.56616,0.985,2.17009037758456,737.9607991150231,1296.8760867862559,7.17,medium,1164.0593645240374,1.0,166.34383561643835,558.9152876712328,1463.2199224026942,2308.08310559801
P0560,81.42465753424658,55.25503254098148,1.92,0.816,0.985,2.17009037758456,219.98976164699283,376.32510411274626,143.78,medium,6958.628144513019,1.0,40.71232876712329,156.33534246575343,417.0374328798696,13191.561261882884
P0561,253.58904109589042,166.1637808831235,4.46,0.85632,0.97,1.8807936081512509,776.150401304675,1907.1575245923464,12.74,low,2175.3943447767433,0.6666666666666666,84.5296803652968,1131.0071232876712,1991.6872049576432,5582.300898055282
P0562,41.51780821917808,27.241448615215507,3.36,1.19952,0.995,2.5758293035489004,181.6576633960409,321.1574990124792,14.19,high,567.0988935897605,1.6666666666666667,34.598173515981735,139.49983561643833,355.755672528461,1110.5980584993495
P0563,41.42739726027397,27.10973457757335,0.85,0.32384999999999997,0.985,2.17009037758456,61.559201057543234,96.77248872877611,334.52,medium,4530.412466309259,0.5,10.356849315068493,35.21328767123288,107.1293380438446,7884.119355733917
P0564,98.42191780821918,67.37089861229691,4.16,0.9193600000000001,0.985,2.17009037758456,357.0384532570087,766.4736313392004,14.12,medium,1109.1042511975718,0.6666666666666666,32.80730593607306,409.4351780821918,799.2809372752736,2482.8863035519094
P0565,15.816438356164383,10.73848749375208,4.07,1.3593800000000003,0.995,2.5758293035489004,78.62003914851483,142.99294325810388,50.44,high,872.4308504232393,0.3333333333333333,2.63607305936073,64.37290410958904,145.62901631746462,1616.0160682716414
P0566,47.71780821917808,32.0673199094017,2.29,0.85875,0.995,2.5758293035489004,163.6007731769374,272.8745539988552,1.21,high,43.55052581970074,1.0,23.85890410958904,109.27378082191781,296.73345810844427,78.99044654846786
P0567,190.42465753424656,124.97104255885753,1.64,0.5920399999999999,0.985,2.17009037758456,424.8237461679581,737.1201845241225,6.82,medium,637.4055487504044,1.6666666666666667,158.68721461187215,312.29643835616434,895.8073991359946,1344.0694216636464
P0568,38.21369863013699,27.168447454846014,2.66,0.75012,0.985,2.17009037758456,114.52415158195183,216.17258993811623,28.23,medium,711.26369581487,1.0,19.106849315068494,101.64843835616439,235.2794392531847,1461.226485425829
P0569,265.63013698630135,173.94075873930572,0.84,0.20748,0.97,1.8807936081512509,317.24679883420265,540.3761139026958,187.56,low,13090.618109655472,0.6666666666666666,88.54337899543378,223.12931506849313,628.9194928981295,25951.2308193541
P0570,82.69315068493151,54.252908791129904,2.04,0.58344,0.97,1.8807936081512509,171.68066326723272,340.37469066449296,6.64,low,250.79111290077356,1.0,41.346575342465755,168.69402739726027,381.7212660069588,557.6184253829654
P0571,73.83013698630137,49.828427289951414,2.04,0.58344,0.97,1.8807936081512509,156.46297103929638,307.0764504913512,4.98,low,171.42083107065312,1.0,36.915068493150685,150.6134794520548,343.9915189845019,376.8771081994203
P0572,20.528767123287672,13.845393166587133,1.07,0.41516000000000003,0.999,3.090232306167813,51.50133011083655,73.46711093275437,55.03,critical,623.5060031198539,1.6666666666666667,17.10730593607306,21.96578082191781,90.57441686882743,1096.5482352641461
P0573,15.857534246575343,10.811394043142826,1.34,0.19698,0.97,1.8807936081512509,24.26038197003691,45.50947786044787,20.93,low,111.70935481923195,1.6666666666666667,13.214611872146119,21.24909589041096,58.72408973259398,270.4009435827022
P0574,223.1260273972603,148.5214695948153,4.32,1.83168,0.97,1.8807936081512509,963.2992019652266,1927.203640321391,30.01,low,6359.89399121482,0.2,22.31260273972603,963.9044383561645,1949.5162430611172,12871.096139938109
P0575,45.323287671232876,31.62598441567352,2.29,0.85875,0.985,2.17009037758456,133.867278864902,237.6576076320253,29.92,medium,881.167976400331,1.0,22.661643835616438,103.79032876712328,260.3192514676417,1713.525440860605
P0576,41.347945205479455,27.17216229403271,2.04,0.58344,0.97,1.8807936081512509,85.94538271962809,170.29519093880617,26.55,low,502.0069804653477,1.0,20.673972602739727,84.34980821917809,190.9691635415459,1115.4508842461696
P0577,27.095890410958905,17.99600412268128,1.73,0.45845,0.985,2.17009037758456,58.010051522153745,104.88594193311265,11.72,medium,149.57311684472123,0.25,3.386986301369863,46.8758904109589,108.27292823448252,279.1709181597898
P0578,253.14246575342466,166.03425927243183,1.59,0.33072,0.995,2.5758293035489004,580.7969259305695,983.2934464785147,23.16,high,2959.2764970014377,1.6666666666666667,210.95205479452056,402.49652054794524,1194.2455012730352,6084.919678086369
P0579,478.54246575342466,313.6074512729303,0.76,0.21356000000000003,0.97,1.8807936081512509,548.9535437836071,912.6458177562099,4.85,low,585.7334312171087,0.2,47.85424657534247,363.6922739726028,960.5000643315523,1024.8535686417663
P0580,54.323287671232876,36.11823730589022,2.31,0.36729,0.985,2.17009037758456,126.75177823598283,252.23857275653077,171.02,medium,4768.959605061912,0.6666666666666666,18.107762557077624,125.48679452054795,270.3463353136084,10171.618658373329
P0581,157.4958904109589,106.06219981839726,2.02,0.33734000000000003,0.97,1.8807936081512509,300.6101638085169,618.7518624386539,13.6,low,899.4256101150826,0.6666666666666666,52.4986301369863,318.141698630137,671.2504925756402,2008.3814737863156
P0582,27.084931506849315,17.977272520095458,3.36,1.19952,0.985,2.17009037758456,100.42202781584095,191.42739767885465,39.83,medium,879.9580609390879,1.6666666666666667,22.570776255707763,91.0053698630137,213.9981739345624,1875.1803989189962
P0583,234.98356164383563,155.9353196195854,1.31,0.42837000000000003,0.985,2.17009037758456,444.66283178974606,752.4912975431707,1.44,medium,140.86918511099154,1.0,117.49178082191781,307.82846575342467,869.9830783650885,275.61063922606
P0584,70.24383561643836,46.435033744727725,3.36,1.19952,0.985,2.17009037758456,259.9079235758856,495.9272112471185,1.78,medium,101.7799428723168,1.6666666666666667,58.536529680365305,236.0192876712329,554.4637409274837,217.12800094720265
P0585,454.0191780821918,298.30002259025156,2.87,1.18244,0.97,1.8807936081512509,1386.6811110307247,2689.7161521266153,7.83,low,2388.6968818615264,0.6666666666666666,151.33972602739726,1303.0350410958904,2841.055878154012,4894.002855708101
P0586,106.45753424657535,70.4559443007469,1.52,0.36936,0.97,1.8807936081512509,179.33240468463663,341.1478567394312,26.58,low,1048.664169633881,1.0,53.228767123287675,161.81545205479452,394.3766238627188,2306.1567456996345
P0587,14.26849315068493,9.976578019887555,4.07,1.3593800000000003,0.995,2.5758293035489004,71.99948839985069,130.07225552313835,13.08,high,207.18572781941035,0.3333333333333333,2.3780821917808215,58.07276712328767,132.4503377149192,381.13909180845144
P0588,279.81369863013697,183.43127086326726,2.87,1.18244,0.97,1.8807936081512509,853.7171514904712,1656.7824665589642,13.32,low,2501.732740727677,0.6666666666666666,93.27123287671232,803.0653150684931,1750.0536994356767,5128.357360826307
P0589,63.70958904109589,42.10652426666988,1.52,0.36936,0.985,2.17009037758456,123.68834876831409,220.52692411077982,13.88,medium,377.6947417989239,1.0,31.854794520547944,96.83857534246575,252.38171863132777,770.6728160126225
P0590,41.41095890410959,27.1721393029286,1.7,0.6987,0.985,2.17009037758456,99.26401599189668,169.66264612888298,18.36,medium,400.9472133944691,1.0,20.705479452054796,70.3986301369863,190.36812558093777,768.9349328465239
P0591,82.75616438356164,54.34786454730328,3.58,1.5036,0.985,2.17009037758456,350.30378461072945,646.5708531038802,10.5,medium,809.201742450785,0.5,20.68904109589041,296.2670684931507,667.2598941997705,1541.37035560147
P0592,60.11232876712329,39.743559659360024,3.86,1.38188,0.97,1.8807936081512509,214.42170481466155,446.4552938557574,98.69,low,4655.481170594969,1.6666666666666667,50.093607305936075,232.0335890410959,496.5489011616935,10780.970432242457
P0593,104.23835616438356,69.31101792703373,2.02,0.33734000000000003,0.97,1.8807936081512509,196.7260241062812,407.28750355833597,39.56,low,1712.1459330017865,0.6666666666666666,34.74611872146119,210.56147945205478,442.03362227979716,3847.1070214255305
P0594,41.47397260273973,27.17267751126332,1.64,0.5920399999999999,0.999,3.090232306167813,131.60952382111552,199.62683888960868,20.54,critical,594.7171162428568,1.6666666666666667,34.561643835616444,68.01731506849315,234.18848272522513,1058.2509157387474
P0595,171.58904109589042,112.96370072625224,3.24,1.14372,0.985,2.17009037758456,613.253010243256,1169.201503393941,11.62,medium,1567.7199953858594,0.5,42.897260273972606,555.948493150685,1212.0987636679135,3098.609279440654
P0596,41.47123287671233,27.15032167180405,0.76,0.21356000000000003,0.985,2.17009037758456,54.84216733157724,86.36030431787862,7.2,medium,86.86999305321835,0.2,4.147123287671233,31.51813698630137,90.50742760554985,143.36376532719098
P0597,70.1013698630137,46.27839933890397,1.7,0.6987,0.97,1.8807936081512509,146.16921083172085,265.3415395988441,107.32,low,3451.1135354212615,1.0,35.05068493150685,119.17232876712329,300.392224530351,7092.3805780513985
P0598,41.347945205479455,27.11092451225294,3.89,1.31482,0.995,2.5758293035489004,196.41814615999994,357.261653009315,22.26,high,961.8989453747517,0.3333333333333333,6.8913242009132425,160.84350684931508,364.15297721022824,1783.3299599939298
P0599,63.723287671232875,42.09268462632947,1.7,0.6987,0.97,1.8807936081512509,132.9175426644807,241.24713170557658,24.54,low,717.5952293369984,1.0,31.861643835616437,108.32958904109589,273.10877554119304,1474.459657391793
