part_id,mean_daily_demand,sd_daily_demand,mean_lead_time_days,sd_lead_time_days,target_cycle_service,z,safety_stock_units,reorder_point_units,unit_value_eur,criticality,annual_safety_stock_holding_eur,delivery_interval_days,cycle_stock_units,pipeline_inventory_units,avg_inventory_units,annual_inventory_holding_eur
P0000,82.4931506849315,54.05977646069191,0.84,0.20748,0.985,2.17009037758456,130.8185105304456,200.11275710578806,66.3,medium,1659.233734432243,0.6666666666666666,27.497716894977167,69.29424657534247,227.61047400076524,3319.9263737751617
P0001,190.55616438356165,126.5260484260161,0.76,0.21356000000000003,0.97,1.8807936081512509,254.29466517976937,399.1173501112762,37.29,low,1814.0718036537326,0.3333333333333333,31.759360730593606,144.82268493150684,430.8767108418698,3534.8263604045314
P0002,57.04931506849315,39.84396462937295,1.07,0.41516000000000003,0.97,1.8807936081512509,102.81526254402004,163.85802966730773,1.76,low,34.617451875690925,1.6666666666666667,47.54109589041096,61.042767123287675,211.39912555771866,81.85374141594866
P0003,166.78082191780823,112.32366480464734,4.17,1.1967899999999998,0.97,1.8807936081512509,657.6536862149908,1353.1297136122512,4.58,low,576.2190036784564,0.6666666666666666,55.593607305936075,695.4760273972603,1408.7233209181873,1419.4296181571656
P0004,41.391780821917806,27.151132539796333,4.07,1.3593800000000003,0.985,2.17009037758456,195.9697846886663,364.4343326338718,71.84,medium,2693.27239395429,0.4,8.278356164383561,168.46454794520548,372.71268879825533,5890.649503918667
P0005,82.66849315068494,54.214391455175765,0.84,0.20748,0.985,2.17009037758456,131.18242027093896,200.6239545175143,10.41,medium,261.2469381778299,0.6666666666666666,27.556164383561644,69.44153424657534,228.18011890107596,522.5781083072442
P0006,27.2,18.073750013775214,2.29,0.85875,0.985,2.17009037758456,89.76020134463486,152.04820134463486,2.73,medium,46.878240806598,1.0,13.6,62.288,165.64820134463486,99.48830972758769
P0007,173.84657534246574,113.974156124704,2.47,0.5681,0.985,2.17009037758456,510.46873804374314,939.8697791396336,11.0,medium,1074.203779187703,0.6666666666666666,57.948858447488576,429.40104109589043,997.8186375871221,2414.7211029608357
P0008,113.17534246575343,74.86076412728038,3.89,1.31482,0.999,3.090232306167813,1005.6988059136274,1445.9508881054082,32.57,critical,4641.696762572306,0.3333333333333333,18.86255707762557,440.25208219178086,1464.8134451830338,10495.974260114512
P0009,23.923287671232877,16.088171552006717,2.29,0.85875,0.985,2.17009037758456,79.49899063681357,134.28331940393687,7.44,medium,113.15125902116215,1.0,11.961643835616439,54.78432876712329,146.2449632395533,239.37375583050084
P0010,505.8027397260274,331.8589656305768,4.07,1.3593800000000003,0.985,2.17009037758456,2394.992363634346,4453.609514319278,7.33,medium,3358.4040744319536,0.4,101.1605479452055,2058.617150684932,4554.770062264483,7345.022202407706
P0011,121.92602739726027,80.76599291733078,3.58,1.5036,0.97,1.8807936081512509,516.2161938454756,952.7113719276674,36.06,low,3561.083746969502,0.5,30.481506849315068,436.4951780821918,983.1928787769825,7799.865745913558
P0012,41.38630136986301,27.157382756915847,3.76,0.7745599999999999,0.985,2.17009037758456,153.8532517303267,309.4657448810116,4.09,medium,120.38013557125907,1.0,20.693150684931506,155.6124931506849,330.1588955659431,297.07697423023563
P0013,31.695890410958903,20.916713691120524,1.34,0.19698,0.985,2.17009037758456,62.4022103709328,104.87470352161773,6.6,medium,78.78957344225603,5.0,79.23972602739725,42.47249315068493,184.11442954901497,267.33415170516975
P0014,20.427397260273974,13.80907151546487,4.45,0.5829500000000001,0.995,2.5758293035489004,93.22128909979384,184.123206908013,163.39,high,2913.838098889886,2.5,25.53424657534247,90.90191780821918,209.65745348335548,7536.304891421999
P0015,35.178082191780824,23.239875773812493,2.47,0.5681,0.97,1.8807936081512509,90.05132420661248,176.94118722031112,2.84,low,48.92527596894911,0.6666666666666666,11.726027397260275,86.88986301369864,188.6672146175714,117.87927569305862
P0016,96.07123287671233,68.31154689662579,3.58,1.5036,0.97,1.8807936081512509,419.25113266397454,763.1861463626046,48.42,low,3883.5050135562806,0.5,24.017808219178082,343.93501369863014,787.2039545817828,8385.611405786984
P0017,41.35342465753425,27.089362101453702,4.07,1.3593800000000003,0.999,3.090232306167813,376.1390008798824,544.4474392360469,5.64,critical,300.62046524428865,0.4,8.27068493150685,168.3084383561644,552.7181241675537,685.8126484671005
P0018,161.83013698630137,106.17386048226021,1.92,0.816,0.985,2.17009037758456,493.36041302076575,804.0742760344644,7.5,medium,707.8649404210988,1.0,80.91506849315068,310.71386301369864,884.9893445276151,1460.2324184705649
P0019,291.09589041095893,192.53550866904914,1.73,0.45845,0.995,2.5758293035489004,847.9389952344585,1351.5348856454175,15.56,high,2524.0563204231294,0.2,29.109589041095894,503.59589041095893,1380.6444746865134,4726.222165746873
P0020,14.252054794520548,9.960197016744896,1.68,0.21336,0.995,2.5758293035489004,39.28823128128115,63.23168333607567,50.02,high,375.9507933145481,1.6666666666666667,11.876712328767123,23.94345205479452,75.10839566484279,826.522829254196
P0021,28.504109589041096,19.911841680488433,2.31,0.36729,0.995,2.5758293035489004,94.85889428071295,160.70338743139789,9.96,high,180.74331230252022,0.6666666666666666,9.501369863013698,65.84449315068494,170.2047572944116,372.95266418351474
P0022,20.898630136986302,14.042444422929623,2.04,0.58344,0.985,2.17009037758456,58.5770773803797,101.21028285983175,21.94,medium,245.86072791271022,1.6666666666666667,17.41552511415525,42.63320547945206,118.62580797398701,572.5830499288405
P0023,224.52602739726026,148.25026177857774,2.29,0.71677,0.97,1.8807936081512509,597.1736370803841,1111.3382398201102,91.61,low,10465.701666474328,1.0,112.26301369863013,514.164602739726,1223.6012535187401,24660.704383667395
P0024,41.49315068493151,27.204417106434356,2.89,1.22536,0.985,2.17009037758456,171.525333362156,291.44053884160803,4.71,medium,154.55178298249223,0.6666666666666666,13.831050228310502,119.91520547945206,305.2715890699186,316.32242059424965
P0025,302.7479452054794,201.9239113234805,3.36,1.4414399999999998,0.985,2.17009037758456,1428.0373051138356,2445.270401004246,1.93,medium,527.2562084794214,0.3333333333333333,50.4579908675799,1017.2330958904108,2495.7283918718263,1059.6862751887775
P0026,143.72328767123287,96.8546698207402,1.22,0.35135999999999995,0.985,2.17009037758456,295.22814250807534,470.5705534669794,2.61,medium,147.4086951549016,2.5,179.65410958904107,175.34241095890408,650.2246630560205,373.359001526767
P0027,9.64109589041096,6.864061440216388,3.36,1.19952,0.97,1.8807936081512509,36.96300229497325,69.35708448675408,20.34,low,143.82786319090985,5.0,24.102739726027398,32.394082191780825,93.45982421278147,418.2140213873545
P0028,284.986301369863,186.5528747743043,0.85,0.32384999999999997,0.985,2.17009037758456,487.1201678205924,729.3585239849759,11.32,medium,1054.89049212209,0.4,56.9972602739726,242.23835616438353,786.3557842589486,1958.3404451184856
P0029,60.25753424657534,39.913360558166666,1.73,0.45845,0.985,2.17009037758456,148.04561971183497,252.2911539584103,7.78,medium,220.3433762598059,0.2,6.025753424657534,104.24553424657533,258.3169073830678,442.13521867685887
P0030,82.71232876712328,54.32064940682804,3.24,1.14372,0.97,1.8807936081512509,294.2633434980871,562.2512887035666,70.62,low,3975.4721825423317,0.4,16.542465753424658,267.98794520547943,578.7937544569912,8992.3712867456
P0031,522.054794520548,342.71156497779856,4.31,1.0430199999999998,0.985,2.17009037758456,2235.9132165200544,4485.969380903616,3.88,medium,1659.6308883665379,1.6666666666666667,435.04566210045664,2250.0561643835613,4921.015043004072,4200.578440708276
P0032,35.156164383561645,23.211882296641164,2.47,0.5681,0.985,2.17009037758456,103.7914567539221,190.6271827813194,23.0,medium,456.68240971725726,0.6666666666666666,11.718721461187215,86.83572602739727,202.3459042425066,1023.8702754670834
P0033,435.97534246575344,288.0106109637253,1.7,0.6987,0.985,2.17009037758456,1206.7118082991542,1947.8698904909352,62.06,medium,14326.502313973924,1.6666666666666667,363.3127853881279,741.1580821917809,2311.182675879063,31555.039310312022
P0034,107.0958904109589,70.82534709238767,2.01,0.38391,0.97,1.8807936081512509,234.68429695914892,449.9470366851763,63.51,low,2851.3529860631484,5.0,267.73972602739724,215.26273972602738,717.6867627125736,10027.66298597262
P0035,177.2,116.35905495632763,3.83,1.27156,0.97,1.8807936081512509,692.8930852096403,1371.5690852096402,4.61,low,611.0714495822759,0.4,35.44,678.6759999999999,1407.0090852096403,1426.9886142196174
P0036,108.66849315068494,72.17083075788726,2.29,0.85875,0.97,1.8807936081512509,310.70907236852224,559.5599216835908,19.33,low,1148.9751314385894,1.0,54.33424657534247,248.8508493150685,613.8941682589332,2610.646339937939
P0037,41.41917808219178,27.22862432880293,1.73,0.45845,0.985,2.17009037758456,101.16238554612107,172.81756362831283,11.05,medium,213.84848631532208,0.2,4.141917808219178,71.65517808219177,176.95948143653203,430.1884993722094
P0038,54.293150684931504,36.05930832246044,1.73,0.45845,0.985,2.17009037758456,133.67262186840648,227.59977255333797,1.54,medium,39.3811167730575,0.2,5.429315068493151,93.9271506849315,233.02908762183114,78.95025488627638
P0039,41.38904109589041,27.198939265252605,2.36,0.45311999999999997,0.985,2.17009037758456,114.29774272902533,211.9758797153267,34.84,medium,761.7994247560291,1.0,20.694520547945206,97.67813698630137,232.67040026327192,1783.3720839379266
P0040,35.16164383561644,23.192663142985698,2.02,0.33734000000000003,0.985,2.17009037758456,87.4263429574375,158.4528635053827,27.89,medium,466.4613522767349,0.6666666666666666,11.720547945205478,71.02652054794521,170.1734114505882,1044.1500179785191
P0041,27.21917808219178,18.061286519823735,1.73,0.45845,0.985,2.17009037758456,66.9668559092949,114.05603399148669,19.19,medium,245.84406285031415,0.2,2.721917808219178,47.08917808219178,116.77795179970586,493.0131569079982
P0042,82.75616438356164,54.2817056443993,4.07,1.57102,0.985,2.17009037758456,424.21804376927514,761.035632810371,62.23,medium,5050.260478284903,0.4,16.55123287671233,336.8175890410959,777.5868656870834,10645.630743375585
P0043,209.05753424657533,138.28156289527718,2.29,0.85875,0.97,1.8807936081512509,596.3494171297714,1075.091170554429,27.82,low,3173.8234544356983,1.0,104.52876712328766,478.74175342465753,1179.6199376777167,7219.745866562697
P0044,31.863013698630137,21.046857109539474,1.68,0.21336,0.985,2.17009037758456,70.16184008385751,123.69170309755614,11.75,medium,157.7116144493667,1.6666666666666667,26.552511415525114,53.52986301369863,150.24421451308126,388.3812945163151
P0045,41.38630136986301,27.12448568950047,3.58,1.5036,0.985,2.17009037758456,201.29981505146657,349.46277395557615,58.78,medium,2263.5901637561265,0.5,10.346575342465753,148.1629589041096,359.80934929804187,4652.910581382558
P0046,54.364383561643834,36.085922226394594,1.94,0.50052,0.97,1.8807936081512509,123.62072594389564,229.08763005348467,19.01,low,449.5709565587482,1.6666666666666667,45.30365296803653,105.46690410958904,274.3912830215212,1147.559223852606
P0047,186.3095890410959,122.16297006029089,2.31,0.36729,0.985,2.17009037758456,493.83061256885094,924.2057632537825,10.91,medium,1030.688901119788,0.6666666666666666,62.10319634703197,430.37515068493155,986.3089596008144,2367.338764833875
P0048,30.057534246575344,19.935320674292488,3.49,1.47278,0.985,2.17009037758456,144.37134909216445,249.2721436127124,7.72,medium,213.21765156359317,0.6666666666666666,10.01917808219178,104.90079452054796,259.2913216949042,440.38038076662525
P0049,82.87123287671233,54.319692358033876,2.29,0.85875,0.97,1.8807936081512509,235.16633315535282,424.94145644302404,12.08,low,543.4591712988398,1.0,41.43561643835616,189.77512328767122,466.3770728813802,1239.4437088895559
P0050,35.14520547945205,23.262908747144923,2.47,0.5681,0.97,1.8807936081512509,90.10064895806411,176.9093064923107,5.29,low,91.18185674556089,0.6666666666666666,11.715068493150683,86.80865753424658,188.62437498546137,219.52104760807995
P0051,82.75068493150685,54.20560958787675,1.73,0.45845,0.97,1.8807936081512509,174.6796578513686,317.83834278287543,1.81,low,60.48473022296956,0.2,8.275068493150686,143.15868493150685,326.1134112760261,129.85836037011362
P0052,31.720547945205478,20.96251861089497,3.24,1.14372,0.995,2.5758293035489004,155.05490428266856,257.8294796251343,159.92,high,4743.655360377877,0.4,6.344109589041096,102.77457534246575,264.1735892141754,9294.260885168806
P0053,54.032876712328765,35.914795593542884,1.7,0.6987,0.97,1.8807936081512509,130.09978085843008,221.95567126938897,28.55,low,710.5710639754777,1.6666666666666667,45.02739726027397,91.85589041095889,266.98306852966294,1676.9206534348132
P0054,221.1150684931507,145.03928197654858,1.68,0.56616,0.97,1.8807936081512509,488.5157514490067,859.9890665174999,38.92,low,3637.2758871365004,1.0,110.55753424657534,371.47331506849315,970.5466007640753,8310.208214382319
P0055,82.93972602739726,54.4228628925311,4.07,1.3593800000000003,0.995,2.5758293035489004,466.1733027751908,803.7379877066976,12.54,high,1118.3294849532142,0.4,16.587945205479453,337.56468493150686,820.3259329121771,2263.1151837181137
P0056,82.58630136986301,54.20647673040844,4.07,1.3593800000000003,0.97,1.8807936081512509,338.98261545703974,675.1088620323821,19.59,low,1270.3889357363043,0.4,16.517260273972603,336.12624657534246,691.6261223063548,2980.7702619159277
P0057,381.9095890410959,253.79784514255923,1.19,0.20705999999999997,0.97,1.8807936081512509,622.7732935893429,1077.245704548247,215.71,low,25699.525195856153,1.6666666666666667,318.2579908675799,454.4724109589041,1395.5036954158268,66225.30247039256
P0058,41.37808219178082,27.092526880957852,2.29,0.71677,0.97,1.8807936081512509,109.44641778609397,204.20222600527205,10.39,low,217.5414102395249,1.0,20.68904109589041,94.75580821917808,224.89126710116247,514.0564583398371
P0059,54.35616438356164,36.13207224320643,3.45,1.41795,0.985,2.17009037758456,255.0467934744059,442.57556059769354,34.11,medium,1664.280128339684,2.5,67.94520547945206,187.52876712328768,510.5207660771456,3831.049932796116
P0060,53.62191780821918,36.57604695149028,3.7,1.2913,0.97,1.8807936081512509,213.50849959793567,411.90959548834667,0.82,low,33.49298550214574,1.6666666666666667,44.68493150684932,198.40109589041097,456.5945269951959,82.36965266993334
P0061,376.50958904109586,249.02575673549873,1.68,0.56616,0.995,2.5758293035489004,1145.8116601231018,1778.347769712143,5.63,high,1234.0889758508467,1.0,188.25479452054793,632.5361095890411,1966.6025642326908,2435.8339360586106
P0062,12.427397260273972,9.33228562680773,0.85,0.32384999999999997,0.999,3.090232306167813,45.57083360183219,56.13412127306507,3.23,critical,20.858379618332982,0.4,2.4854794520547947,10.563287671232876,58.61960072511987,41.65508827527018
P0063,215.67397260273972,142.56537157515453,4.32,1.83168,0.985,2.17009037758456,1232.3953527343383,2164.106914378174,18.93,medium,4462.985813910805,0.3333333333333333,35.945662100456616,931.7115616438357,2200.0525764786307,9162.338960002906
P0064,82.93698630136986,54.40693108633612,1.31,0.42837000000000003,0.995,2.5758293035489004,212.37096280008012,321.01841485487466,19.95,high,810.5183962865667,1.6666666666666667,69.11415525114155,108.64745205479451,390.13257010601615,1712.291850195305
P0065,41.37534246575343,27.1473177839573,2.87,1.18244,0.97,1.8807936081512509,145.23225911933505,263.9794919960474,13.17,low,365.9095196281404,0.6666666666666666,13.791780821917808,118.74723287671235,277.7712728179652,804.8144858627724
P0066,64.08493150684932,43.40052308653498,3.83,1.27156,0.985,2.17009037758456,293.74515657884916,539.190444250082,28.14,medium,1581.3195785637736,0.4,12.816986301369864,245.44528767123288,552.0074305514519,3417.3676010579284
P0067,167.92328767123288,111.6114956766708,2.36,0.45311999999999997,0.985,2.17009037758456,468.13973895366854,864.4386978577782,92.11,medium,8249.110694004288,1.0,83.96164383561644,396.2989589041096,948.4003416933947,19218.57420414329
P0068,35.18356164383562,23.27149256925139,3.89,1.31482,0.985,2.17009037758456,162.6297193460583,299.4937741405788,15.51,medium,482.5435898718436,0.3333333333333333,5.863926940639269,136.86405479452054,305.3577010812181,1041.9415476293325
P0069,82.73424657534247,54.35817371127131,3.89,1.31482,0.985,2.17009037758456,381.16167848993445,702.9978976680167,50.04,medium,3648.8110314434703,0.3333333333333333,13.789041095890411,321.8362191780822,716.7869387639071,7890.9640514641
P0070,30.046575342465754,19.88208428026127,4.45,0.5829500000000001,0.985,2.17009037758456,113.42982226913959,247.13708254311223,96.82,medium,2100.9570315318097,2.5,37.55821917808219,133.70726027397262,284.69530172119437,6064.123804782128
P0071,35.227397260273975,23.27629825626978,1.68,0.56616,0.97,1.8807936081512509,78.22383466611973,137.40586206338,8.32,low,124.50513649814397,1.0,17.613698630136987,59.18202739726028,155.01956069351698,283.7478038934135
P0072,54.21369863013699,35.96439522527684,3.24,1.14372,0.985,2.17009037758456,223.7068385030754,399.35922206471923,28.93,medium,1238.0909081188468,0.4,10.842739726027398,175.65238356164386,410.2019617907466,2610.7714060133862
P0073,30.14246575342466,19.95149280961022,3.76,0.7745599999999999,0.97,1.8807936081512509,97.73404355395444,211.06971478683113,57.5,low,1075.074479093499,1.0,15.07123287671233,113.3356712328767,226.14094766354347,2860.682987943825
P0074,41.38082191780822,27.1289181984704,1.03,0.33990000000000004,0.999,3.090232306167813,148.32932115933036,190.95156773467284,494.13,critical,10386.262700277734,2.5,51.726027397260275,42.622246575342466,242.67759513193312,26381.141618159265
P0075,82.56438356164384,54.05801058311455,4.32,1.83168,0.97,1.8807936081512509,407.4962770690788,764.1744140553802,15.6,low,1216.1106286096335,0.3333333333333333,13.760730593607306,356.6781369863014,777.9351446489875,2669.873416435325
P0076,41.416438356164385,27.137354196279876,3.83,1.27156,0.97,1.8807936081512509,161.7707228712396,320.3956817753492,3538.83,low,109517.73842439508,0.4,8.283287671232877,158.6249589041096,328.6789694465821,255890.5794382626
P0077,35.14794520547945,23.2446384553528,4.45,0.5829500000000001,0.985,2.17009037758456,132.62469598550186,289.0330521498854,7.6,medium,192.8247753806601,2.5,43.93493150684932,156.40835616438358,332.96798365673476,556.7224686740606
P0078,15.808219178082192,10.76147168926546,4.45,0.5829500000000001,0.985,2.17009037758456,61.14356388218661,131.49013922465235,5.95,medium,69.59732619285415,2.5,19.76027397260274,70.34657534246575,151.2504131972551,197.98679087520696
P0079,349.93150684931504,229.8666914654027,3.66,1.2297600000000002,0.985,2.17009037758456,1535.5065060841061,2816.2558211525993,26.81,medium,7875.412586248064,0.2,34.99315068493151,1280.7493150684932,2851.248971837531,16817.236685692125
P0080,175.03013698630136,114.58439795234804,0.84,0.20748,0.995,2.5758293035489004,329.15999454851055,476.18530961700367,11.59,high,729.8192644346019,0.6666666666666666,58.34337899543378,147.02531506849314,534.5286886124375,1362.9412502239932
P0081,105.05205479452054,70.71491307500689,3.24,1.14372,0.985,2.17009037758456,436.8233421762383,777.1919997104849,14.6,medium,1220.066587017459,0.4,21.01041095890411,340.3686575342466,798.2024106693891,2563.8261430700777
P0082,41.44931506849315,27.189723754137024,4.32,1.83168,0.985,2.17009037758456,236.19841604037387,415.25945713626425,7.53,medium,340.2489530543334,0.3333333333333333,6.9082191780821915,179.0610410958904,422.16767631434647,699.3629725823464
P0083,37.50958904109589,28.204473986455174,1.04,0.2496,0.985,2.17009037758456,75.48805719090434,114.49802979364406,24.75,medium,357.4195403517167,5.0,93.77397260273973,39.00997260273973,208.2720023963838,1134.04105304831
P0084,70.35068493150685,46.49639925586012,2.02,0.33734000000000003,0.97,1.8807936081512509,151.87098999231657,293.9793735539604,3.84,low,111.56574986566005,0.6666666666666666,23.450228310502283,142.10838356164385,317.4296018644627,268.1645276550981
P0085,30.024657534246575,19.88088001914633,1.07,0.41516000000000003,0.97,1.8807936081512509,52.013169647894884,84.13955320953872,30.95,low,307.9631931587098,1.6666666666666667,25.02054794520548,32.126383561643834,109.1601011547442,743.2711287626532
P0086,63.945205479452056,42.2788007080624,2.87,1.18244,0.97,1.8807936081512509,225.267071514765,408.7898112407924,8.8,low,379.23221778485663,0.6666666666666666,21.315068493150683,183.5227397260274,430.1048797339431,832.6830471649139
P0087,82.68767123287671,54.17914916946168,3.83,1.27156,0.985,2.17009037758456,372.6515552300124,689.3453360519302,28.43,medium,2026.770797688379,0.4,16.537534246575344,316.6937808219178,705.8828702985055,4415.015000569033
P0088,54.25205479452055,35.963611453637384,0.76,0.21356000000000003,0.985,2.17009037758456,83.41467266687211,124.64623431070773,8.7,medium,138.83102911686368,0.3333333333333333,9.042009132420091,41.23156164383562,133.68824344312782,255.87929795014662
P0089,83.0,54.43950165697093,3.45,1.41795,0.97,1.8807936081512509,335.6037989973008,621.9537989973009,25.05,low,1608.271770673152,2.5,103.75,286.35,725.7037989973009,3999.353636274125
P0090,41.37808219178082,27.159370140373237,1.68,0.21336,0.97,1.8807936081512509,78.49799325095726,148.01317133314905,14.48,low,217.44626721760827,1.6666666666666667,34.481735159817354,69.51517808219178,182.49490649296638,581.3557741239938
P0091,82.96712328767123,54.390771818475635,1.64,0.5920399999999999,0.995,2.5758293035489004,252.47403016357563,388.5401123553564,2.42,high,116.88449883398928,1.6666666666666667,69.1392694063927,136.0660821917808,457.67938176174914,243.66850284995522
P0092,41.38356164383562,27.19396655418575,2.29,0.71677,0.985,2.17009037758456,126.59738292769687,221.36573909208045,19.25,medium,466.2086232163446,1.0,20.69178082191781,94.76835616438358,242.05751991399825,1025.1135968357826
P0093,41.45205479452055,27.141186159614236,0.85,0.32384999999999997,0.985,2.17009037758456,70.86626810470949,106.10051468005196,10.62,medium,143.97560765203764,0.4,8.29041095890411,35.23424657534247,114.39092563895606,267.26295866285693
P0094,82.83835616438355,54.373390162191846,0.85,0.32384999999999997,0.985,2.17009037758456,141.8920266825647,212.30462942229073,12.57,medium,341.20713964170824,0.4,16.567671232876712,70.41260273972603,228.87230065516744,632.9234602318
P0095,60.038356164383565,39.84439041872559,4.16,0.9193600000000001,0.985,2.17009037758456,245.166986867354,494.92654851118965,17.81,medium,835.31590255971,0.5,15.009589041095891,249.75956164383564,509.9361375522855,1998.0317741573647
P0096,365.7945205479452,243.02717474019408,3.24,1.14372,0.985,2.17009037758456,1510.5973045501614,2695.7715511255037,24.18,medium,6987.629061986991,0.4,73.15890410958905,1185.1742465753425,2768.930455235093,14729.6024496686
P0097,83.08767123287672,54.50207160395267,1.94,0.50052,0.995,2.5758293035489004,256.40101957130025,417.59110176308104,94.52,high,4636.265531629083,1.6666666666666667,69.23972602739727,161.19008219178082,486.83082779047834,10123.354965406323
P0098,41.33698630136986,27.096974339678525,2.87,1.18244,0.97,1.8807936081512509,145.03445291355504,263.67160359848657,23.78,low,659.7932555326562,0.6666666666666666,13.778995433789953,118.63715068493151,277.4505990322765,1451.5105538972578
P0099,15.868493150684932,10.805687308897696,1.68,0.21336,0.999,3.090232306167813,69.12929910004414,95.78836759319482,168.36,critical,1649.2714558623863,1.6666666666666667,13.223744292237443,26.659068493150684,109.01211188543226,4037.7214145469034
P0100,104.24109589041096,69.1546042971762,1.68,0.21336,0.985,2.17009037758456,230.47575026969275,405.6007913655832,8.25,medium,363.7508580343412,1.6666666666666667,86.86757990867581,175.1250410958904,492.46837127425897,893.83009386278
P0101,500.8383561643836,328.6343180623098,1.52,0.36936,0.97,1.8807936081512509,963.3632251978752,1724.6375265677384,76.36,low,14072.80999369056,1.0,250.4191780821918,761.2743013698631,1975.05670464993,33179.372592755106
P0102,35.0958904109589,23.199898389059435,3.58,1.5036,0.999,3.090232306167813,329.31063748183294,454.9539251530658,23.67,critical,1104.574694765151,0.5,8.773972602739725,125.64328767123287,463.72789775580554,2414.8166547735823
P0103,35.21369863013699,23.27495302262993,1.94,0.50052,0.995,2.5758293035489004,109.30450371723147,177.61907905969724,12.48,high,260.96212644002674,1.6666666666666667,29.344748858447492,68.31457534246576,206.96382791814472,568.2398859320581
P0104,41.28219178082192,27.07193988706449,3.49,1.47278,0.985,2.17009037758456,197.3638641990757,341.4387135141442,39.65,medium,1497.0478151378586,0.6666666666666666,13.760730593607306,144.0748493150685,355.1994441077515,3098.4047509519164
P0105,174.4191780821918,115.75040485716376,3.49,1.47278,0.97,1.8807936081512509,726.2603764441493,1334.9833079509986,26.83,low,3727.6734765210745,0.6666666666666666,58.13972602739726,608.7229315068494,1393.123033978396,8223.04802036088
P0106,83.8027397260274,56.44913584394561,3.24,1.14372,0.985,2.17009037758456,348.58949497742736,620.1103716897562,4.25,medium,283.4184154816475,0.4,16.76054794520548,271.5208767123288,636.8709196349616,595.4743098586891
P0107,280.25753424657535,185.58110243722405,2.01,0.38391,0.97,1.8807936081512509,614.8209699719472,1178.1386138075636,22.66,low,2665.222173481871,5.0,700.6438356164383,563.3176438356164,1878.7824494240017,9366.106266868532
P0108,54.347945205479455,36.12413012599233,4.45,0.5829500000000001,0.985,2.17009037758456,205.95609368293873,447.8044498473223,3.59,medium,141.4470632963348,2.5,67.93493150684932,241.84835616438357,515.7393813541717,407.33096339352477
P0109,146.86027397260273,102.45433013621727,2.89,1.22536,0.97,1.8807936081512509,541.6808526665591,966.107044447381,26.71,low,2767.847849077595,0.6666666666666666,48.95342465753424,424.4261917808219,1015.0604691049152,5964.698328554303
P0110,28.52054794520548,19.939268774440322,3.5,0.7035,0.985,2.17009037758456,105.70533635032662,205.52725415854582,3.64,medium,73.6076811733405,5.0,71.30136986301369,99.82191780821918,276.82862402155945,221.68436211646483
P0111,41.31232876712329,27.091947351938117,2.29,0.85875,0.995,2.5758293035489004,160.59992220396438,255.20515508067672,44.94,high,1380.712444214048,1.0,20.656164383561645,94.60523287671234,275.86131946423836,2727.385693279032
P0112,35.24657534246575,23.258214206483373,3.49,1.47278,0.97,1.8807936081512509,146.41802553454386,269.42857347974933,19.46,low,545.0824790595558,0.6666666666666666,11.748858447488583,123.01054794520549,281.17743192723793,1203.776821566891
P0113,31.756164383561643,21.680325982285844,1.52,0.36936,0.995,2.5758293035489004,86.46569043491026,134.73506029792395,1.95,high,32.25546191006653,1.0,15.878082191780821,48.2693698630137,150.61314248970479,64.61303812808336
P0114,47.83835616438356,32.32711680318652,0.84,0.20748,0.995,2.5758293035489004,92.55885406470163,132.74307324278382,9.98,high,176.71497389952953,0.6666666666666666,15.946118721461186,40.18421917808219,148.68919196424503,326.46198987669635
P0115,23.854794520547944,16.031331283416584,2.87,1.18244,0.97,1.8807936081512509,84.69197656952228,153.1552368434949,3.26,low,52.81833530057511,0.6666666666666666,7.951598173515981,68.46326027397261,161.10683501701087,115.5458220742002
P0116,54.295890410958904,36.04476931751392,2.17,0.71827,0.999,3.090232306167813,316.0676820671523,433.88976425893316,45.09,critical,2019.53506767777,5.0,135.73972602739727,117.82208219178082,569.6294902863305,5650.610617742341
P0117,41.44931506849315,27.14502728673729,1.68,0.21336,0.995,2.5758293035489004,107.46399526873546,177.09884458380395,8.76,high,180.09096667991912,1.6666666666666667,34.54109589041096,69.6348493150685,211.6399404742149,407.872493281907
P0118,41.75068493150685,28.21300029274786,4.45,0.5829500000000001,0.985,2.17009037758456,160.46650152308322,346.2570494682887,23.54,medium,722.6294939893422,2.5,52.188356164383556,185.79054794520547,398.44540563267225,2063.469066690483
P0119,29.975342465753425,19.839657953158593,1.92,0.816,0.97,1.8807936081512509,79.58874340030695,137.14140093455353,31.38,low,477.78160777248627,1.0,14.987671232876712,57.55265753424657,152.12907216743022,1050.238262615071
P0120,35.3013698630137,23.322561903073936,2.35,0.24205,0.985,2.17009037758456,91.73764330943985,174.69586248752205,4.63,medium,81.25562041303951,5.0,88.25342465753424,82.95821917808219,262.94928714505625,267.8401438859543
P0121,31.720547945205478,20.948753266846094,3.83,1.27156,0.985,2.17009037758456,143.52814338328815,265.01784201342514,50.33,medium,1381.9388873267796,0.4,6.344109589041096,121.48969863013699,271.3619516024662,3004.682345313467
P0122,303.5452054794521,199.94252267571156,2.29,0.85875,0.97,1.8807936081512509,863.8011279634974,1558.9196485114426,3.55,low,586.6336355995578,1.0,151.77260273972604,695.1185205479453,1710.6922512511687,1336.0506482271628
P0123,30.073972602739726,19.928236823947454,4.07,1.57102,0.97,1.8807936081512509,134.18078342197083,256.58185191512155,2.27,low,58.269463687767164,0.4,6.014794520547945,122.40106849315069,262.59664643566947,131.14076522997334
P0124,63.59178082191781,41.994052932648344,1.73,0.45845,0.995,2.5758293035489004,185.00832661549538,295.0221074374132,7.16,high,253.41314442150292,0.2,6.359178082191781,110.0137808219178,301.38128551960494,474.73580095048175
P0125,17.53150684931507,11.87259376098067,4.32,1.83168,0.995,2.5758293035489004,119.96479850548798,195.7009080945291,1.22,high,27.998740799019977,0.3333333333333333,2.921917808219178,75.7361095890411,198.62282590274827,53.31036647229763
P0126,41.44931506849315,27.162732647126106,1.31,0.42837000000000003,0.985,2.17009037758456,89.34817166665903,143.64677440638505,28.9,medium,493.9788482231462,1.6666666666666667,34.54109589041096,54.29860273972603,178.187870296796,1132.918479347029
P0127,82.83013698630137,54.283228252257416,0.76,0.21356000000000003,0.985,2.17009037758456,126.08052589997257,189.0314300095616,11.1,medium,267.7292558675939,0.3333333333333333,13.805022831050227,62.95090410958904,202.83645284061183,495.326617836774
P0128,177.8931506849315,118.40291187665146,4.46,0.85632,0.985,2.17009037758456,730.710687657846,1524.1141397126405,2.7,medium,377.4279551902266,0.6666666666666666,59.297716894977164,793.4034520547945,1583.4118566076177,940.5466428249249
P0129,82.97808219178083,54.41860098968499,1.34,0.19698,0.995,2.5758293035489004,192.78040116615207,303.9710313031384,60.51,high,2231.5923968730867,5.0,207.44520547945206,111.19063013698631,511.41623678259043,6808.0752272972
P0130,41.345205479452055,27.141696973232587,2.02,0.33734000000000003,0.985,2.17009037758456,102.36864509191695,185.8859601604101,10.23,medium,200.33988925553766,0.6666666666666666,13.781735159817352,83.51731506849315,199.66769532022744,449.3721150877039
P0131,385.45753424657534,254.81386544176883,1.73,0.45845,0.985,2.17009037758456,945.555877169032,1612.3974114156072,9.65,medium,1745.5783715042219,0.2,38.54575342465753,666.8415342465753,1650.9431648402647,3504.952338955882
P0132,41.93424657534246,28.303225747011354,3.58,1.5036,0.985,2.17009037758456,206.4490006956842,356.5736034354102,22.83,medium,901.6615225166464,0.5,10.483561643835616,150.12460273972601,367.0571650792458,1843.5813173270199
P0133,129.25205479452055,85.48203350461957,1.03,0.33990000000000004,0.97,1.8807936081512509,210.33123896045586,343.46085539881204,63.89,low,2570.7598509394575,2.5,161.56506849315068,133.12961643835618,505.02592389196275,7098.54338104065
P0134,35.082191780821915,23.161848974772113,3.89,1.31482,0.999,3.090232306167813,311.45724419080443,447.9269702182017,4.82,critical,212.73382398707184,0.3333333333333333,5.847031963470319,136.46972602739726,453.774002181672,481.18195191344506
P0135,141.0849315068493,93.3078970181147,1.7,0.6987,0.985,2.17009037758456,390.7677028338863,630.6120863955301,45.13,medium,3373.7184472665426,1.6666666666666667,117.57077625570776,239.8443835616438,748.1828626512379,7428.408370119081
P0136,41.28767123287671,27.0806079253384,1.73,0.45845,0.985,2.17009037758456,100.66269646339194,172.09036769626863,26.29,medium,506.2720902651881,0.2,4.1287671232876715,71.4276712328767,176.2191348195563,1019.2162319693498
P0137,11.252054794520548,7.869961489304962,3.89,1.31482,0.97,1.8807936081512509,46.37958785696159,90.15008100764652,37.37,low,331.56969009323825,0.3333333333333333,1.8753424657534246,43.770493150684935,92.02542347339995,756.5778165442104
P0138,41.28767123287671,27.106464625749332,2.04,0.58344,0.995,2.5758293035489004,135.0708159665493,219.2976652816178,19.99,high,516.5342908327743,1.6666666666666667,34.406392694063925,84.22684931506849,253.70405797568174,1115.739706165453
P0139,215.95616438356166,144.3579884952353,1.02,0.40800000000000003,0.985,2.17009037758456,425.1282053178513,645.4034929890843,13.66,medium,1110.9524196706145,0.5,53.989041095890414,220.2752876712329,699.3925340849746,2101.8144434321657
P0140,135.33424657534246,90.07828130859548,2.87,1.18244,0.97,1.8807936081512509,478.2695267682087,866.6788144394416,12.05,low,1102.5152308369752,0.6666666666666666,45.111415525114154,388.4092876712329,911.7902299645557,2417.1558996360372
P0141,41.43561643835616,27.218879648196868,2.29,0.85875,0.97,1.8807936081512509,117.72931556537259,212.6168772092082,95.37,low,2147.935531828964,1.0,20.71780821917808,94.88756164383561,233.3346854283863,4895.688368847144
P0142,31.676712328767124,21.614749495539616,1.04,0.2496,0.985,2.17009037758456,58.44180925368513,91.38559007560295,5.6,medium,62.60896434829573,5.0,79.1917808219178,32.94378082191781,170.57737089752075,210.15132094574557
P0143,12.531506849315068,9.430615281692871,1.68,0.21336,0.985,2.17009037758456,31.226190615874895,52.27912212272421,7.56,medium,45.16121759332446,1.6666666666666667,10.442922374429225,21.052931506849315,62.72204449715343,104.31930440766558
P0144,82.95068493150686,54.472372075984765,4.07,1.3593800000000003,0.97,1.8807936081512509,340.55964849193055,678.1689361631635,21.78,low,1418.9787927947257,0.4,16.59013698630137,337.60928767123295,694.7590731494649,3329.0075749029766
P0145,175.17260273972602,114.94513892119896,4.45,0.5829500000000001,0.985,2.17009037758456,656.5998354751515,1436.1179176669323,10.61,medium,1332.7263791009555,2.5,218.96575342465752,779.5180821917808,1655.0836710915896,3863.2963050619887
P0146,11.284931506849315,7.863597994278794,1.68,0.21336,0.985,2.17009037758456,26.136259455828885,45.09494438733573,11.04,medium,55.19977997071061,1.6666666666666667,9.404109589041097,18.95868493150685,54.49905397637683,132.36730229782404
P0147,17.55068493150685,11.867203898801682,4.07,1.57102,0.985,2.17009037758456,91.12959233798465,162.56088000921756,18.88,medium,329.1442389000461,0.4,3.5101369863013705,71.4312876712329,166.0710169955189,689.7925761925873
P0148,15.819178082191781,10.794033984209312,0.76,0.21356000000000003,0.985,2.17009037758456,24.951259166088565,36.97383450855432,2.37,medium,11.312683938433548,0.3333333333333333,2.636529680365297,12.022575342465753,39.61036418891962,20.65284388810269
P0149,41.31506849315068,27.07198214707725,3.83,1.27156,0.97,1.8807936081512509,161.37792882745737,319.6146411562245,57.13,low,1763.7344663137226,0.4,8.263013698630138,158.2367123287671,327.87765485485465,4120.963092808726
P0150,15.821917808219178,10.788606202120583,4.45,0.5829500000000001,0.985,2.17009037758456,61.28342916482189,131.69096341139723,20.14,medium,236.11705908129815,2.5,19.777397260273972,70.40753424657534,151.46836067167118,671.1260124640407
P0151,95.57808219178082,64.35732633007576,4.07,1.3593800000000003,0.985,2.17009037758456,458.3929246925548,847.3957192131028,3.64,medium,319.2009166033025,0.4,19.115616438356167,389.002794520548,866.5113356514589,693.9022775896883
P0152,210.35342465753425,141.50687678139997,0.85,0.32384999999999997,0.999,3.090232306167813,706.0980882034761,884.8984991623802,5.06,critical,506.298481022937,0.4,42.070684931506854,178.8004109589041,926.9691840938871,1031.902095733315
P0153,41.41917808219178,27.169131732589747,2.47,0.5681,0.995,2.5758293035489004,144.41863791897123,246.72400778198494,54.67,high,1510.4180223535955,0.6666666666666666,13.806392694063925,102.3053698630137,260.53040047604884,3133.5033386856303
P0154,23.923287671232877,16.106944449249017,1.4,0.1722,0.97,1.8807936081512509,42.17281151229895,75.66541425202497,5.36,low,43.24363420461124,2.5,29.9041095890411,33.492602739726024,105.56952384106607,124.48758251338512
P0155,31.723287671232878,20.93757414648472,4.46,0.85632,0.999,3.090232306167813,248.97281038439274,390.4586733980914,42.68,critical,1505.8003867216064,0.6666666666666666,10.574429223744293,141.48586301369863,401.03310262183567,3765.540420377988
P0156,70.41643835616438,46.42963189654937,2.87,1.18244,0.985,2.17009037758456,285.8490985654381,487.94427664762986,188.4,medium,10302.49864116546,0.6666666666666666,23.472146118721458,202.09517808219178,511.4164227663514,21197.187890819732
P0157,41.38630136986301,27.07501440883452,1.94,0.50052,0.995,2.5758293035489004,127.45144479230335,207.7408694498376,42.3,high,1031.3592567279782,1.6666666666666667,34.48858447488585,80.28942465753424,242.22945392472343,2254.1872982234763
P0158,244.28493150684932,161.49033216328104,1.64,0.5920399999999999,0.985,2.17009037758456,629.7956007804166,1030.4228884516494,30.77,medium,3707.250730367785,1.6666666666666667,203.57077625570778,400.62728767123286,1233.9936647073573,8353.396713869985
P0159,20.55890410958904,13.913980592863496,3.66,1.2297600000000002,0.985,2.17009037758456,91.61883531409158,166.86442435518745,20.96,medium,367.3676290437732,0.2,2.055890410958904,75.24558904109588,168.92031476614636,778.9253554496541
P0160,27.08219178082192,18.02817805475939,2.66,0.75012,0.97,1.8807936081512509,77.29910139866159,149.3377315356479,38.07,low,562.9659946559568,1.0,13.54109589041096,72.03863013698631,162.87882742605888,1364.1753312242136
P0161,60.04657534246575,39.80157543609981,3.36,1.19952,0.995,2.5758293035489004,303.6900915078615,505.4465846585464,11.0,high,639.0695838687172,5.0,150.11643835616437,201.75649315068492,655.5630230147108,1586.4625156956001
P0162,17.49041095890411,11.868465980098637,4.16,0.9193600000000001,0.985,2.17009037758456,72.52490857576656,145.28501816480767,28.77,medium,399.16448377344074,0.5,4.372602739726028,72.76010958904111,149.6576209045337,947.2429457531557
P0163,41.41095890410959,27.14573794104134,1.92,0.816,0.985,2.17009037758456,126.1869182469914,205.6959593428818,47.58,medium,1148.586248210615,1.0,20.705479452054796,79.50904109589041,226.4014387949366,2369.8797007298786
P0164,307.5890410958904,203.146054994411,1.22,0.35135999999999995,0.985,2.17009037758456,621.53788505253,996.7965151895163,7.17,medium,852.5337912016181,2.5,384.48630136986304,375.2586301369863,1381.2828165593794,2178.835514840765
P0165,138.1013698630137,91.76147485382462,2.02,0.33734000000000003,0.985,2.17009037758456,345.61275769293,624.5775248162176,2.82,medium,186.45056945451634,0.6666666666666666,46.0337899543379,278.9647671232877,670.6113147705556,416.04725968365267
P0166,60.30958904109589,40.01936400931141,3.66,1.2297600000000002,0.97,1.8807936081512509,230.55384953658427,451.2869454269952,8.34,low,367.8436548954129,0.2,6.030958904109589,220.73309589041097,457.31790433110484,839.0868908667111
P0167,82.9972602739726,54.385907324877856,3.58,1.5036,0.985,2.17009037758456,403.6613917677991,700.791583548621,8.33,medium,643.2607535249292,0.5,20.74931506849315,297.1301917808219,721.5408986171142,1322.2958508057234
P0168,82.5123287671233,54.191743281533356,3.89,1.31482,0.985,2.17009037758456,380.06803351007215,701.0409924141818,38.3,medium,2784.7419568311893,0.3333333333333333,13.752054794520548,320.97295890410965,714.7930472087023,6022.846215780525
P0169,186.73150684931508,122.4121538315955,4.16,0.9193600000000001,0.985,2.17009037758456,756.1650368044794,1532.9681052976302,9.63,medium,1393.053258238235,0.5,46.68287671232877,776.8030684931508,1579.650982009959,3346.6485704862994
P0170,41.394520547945206,27.181683647947136,0.84,0.20748,0.985,2.17009037758456,65.7624468596293,100.53384411990328,12.3,medium,154.74189669752778,0.6666666666666666,13.798173515981734,34.77139726027397,114.33201763588501,309.3824397227049
P0171,82.66027397260274,54.16564627315425,3.66,1.2297600000000002,0.999,3.090232306167813,696.4159023437588,998.9525050834849,27.95,critical,2758.300408059113,0.2,8.266027397260274,302.53660273972605,1007.2185324807451,6193.386756224101
P0172,27.16986301369863,18.044014295723116,1.31,0.42837000000000003,0.97,1.8807936081512509,51.27420871092277,86.86672925886798,29.82,low,292.50375550185896,1.6666666666666667,22.641552511415526,35.592520547945206,109.5082817702835,718.4181317257679
P0173,30.194520547945206,20.046182191194692,3.66,1.2297600000000002,0.985,2.17009037758456,133.21839815060827,243.73034335608773,2.9,medium,73.9072504522505,0.2,3.0194520547945207,110.51194520547946,246.74979541088226,157.42636947214288
P0174,250.61917808219178,164.31845643656777,3.24,1.14372,0.97,1.8807936081512509,890.8554801359239,1702.8616171222252,56.83,low,9685.225848649916,0.4,50.123835616438356,812.0061369863014,1752.9854527386638,21916.875921410418
P0175,83.15342465753425,54.52223581626432,4.07,1.57102,0.995,2.5758293035489004,505.87352571409684,844.3079640702613,5.86,high,567.1062168266207,0.4,16.63068493150685,338.4344383561644,860.9386490017681,1109.9221062930794
P0176,27.101369863013698,17.982534972922643,2.89,1.22536,0.985,2.17009037758456,112.64485952116534,190.9678184252749,3.1,medium,66.80329929863893,0.6666666666666666,9.033789954337898,78.32295890410958,200.00160837961283,136.40109691489596
P0177,43.46027397260274,32.61036518512404,4.45,0.5829500000000001,0.985,2.17009037758456,182.94939518939768,376.3476143674799,46.76,medium,1636.5539288629318,2.5,54.32534246575343,193.3982191780822,430.67295683323334,4430.418841534838
P0178,15.824657534246576,10.81014710564023,4.32,1.83168,0.985,2.17009037758456,91.52449744393212,159.88701799187731,43.74,medium,765.8451600030174,0.3333333333333333,2.6374429223744293,68.36252054794521,162.52446091425176,1563.940382485662
P0179,41.51780821917808,27.221170567244737,2.29,0.71677,0.995,2.5758293035489004,150.5328078748913,245.60858869680908,23.96,high,689.9900320609801,1.0,20.75890410958904,95.0757808219178,266.36749280639816,1404.076328081086
P0180,29.986301369863014,19.875777094964285,0.84,0.20748,0.985,2.17009037758456,48.03936155300753,73.22785470369246,149.19,medium,1371.0767974091327,0.6666666666666666,9.995433789954337,25.18849315068493,83.2232884936468,2731.538130280777
P0181,256.26575342465753,168.28383288914628,2.35,0.24205,0.97,1.8807936081512509,573.8787139250652,1176.1032344730104,0.86,low,94.415524064889,5.0,640.6643835616438,602.2245205479452,1816.7676180346543,343.73243333215663
P0182,166.06849315068493,109.791852112557,1.92,0.816,0.985,2.17009037758456,508.4399305290843,827.2914373783993,1.45,medium,141.0368155119808,1.0,83.03424657534246,318.85150684931506,910.3256839537419,290.39389318124364
P0183,41.52602739726027,27.272183365999464,1.73,0.45845,0.985,2.17009037758456,101.34598184556106,173.18600924282134,4.51,medium,87.43955059753537,0.2,4.152602739726027,71.84002739726027,177.33861198254735,175.95537080908346
P0184,259.1616438356164,170.1033417555671,4.46,0.85632,0.985,2.17009037758456,1053.7880604984493,2209.6489920052986,2.72,medium,548.3363264367584,0.6666666666666666,86.38721461187214,1155.8609315068493,2296.036206617171,1373.9480660397153
P0185,6.238356164383561,4.68463205707354,3.36,1.19952,0.985,2.17009037758456,28.425092603029935,49.3859693153587,38.29,medium,208.21503919078575,5.0,15.595890410958903,20.960876712328766,64.98185972631761,547.3941899625543
P0186,196.17260273972602,130.38204772209684,3.83,1.27156,0.985,2.17009037758456,890.5178159866541,1641.8588844798048,51.69,medium,8805.904782466985,0.4,39.23452054794521,751.3410684931507,1681.0934050277501,19117.05798329457
P0187,82.74520547945205,54.29309206938682,3.76,0.7745599999999999,0.985,2.17009037758456,307.5893787906349,618.7113513933746,14.45,medium,850.284030587329,1.0,41.37260273972603,311.12197260273973,660.0839541331006,2098.406890189127
P0188,41.33424657534247,27.107094379668663,1.04,0.2496,0.995,2.5758293035489004,87.40395583202566,130.39157227038183,147.87,high,2472.498303264313,5.0,103.33561643835617,42.98761643835617,233.72718870873797,7603.47266675944
P0189,222.72602739726028,147.38438011550684,1.68,0.56616,0.985,2.17009037758456,571.2375260969079,945.4172521243052,103.08,medium,11264.6053233176,1.0,111.36301369863014,374.17972602739724,1056.7802658229352,23965.240156226195
P0190,136.61369863013698,91.9266987534097,3.66,1.2297600000000002,0.985,2.17009037758456,606.9685791555156,1106.974716141817,61.72,medium,7166.662743656742,0.2,13.661369863013698,500.0061369863014,1120.6360860048308,15216.445030207993
P0191,11.336986301369864,7.920197904643099,1.73,0.45845,0.985,2.17009037758456,29.053748985178437,48.6667352865483,19.0,medium,105.60406152873554,0.2,1.1336986301369865,19.612986301369865,49.80043391668529,208.16581377174452
P0192,257.3232876712329,168.77459000370808,4.07,1.3593800000000003,0.985,2.17009037758456,1218.2369802528292,2265.5427610747474,101.34,medium,23617.69550203546,0.4,51.464657534246584,1047.305780821918,2317.0074186089937,51657.2169964038
P0193,124.51780821917808,82.92166855570395,1.52,0.36936,0.995,2.5758293035489004,332.0679150704295,521.3349835635802,27.37,high,1738.707603308769,1.0,62.25890410958904,189.26706849315067,583.5938876731692,3514.0522352352214
P0194,175.24931506849316,114.79631163821584,2.97,0.8613,0.985,2.17009037758456,621.0133360352004,1141.503801788625,1.71,medium,203.1523626229934,5.0,438.1232876712329,520.4904657534247,1579.6270894598579,594.2557110547986
P0195,41.31780821917808,27.107900709888714,3.58,1.5036,0.995,2.5758293035489004,238.64211224101282,386.5598656656704,2.06,high,94.04574371098002,0.5,10.32945205479452,147.91775342465755,396.8893177204649,179.8702387909147
P0196,482.4657534246575,316.5545229408035,3.49,1.47278,0.97,1.8807936081512509,1999.5253358294203,3683.330815281475,2.58,low,986.8961570580689,0.6666666666666666,160.82191780821915,1683.805479452055,3844.1527330896943,2181.9410913017105
P0197,63.76438356164383,42.139803199571666,4.46,0.85632,0.985,2.17009037758456,260.5649507501942,544.9541014351257,6.96,medium,346.9365674684325,0.6666666666666666,21.254794520547943,284.3891506849315,566.2088959556736,866.9790614873274
P0198,178.96438356164384,117.51727178395856,2.87,1.18244,0.985,2.17009037758456,725.0850241495356,1238.7128049714534,13.8,medium,1914.224463754774,0.6666666666666666,59.654794520547945,513.6277808219179,1298.3675994920013,3941.8440320577165
P0199,63.6,42.05496142216492,1.07,0.41516000000000003,0.97,1.8807936081512509,110.06662046186457,178.11862046186457,24.18,low,509.1394732251607,1.6666666666666667,53.0,68.052,231.11862046186457,1229.4586134089348
P0200,35.07671232876712,23.143000986389577,4.46,0.85632,0.995,2.5758293035489004,169.9330333143119,326.37517030061326,17.0,high,552.6517779091536,0.6666666666666666,11.692237442922373,156.44213698630136,338.0674077435356,1264.3721049608234
P0201,119.86027397260274,79.38624237200493,2.29,0.71677,0.985,2.17009037758456,368.58047802575663,643.0605054230169,180.98,medium,12761.089461636797,1.0,59.93013698630137,274.4800273972603,702.9906424093183,27989.994221912453
P0202,148.1068493150685,97.3065117717092,4.31,1.0430199999999998,0.985,2.17009037758456,634.6545021743085,1272.9950227222537,35.35,medium,4291.92005513878,1.6666666666666667,123.42237442922375,638.3405205479452,1396.4173971514774,10859.93809764704
P0203,189.44383561643835,124.40361133311266,3.58,1.5036,0.97,1.8807936081512509,799.2342623733391,1477.4431938801886,3.06,low,467.8647873302017,0.5,47.36095890410959,678.2089315068494,1524.804152784298,1026.4981556543894
P0204,79.30684931506849,55.349330998386876,0.84,0.20748,0.995,2.5758293035489004,157.97557752205398,224.59333094671152,3.92,high,118.46794613479943,0.6666666666666666,26.435616438356163,66.61775342465754,251.02894738506768,216.48736422488238
P0205,257.3205479452055,170.57199743038493,3.45,1.41795,0.97,1.8807936081512509,1045.1714473172706,1932.9273377282295,4.86,low,971.7367925840225,2.5,321.6506849315068,887.755890410959,2254.5780226597362,2410.59482182779
P0206,30.054794520547944,19.888211215592364,2.36,0.45311999999999997,0.985,2.17009037758456,83.47928428126015,154.40859934975327,14.7,medium,234.7582655353003,1.0,15.027397260273972,70.92931506849314,169.43599661002725,547.956013036828
P0207,233.43561643835616,153.30340290864046,3.58,1.5036,0.999,3.090232306167813,2184.527639170562,3020.227146019877,10.52,critical,3256.599528564476,0.5,58.35890410958904,835.6995068493151,3078.586050129466,7125.079554419636
P0208,63.364383561643834,41.85914820471034,1.73,0.45845,0.985,2.17009037758456,155.35316848631214,264.973552047956,5.91,medium,175.6436431877418,0.2,6.336438356164384,109.62038356164383,271.30999040412036,352.75724952343734
P0209,41.397260273972606,27.116223057661266,0.76,0.21356000000000003,0.985,2.17009037758456,62.985196228434496,94.44711403665367,18.67,medium,224.96121303362773,0.3333333333333333,6.899543378995434,31.46191780821918,101.34665741564912,416.27126066903725
P0210,29.96712328767123,19.831128092649347,1.31,0.42837000000000003,0.985,2.17009037758456,65.0763103752535,104.33324188210281,27.66,medium,344.3498816482545,1.6666666666666667,24.972602739726028,39.25693150684931,129.30584462182884,786.8519256927528
P0211,12.468493150684932,9.371585483866058,2.29,0.71677,0.995,2.5758293035489004,49.65502255911848,78.20787187418696,85.57,high,812.8484014647208,1.0,6.234246575342466,28.552849315068492,84.44211844952943,1589.6566566597712
P0212,35.172602739726024,23.248426983736433,2.01,0.38391,0.985,2.17009037758456,88.89107531459909,159.5880068214484,6.13,medium,104.24217753849422,5.0,87.93150684931506,70.6969315068493,247.51951367076344,333.8048161363916
P0213,82.6054794520548,54.1472146006976,1.94,0.50052,0.985,2.17009037758456,214.64214753234864,374.89677766933494,2.58,medium,105.93989820814011,1.6666666666666667,68.837899543379,160.2546301369863,443.7346772127139,251.86380278593643
P0214,408.71232876712327,270.2493292960161,3.76,0.7745599999999999,0.999,3.090232306167813,2937.2371122673785,4473.995468431762,7.85,critical,3267.3806717460625,1.0,204.35616438356163,1536.7583561643835,4678.351632815324,8079.5132698720645
P0215,449.3205479452055,294.8992261097653,2.87,1.18244,0.97,1.8807936081512509,1577.3923078813932,2866.942280484133,0.56,low,168.98672376607624,0.6666666666666666,149.77351598173516,1289.5499726027397,3016.715796465868,371.659386124595
P0216,31.613698630136987,21.4822013924823,1.52,0.36936,0.995,2.5758293035489004,85.74060905749153,133.79343097529974,2.68,high,43.958837478519136,1.0,15.806849315068494,48.052821917808224,149.60028029036823,88.20432525920111
P0217,20.44931506849315,13.77969444237369,3.5,0.7035,0.995,2.5758293035489004,87.44973201726326,159.02233475698927,2.73,high,45.67157308658115,5.0,51.12328767123287,71.57260273972602,210.14562242822214,126.21346083039022
P0218,41.47945205479452,27.157613623455745,3.66,1.2297600000000002,0.97,1.8807936081512509,157.48289258304175,309.29768710358974,1.79,low,53.92762008626247,0.2,4.147945205479452,151.81479452054796,313.4456323090692,123.43489000331147
P0219,82.83287671232877,54.287614333275826,2.66,0.75012,0.995,2.5758293035489004,320.4128819707357,540.7483340255303,22.03,high,1350.3591945733635,1.0,41.416438356164385,220.33545205479453,582.1647723816947,2821.5197858251217
P0220,480.4054794520548,314.73863214308426,3.24,1.14372,0.985,2.17009037758456,1969.5522398394742,3526.065993264132,18.11,medium,6823.556551276898,0.4,96.08109589041096,1556.5137534246576,3622.1470891545423,14431.358432609526
P0221,437.958904109589,287.44905130770013,0.84,0.20748,0.985,2.17009037758456,695.4795740268305,1063.3650534788853,26.23,medium,3489.856025981938,0.6666666666666666,145.98630136986299,367.88547945205477,1209.3513548487483,6978.682928290187
P0222,41.44931506849315,27.191441381796775,2.87,1.18244,0.985,2.17009037758456,167.85816922909484,286.8177034756702,5.39,medium,173.08366701900928,0.6666666666666666,13.816438356164383,118.95953424657534,300.63414183183454,356.49196538418937
P0223,14.284931506849315,9.962617920667634,4.46,0.85632,0.995,2.5758293035489004,72.0920987740936,135.80289329464154,3.63,high,50.0632609399923,0.6666666666666666,4.761643835616438,63.71079452054794,140.56453713025797,112.25483935222402
P0224,169.0246575342466,111.15617142237649,1.92,0.816,0.97,1.8807936081512509,447.1844596831078,771.7118021488611,6.23,low,532.9661047318849,1.0,84.5123287671233,324.5273424657534,856.2241309159845,1173.5407938334483
P0225,20.997260273972604,14.153106797933791,2.97,0.8613,0.985,2.17009037758456,75.7771158616069,138.13897887530555,9.93,medium,143.95016287936213,5.0,52.49315068493151,62.36186301369864,190.63212956023705,416.4549502372938
P0226,6.213698630136986,4.660840933311283,4.07,1.57102,0.995,2.5758293035489004,40.1493911476374,65.43914457229494,0.72,high,5.530142224161535,0.4,1.2427397260273974,25.289753424657537,66.68188429832233,10.562410472854257
P0227,110.62465753424658,75.40315778216788,0.76,0.21356000000000003,0.97,1.8807936081512509,151.08257178635648,235.1573115123839,12.88,low,372.2674568815824,0.3333333333333333,18.43744292237443,84.0747397260274,253.59475443475833,718.5860961663312
P0228,83.11780821917809,54.52653185836763,4.46,0.85632,0.97,1.8807936081512509,292.8024560534462,663.5078807109804,5.18,low,290.15450340739767,0.6666666666666666,27.705936073059362,370.70542465753425,691.2138167840399,787.7072656070918
P0229,27.172602739726027,18.06430257573745,2.63,0.7574399999999999,0.995,2.5758293035489004,106.05442048659806,177.5183656920775,1.23,high,24.955066246672555,5.0,67.93150684931507,71.46394520547945,245.44987254139255,66.41873550970082
P0230,31.720547945205478,21.57401621217308,1.03,0.33990000000000004,0.985,2.17009037758456,60.90750527634427,93.5796696599059,8.48,medium,98.80786247265033,2.5,39.650684931506845,32.67216438356164,133.23035459141275,248.55454952573965
P0231,54.29041095890411,36.00447226640458,1.34,0.19698,0.985,2.17009037758456,107.38163022682761,180.13078091175913,0.89,medium,18.282889737750303,5.0,135.72602739726028,72.74915068493151,315.8568083090194,61.844763066906005
P0232,70.14520547945206,46.37322622150823,1.52,0.36936,0.999,3.090232306167813,301.1413339359608,407.7620462647279,6.91,critical,294.87604241510314,1.0,35.07260273972603,106.62071232876713,442.834649004454,673.197233416571
P0233,251.2164383561644,164.83874822338126,4.07,1.57102,0.985,2.17009037758456,1287.9602979771464,2310.4112020867356,175.56,medium,43256.6505920269,0.4,50.24328767123288,1022.4509041095891,2360.6544897579683,91176.03048881998
P0234,82.88493150684931,54.325311505033476,0.85,0.32384999999999997,0.97,1.8807936081512509,122.9071533642648,193.3593451450867,160.74,low,3779.4270286868036,0.4,16.576986301369864,70.45219178082192,209.9363314464566,7423.936501674756
P0235,82.88219178082191,54.480965882907654,1.64,0.5920399999999999,0.985,2.17009037758456,212.86830152347304,348.79509604402097,2.33,medium,94.88373161820199,1.6666666666666667,69.06849315068493,135.92679452054793,417.8635891947059,214.19687582120625
P0236,200.2164383561644,131.44701750270625,1.73,0.45845,0.995,2.5758293035489004,579.8414651158312,926.2159034719955,5.5,high,610.0940632957876,0.2,20.02164383561644,346.3744383561644,946.237547307612,1144.9474322422104
P0237,30.21095890410959,20.012959823353555,2.47,0.5681,0.995,2.5758293035489004,106.13804112822315,180.75910962137385,22.75,high,461.93121377978866,0.6666666666666666,10.070319634703196,74.62106849315069,190.82942925607705,955.1012934266657
P0238,54.49589041095891,36.17924105153231,4.45,0.5829500000000001,0.97,1.8807936081512509,178.8037086844435,421.31042101321066,25.48,low,871.5670168708841,2.5,68.11986301369863,242.50671232876715,489.4302840269093,2743.550400141243
P0239,56.915068493150685,39.71859693703183,1.64,0.5920399999999999,0.97,1.8807936081512509,131.96656655490088,225.307278883668,34.46,low,869.9695081443606,1.6666666666666667,47.42922374429224,93.34071232876711,272.73650262796025,2067.669973723092
P0240,30.03013698630137,19.92531856799605,3.49,1.47278,0.985,2.17009037758456,144.26427603791348,249.06945412010526,10.15,medium,280.1235899066616,0.6666666666666666,10.010045662100456,104.80517808219179,259.07949978220574,578.5245230136654
P0241,302.14520547945204,203.08426297582227,1.52,0.36936,0.985,2.17009037758456,684.106583381986,1143.367295710753,5.54,medium,725.0340033269257,1.0,151.07260273972602,459.2607123287671,1294.4398984504792,1577.663348231444
P0242,129.55616438356165,85.93023778314249,4.07,1.3593800000000003,0.995,2.5758293035489004,732.0286196726247,1259.3222087137206,35.6,high,4985.433173283475,0.4,25.911232876712333,527.293589041096,1285.233441590433,10065.948314536272
P0243,30.172602739726027,20.010308197056865,1.04,0.2496,0.97,1.8807936081512509,47.047507815682394,78.42701466499747,45.21,low,406.90775846638286,5.0,75.43150684931507,31.37950684931507,153.85852151431254,1530.3076266856556
P0244,157.4931506849315,103.54007602405888,3.7,1.2913,0.985,2.17009037758456,710.3742203892375,1293.098877923484,6.22,medium,845.2835505918545,1.6666666666666667,131.24429223744292,582.7246575342466,1424.343170160927,1949.0711940482122
P0245,31.016438356164382,23.285961280873696,2.36,0.45311999999999997,0.97,1.8807936081512509,83.13006684330702,156.32886136385497,6.76,low,107.50524818205757,1.0,15.508219178082191,73.19879452054793,171.83708054193715,255.55610618196894
P0246,47.47945205479452,31.916059888711363,3.58,1.5036,0.995,2.5758293035489004,276.9820417924694,446.9584801486337,72.37,high,3834.7320697344544,0.5,11.86986301369863,169.97643835616438,458.82834316233243,7305.18958282476
P0247,15.832876712328767,10.76635039220466,4.46,0.85632,0.995,2.5758293035489004,78.417168650969,149.03179878795532,91.17,high,1367.690885652127,0.6666666666666666,5.277625570776255,70.6146301369863,154.30942435873158,3095.045848132823
P0248,385.5452054794521,255.0325798197788,3.86,1.38188,0.995,2.5758293035489004,2166.487408875196,3654.691902025881,11.87,high,4919.621930031902,2.5,481.9315068493151,1488.204493150685,4136.623408875196,10802.378369936687
P0249,9.56986301369863,6.813341084917513,0.85,0.32384999999999997,0.97,1.8807936081512509,15.150182710442971,23.284566272086806,27.26,low,79.007544131364,0.4,1.913972602739726,8.134383561643835,25.198538874826532,151.1206773401097
P0250,35.23287671232877,23.331415733049393,1.68,0.21336,0.999,3.090232306167813,149.49895297670946,208.69018585342178,22.71,critical,481.11218606263185,1.6666666666666667,29.360730593607308,59.19123287671233,238.0509164470291,1189.3499887526468
P0251,82.79178082191781,54.249073910727816,3.24,1.14372,0.985,2.17009037758456,339.45268214076447,607.6980520037782,32.1,medium,2084.5346445896344,0.4,16.558356164383564,268.2453698630137,624.2564081681617,4408.4987544835585
P0252,22.70958904109589,15.852446030828148,4.32,1.83168,0.97,1.8807936081512509,114.77511107028432,212.88053572781857,372.76,low,8184.683033533062,0.3333333333333333,3.784931506849315,98.10542465753424,216.6654672346679,17768.128304606853
P0253,63.66575342465753,42.05194400119563,2.97,0.8613,0.985,2.17009037758456,226.79752256139997,415.88481023263284,4.97,medium,215.63514014663892,5.0,159.16438356164383,189.08728767123287,575.0491937942767,628.7587884946621
P0254,41.38082191780822,27.14531842711388,0.84,0.20748,0.985,2.17009037758456,65.68150337233587,100.44139378329477,28.31,medium,355.71959939441933,0.6666666666666666,13.793607305936073,34.7598904109589,114.23500108923085,711.4784337839475
P0255,82.71232876712328,54.21089248543543,4.46,0.85632,0.985,2.17009037758456,335.96963571740815,704.866622018778,164.75,medium,10588.886475284748,0.6666666666666666,27.57077625570776,368.89698630136985,732.4373982744858,26547.193500458736
P0256,60.082191780821915,39.724446975264385,4.31,1.0430199999999998,0.985,2.17009037758456,258.49036679141415,517.4446133667566,24.88,medium,1230.3242362343344,1.6666666666666667,50.06849315068493,258.95424657534244,567.5131065174414,3106.3397398338675
P0257,82.73150684931507,54.261669825795146,3.76,0.7745599999999999,0.97,1.8807936081512509,266.45985558368153,577.5303213371062,5.96,low,303.81057620984626,1.0,41.365753424657534,311.0704657534246,618.8960747617637,811.4965332276245
P0258,60.02739726027397,39.812187032854695,1.68,0.21336,0.985,2.17009037758456,132.68654298413637,233.53257038139662,11.17,medium,283.5338354167102,1.6666666666666667,50.02283105022831,100.84602739726027,283.55540143162494,696.8090434780752
P0259,310.44657534246574,208.65288889578832,4.32,1.83168,0.995,2.5758293035489004,2118.3913624344573,3459.5205679139094,22.66,high,9183.134452181093,0.3333333333333333,51.74109589041095,1341.1292054794521,3511.2616638043205,17504.3416463973
P0260,120.5123287671233,79.78775406810418,1.92,0.816,0.97,1.8807936081512509,320.03257389710024,551.4162451299769,19.76,low,1209.7787871699777,1.0,60.25616438356165,231.3836712328767,611.6724095135386,2659.062298637255
P0261,236.35890410958905,155.10694629836703,4.32,1.83168,0.985,2.17009037758456,1347.0783994785372,2368.148865231962,195.07,medium,50269.92029998366,0.3333333333333333,39.393150684931506,1021.0704657534247,2407.5420159168934,103320.62862987985
P0262,180.95890410958904,118.81769191026915,2.47,0.5681,0.985,2.17009037758456,531.9734770920929,978.9419702427779,11.62,medium,1182.5539102941102,0.6666666666666666,60.31963470319634,446.968493150685,1039.2616049459743,2656.7683668838886
P0263,27.043835616438358,18.000862206924534,2.66,0.75012,0.97,1.8807936081512509,77.18444968081756,149.1210524205436,5.79,low,85.49352348123949,1.0,13.521917808219179,71.93660273972604,162.6429702287628,207.17461547739805
P0264,349.1123287671233,230.63213653463166,3.06,0.6915600000000001,0.985,2.17009037758456,1173.3439265206582,2241.6276525480553,20.44,medium,4588.080842415737,5.0,872.7808219178082,1068.2837260273973,3114.408474465864,14004.872027978097
P0265,70.32054794520548,46.48807881840681,2.36,0.45311999999999997,0.985,2.17009037758456,195.16174622196374,361.11823937264865,11.23,medium,419.27531323129017,1.0,35.16027397260274,165.9564931506849,396.2785133452514,979.0456950707782
P0266,70.14520547945206,46.37470725329209,3.89,1.31482,0.985,2.17009037758456,324.15915513912273,597.0240044541913,8.59,medium,532.6921490277514,0.3333333333333333,11.690867579908677,272.8648493150685,608.7148720340999,1150.3493651700421
P0267,82.58904109589041,54.19785578673915,2.66,0.75012,0.97,1.8807936081512509,233.4695265467549,453.1563758618234,3.34,low,149.1768766143961,1.0,41.294520547945204,219.68684931506849,494.4508964097686,363.3225186818979
P0268,41.50410958904109,27.26343019361326,3.24,1.14372,0.985,2.17009037758456,170.38941538806168,304.8627304565548,6.11,medium,199.16300188228917,0.4,8.30082191780822,134.47331506849315,313.163552374363,420.95444710161877
P0269,154.53698630136986,101.91567229883458,4.07,1.3593800000000003,0.985,2.17009037758456,733.5784531071089,1362.5439873536843,113.08,medium,15869.27941305862,0.4,30.907397260273974,628.9655342465754,1393.4513846139585,34665.72616587221
P0270,82.92328767123287,54.39598027869527,1.73,0.45845,0.985,2.17009037758456,202.19268883557862,345.6499765068115,9.74,medium,376.74651620598075,0.2,8.292328767123287,143.45728767123288,353.9423052739348,758.4275717409874
P0271,503.94246575342464,332.4025586039175,4.07,1.57102,0.985,2.17009037758456,2589.2957987094815,4640.34163432592,35.89,medium,17777.879797782894,0.4,100.78849315068493,2051.0458356164386,4741.130127476605,37435.01526052978
P0272,82.6054794520548,54.12463204557556,3.58,1.5036,0.995,2.5758293035489004,476.85549390019384,772.58311033855,71.72,high,6542.623239091147,0.5,20.6513698630137,295.72761643835616,793.2344802015637,12515.970922412353
P0273,41.45205479452055,27.208818613211783,0.76,0.21356000000000003,0.999,3.090232306167813,121.46609816471475,152.96965980855038,6.15,critical,105.85741115417653,0.3333333333333333,6.908675799086758,31.503561643835617,159.87833560763713,216.31538807713304
P0274,82.57808219178082,54.14624642398042,2.36,0.45311999999999997,0.985,2.17009037758456,227.62283053250306,422.50710450510576,149.03,medium,6489.546691771275,1.0,41.28904109589041,194.88427397260273,463.79614560099617,15206.298707361622
P0275,41.49041095890411,27.231265181810365,3.49,1.47278,0.985,2.17009037758456,198.42726213933148,343.2287963859068,27.25,medium,1034.409944804602,0.6666666666666666,13.830136986301369,144.80153424657533,357.0589333722082,2140.568305566388
P0276,30.013698630136986,19.892218611370453,4.07,1.3593800000000003,0.985,2.17009037758456,142.82056423492435,264.9763176595819,38.99,medium,1065.2923790385514,0.4,6.002739726027397,122.15575342465755,270.9790573856093,2324.4041584422794
P0277,30.13150684931507,19.92842189178043,1.7,0.6987,0.995,2.5758293035489004,99.06192541296556,150.28548705680117,2.68,high,50.78861845520392,1.6666666666666667,25.10958904109589,51.223561643835616,175.39507609789706,103.41293686732011
P0278,41.364383561643834,27.153336315069822,2.66,0.75012,0.985,2.17009037758456,134.94688744353343,244.97614771750602,111.62,medium,2881.5736928855517,1.0,20.682191780821917,110.02926027397261,265.65833949832796,6523.612448056741
P0279,72.96986301369863,49.701213543820394,2.29,0.85875,0.97,1.8807936081512509,211.73818546952307,378.8391717708929,14.41,low,583.6977352830279,1.0,36.484931506849314,167.10098630136986,415.3241032777422,1316.6604722110985
P0280,442.413698630137,289.88931447536464,3.89,1.31482,0.985,2.17009037758456,2035.5129551732707,3756.5022428445036,37.37,medium,14551.970617096982,0.3333333333333333,73.73561643835616,1720.989287671233,3830.23785928286,31489.917536308105
P0281,523.0602739726028,342.9606498507935,1.64,0.5920399999999999,0.985,2.17009037758456,1341.1339647583818,2198.95281407345,17.07,medium,4379.560427177068,1.6666666666666667,435.88356164383566,857.8188493150685,2634.836375717286,9894.864525368695
P0282,41.367123287671234,27.13918163630961,1.68,0.56616,0.985,2.17009037758456,105.46384228417924,174.9606094074669,141.79,medium,2860.711307342809,1.0,20.683561643835617,69.49676712328767,195.64417105130252,6102.88514294012
P0283,54.27945205479452,36.096234921707655,1.59,0.33072,0.985,2.17009037758456,122.1041875755306,208.4085163426539,6.54,medium,152.76826529015082,2.5,67.84931506849315,86.3043287671233,276.25783141114704,397.47976783435837
P0284,35.15068493150685,23.23415874894846,0.84,0.20748,0.999,3.090232306167813,107.98753985733615,137.5141151998019,17.67,critical,270.39662637127765,0.6666666666666666,11.71689497716895,29.526575342465755,149.23101017697084,580.1206289619565
P0285,85.67123287671232,58.51496821620918,2.89,1.22536,0.97,1.8807936081512509,312.80657288869963,560.3964359023983,4.65,low,278.26184701316504,0.6666666666666666,28.557077625570773,247.58986301369862,588.9535135279691,602.4994443391125
P0286,41.31232876712329,27.03835262028898,4.07,1.3593800000000003,0.97,1.8807936081512509,169.3343145276095,337.47549260980134,15.95,low,516.690530154245,0.4,8.262465753424658,168.1411780821918,345.73795836322597,1213.19449589656
P0287,27.101369863013698,17.94154498865297,1.4,0.1722,0.985,2.17009037758456,54.24355724513836,92.18547505335754,232.15,medium,2409.0271297225668,2.5,33.87671232876712,37.94191780821917,126.06218738212466,6438.374096167253
P0288,164.52602739726026,108.93789190745801,3.36,1.19952,0.97,1.8807936081512509,607.2455543632985,1160.053006418093,8.18,low,950.2600866366888,5.0,411.31506849315065,552.8074520547945,1571.3680749112436,2827.833987610274
P0289,31.747945205479454,20.996913101149154,1.19,0.20705999999999997,0.985,2.17009037758456,59.46923366472884,97.24928845924939,3.58,medium,40.7286682037743,1.6666666666666667,26.456621004566212,37.780054794520545,123.7059094638156,97.43077429370116
P0290,242.4849315068493,160.48158265426542,2.47,0.5681,0.97,1.8807936081512509,621.5875512834036,1220.5253321053215,29.04,low,3453.216128382095,0.6666666666666666,80.8283105022831,598.9377808219178,1301.3536426076046,8314.088151891465
P0291,82.46301369863014,54.13933871398112,2.04,0.58344,0.97,1.8807936081512509,196.98143760051704,365.2059855457225,52.38,low,1973.8567776811467,1.6666666666666667,68.71917808219179,168.22454794520547,433.9251636279143,5000.380015582634
P0292,138.9945205479452,92.82205576169484,1.73,0.45845,0.985,2.17009037758456,343.6879197962507,584.1484403441959,78.06,medium,5132.366421082586,0.2,13.899452054794521,240.46052054794518,598.0478923989904,10270.396065746341
P0293,339.61095890410957,222.9399142685714,1.19,0.20705999999999997,0.995,2.5758293035489004,749.9145272813803,1154.0515683772705,13.13,high,1883.6548726130395,1.6666666666666667,283.0091324200913,404.13704109589037,1437.0607007973617,4151.09354032326
P0294,41.1945205479452,27.029246931302776,1.31,0.42837000000000003,0.985,2.17009037758456,88.88200871739856,142.84683063520677,1.91,medium,32.47671309830511,1.6666666666666667,34.32876712328767,53.964821917808216,177.17559775849446,74.44918617811936
P0295,82.91506849315068,54.3926093659369,3.36,1.19952,0.97,1.8807936081512509,304.59998702195577,583.194617158942,36.62,low,2133.8950742988563,5.0,207.2876712328767,278.59463013698627,790.4822883918187,6368.441508199847
P0296,27.15068493150685,18.06373882239958,1.64,0.5920399999999999,0.985,2.17009037758456,70.29955711069202,114.82668039836325,11.03,medium,148.3381785085263,1.6666666666666667,22.625570776255707,44.52712328767123,137.45225117461897,333.54163270033035
P0297,6.23013698630137,4.661824294245116,3.36,1.19952,0.985,2.17009037758456,28.330313470347207,49.263573744319814,52.08,medium,282.25860836334795,5.0,15.575342465753426,20.933260273972603,64.83891621007324,742.8983663685351
P0298,30.07945205479452,19.947368653094262,1.19,0.20705999999999997,0.985,2.17009037758456,56.48501447287457,92.27956241808005,5.17,medium,55.86613518386742,1.6666666666666667,25.0662100456621,35.79454794520547,117.34577246374215,133.46908160026032
P0299,31.9013698630137,21.11626952796494,4.07,1.3593800000000003,0.97,1.8807936081512509,131.48334057672528,261.32191591919104,16.78,low,422.0729565852514,0.4,6.38027397260274,129.83857534246576,267.70218989179375,988.249404204546
P0300,41.40547945205479,27.15340977116526,2.47,0.5681,0.985,2.17009037758456,121.60675469861158,223.8782889451869,6.57,medium,152.84382890554193,0.6666666666666666,13.801826484018264,102.27153424657534,237.68011542920522,343.5428388413732
P0301,118.62465753424658,78.76560682751781,1.03,0.33990000000000004,0.985,2.17009037758456,223.4351130826349,345.61851034290885,20.57,medium,879.2463136905704,2.5,148.28082191780823,122.18339726027398,493.8993322607171,2235.092038212649
P0302,82.84657534246575,54.30751390494877,3.66,1.2297600000000002,0.995,2.5758293035489004,431.04166721291443,734.2601329663391,25.95,high,2139.840763581329,0.2,8.284657534246575,303.21846575342465,742.5447905005856,4239.188208967843
P0303,41.323287671232876,27.115739521924606,4.46,0.85632,0.995,2.5758293035489004,199.4036293392701,383.70549235296875,15.89,high,606.1523542993222,0.6666666666666666,13.774429223744292,184.30186301369864,397.4799215767131,1389.5103098478735
P0304,27.197260273972603,18.04480057074933,1.68,0.21336,0.97,1.8807936081512509,52.121504652604045,97.81290191287802,12.77,low,127.3305697139355,1.6666666666666667,22.664383561643838,45.69139726027397,120.47728547452185,338.46888581212164
P0305,54.273972602739725,36.03114505702152,3.76,0.7745599999999999,0.97,1.8807936081512509,176.36197119330288,380.43210817960426,126.6,low,4271.333584065976,1.0,27.136986301369863,204.07013698630135,407.56909448097406,11351.614419484089
P0306,41.27945205479452,27.040339009799144,3.24,1.14372,0.985,2.17009037758456,169.22345371755003,302.9688783750843,4.4,medium,142.44200278138126,0.4,8.255890410958903,133.74542465753424,311.22476878604317,301.2655761848898
P0307,9.616438356164384,6.847294598876222,3.89,1.31482,0.999,3.090232306167813,88.7556217711469,126.16356697662636,3.08,critical,38.7380414248819,0.3333333333333333,1.6027397260273972,37.40794520547946,127.76630670265376,86.57444942171819
P0308,35.13972602739726,23.78000556686011,1.68,0.21336,0.985,2.17009037758456,79.16345763105058,138.19819735707796,17.66,medium,267.44857877231107,1.6666666666666667,29.28310502283105,59.0347397260274,167.48130237990904,650.6983560064226
P0309,534.1698630136987,350.22243900352044,3.89,1.31482,0.985,2.17009037758456,2458.4022764946703,4536.323043617958,34.45,medium,16201.939872654877,0.3333333333333333,89.0283105022831,2077.920767123288,4625.351354120241,35055.537912877306
P0310,17.545205479452054,11.884575851001653,2.47,0.5681,0.985,2.17009037758456,52.834961812127595,96.17161934637417,2.85,medium,28.806540048873046,0.6666666666666666,5.848401826484018,43.33665753424658,102.02002117285818,63.96655327538208
P0311,265.2191780821918,175.42286794549818,2.27,0.82855,0.985,2.17009037758456,857.7911041012263,1459.8386383478016,7.27,medium,1193.0009494778274,0.4,53.04383561643836,602.0475342465753,1512.88247396424,2419.7042288584053
P0312,533.8109589041096,350.3480841953509,2.66,0.75012,0.985,2.17009037758456,1741.2743678183783,3161.21151850331,11.79,medium,3927.4064828237483,1.0,266.9054794520548,1419.9371506849316,3428.1169979553647,8891.849869296624
P0313,17.506849315068493,11.883041854981059,1.52,0.36936,0.985,2.17009037758456,39.964553494825694,66.5749644537298,8.32,medium,63.60966844950344,1.0,8.753424657534246,26.610410958904108,75.32838911126404,137.8810834292577
P0314,156.46027397260275,102.85905583883512,1.31,0.42837000000000003,0.985,2.17009037758456,338.07695396674563,543.0399128708552,31.27,medium,2022.4057366250697,1.6666666666666667,130.38356164383563,204.9629589041096,673.423474514691,4632.749450576364
P0315,416.2821917808219,274.70953658307604,2.27,0.82855,0.985,2.17009037758456,1344.5484578146795,2289.5090331571455,38.83,medium,9987.773613676245,0.4,83.25643835616438,944.9605753424657,2372.7654715133094,20269.586316949597
P0316,31.86849315068493,21.08536337242835,3.45,1.41795,0.985,2.17009037758456,149.2319674268815,259.17826879674453,756.82,medium,21606.24545161978,2.5,39.83561643835616,109.94630136986302,299.0138852351007,49785.93149719836
P0317,83.10958904109589,54.48045360842822,4.07,1.3593800000000003,0.97,1.8807936081512509,340.9189900335291,679.1750174307895,59.41,low,3874.6777248141143,0.4,16.621917808219177,338.2560273972603,695.7969352390086,9094.20510296089
P0318,30.145205479452056,19.950991059521648,4.07,1.57102,0.97,1.8807936081512509,134.42949390462005,257.1204802059899,120.28,low,3093.234344266517,0.4,6.0290410958904115,122.69098630136988,263.1495213018803,6963.357372881836
P0319,74.74246575342465,56.13161025418328,2.29,0.85875,0.97,1.8807936081512509,230.27617058066772,401.4364171560102,3.19,low,140.52853609870664,1.0,37.37123287671233,171.16024657534246,438.8076500327225,307.95520879296464
P0320,15.816438356164383,10.76250886968059,3.83,1.27156,0.97,1.8807936081512509,62.98903255089384,123.56599145500343,6.33,low,76.27697976554329,0.4,3.163287671232877,60.57695890410959,126.7292791262363,176.4831941111967
P0321,82.66849315068494,54.246205307888445,2.04,0.58344,0.995,2.5758293035489004,270.3462249497946,438.9899509771918,21.53,high,1113.4973296497367,1.6666666666666667,68.89041095890411,168.64372602739726,507.88036193609594,2405.626122346512
P0322,41.49589041095891,27.24054649185237,1.7,0.6987,0.97,1.8807936081512509,99.16630035069153,169.70931404932168,12.22,low,231.8249407502601,1.6666666666666667,34.57990867579909,70.54301369863013,204.28922272512074,549.2111463742146
P0323,41.95890410958904,28.193716837717496,2.66,0.75012,0.985,2.17009037758456,139.06184931495497,250.67253424646182,12.67,medium,337.06173807000476,1.0,20.97945205479452,111.61068493150685,271.65198630125633,757.2027466161219
P0324,41.320547945205476,27.134964665376643,2.04,0.58344,0.97,1.8807936081512509,98.72134815017503,183.0152659583942,8.53,low,161.09607125097259,1.6666666666666667,34.4337899543379,84.29391780821918,217.4490559127321,408.06489832583304
P0325,41.43013698630137,27.195136750773493,4.07,1.57102,0.985,2.17009037758456,212.44119859122964,381.0618561254762,3.58,medium,145.49451131343693,0.4,8.286027397260275,168.6206575342466,389.34788352273654,306.6503930625073
P0326,30.197260273972603,19.999848712358705,1.4,0.1722,0.97,1.8807936081512509,52.404619453248564,94.6807838368102,23.42,low,234.7909228442765,2.5,37.74657534246575,42.27616438356164,132.42735917927595,682.3187254353014
P0327,96.20821917808219,63.74710024308853,2.36,0.45311999999999997,0.985,2.17009037758456,267.5159413929522,494.5673386532261,6.82,medium,349.0268856225961,1.0,48.104109589041094,227.05139726027394,542.6714482422673,814.2242409426979
P0328,41.21095890410959,27.010414971546066,2.36,0.45311999999999997,0.97,1.8807936081512509,98.4176951149855,195.67555812868414,17.78,low,334.7570923580672,1.0,20.605479452054794,97.25786301369862,216.28103758073894,846.0049066008185
P0329,38.443835616438356,27.32889318706571,1.19,0.20705999999999997,0.985,2.17009037758456,77.00618035608392,122.75434473964556,7.58,medium,111.66565770591787,1.6666666666666667,32.0365296803653,45.748164383561644,154.79087442001088,258.1292621828101
P0330,30.13150684931507,19.922355303905093,2.04,0.58344,0.985,2.17009037758456,83.47152776624152,144.93980173884427,29.05,medium,463.88394256873886,1.6666666666666667,25.10958904109589,61.468273972602745,170.04939077994015,1086.7856564745975
P0331,237.5808219178082,157.05041244381738,3.83,1.27156,0.995,2.5758293035489004,1276.6021313031206,2186.536679248326,26.82,high,6549.968013513855,0.4,47.516164383561645,909.9345479452055,2234.0528436318878,13181.80539856559
P0332,67.01643835616439,47.61117415966824,2.66,0.75012,0.985,2.17009037758456,230.85161627489035,409.1153423022876,4.55,medium,200.94127642710023,1.0,33.50821917808219,178.26372602739727,442.62356148036986,443.06618504185025
P0333,396.3424657534247,262.0911792509548,2.36,0.45311999999999997,0.97,1.8807936081512509,953.5610367481736,1888.9292559262558,7.02,low,1280.5910131772862,1.0,198.17123287671234,935.3682191780822,2087.1004888029684,3223.317994907304
P0334,63.66575342465753,41.99827383677458,3.24,1.14372,0.999,3.090232306167813,503.5643877740568,709.8414288699472,2.48,critical,176.96923025412264,0.4,12.733150684931507,206.2770410958904,722.5745795548787,394.2366906051418
P0335,156.62739726027397,102.76941711171598,1.73,0.45845,0.97,1.8807936081512509,331.05682684942855,602.0222241097025,55.65,low,3524.459766189177,0.2,15.662739726027397,270.96539726027396,617.6849638357298,7562.317012240839
P0336,41.40547945205479,27.196072207572445,4.07,1.3593800000000003,0.995,2.5758293035489004,232.83690485718589,401.3572062270489,3.84,high,171.04401497682665,0.4,8.281095890410958,168.520301369863,409.63830211745983,346.06243762883
P0337,555.213698630137,364.7601474893432,1.73,0.45845,0.985,2.17009037758456,1355.3815220472613,2315.901220677398,160.99,medium,41743.15797527434,0.2,55.521369863013696,960.5196986301369,2371.422590540412,83990.5710272422
P0338,82.3917808219178,53.96297508025543,1.31,0.42837000000000003,0.995,2.5758293035489004,210.72080578765943,318.65403866437174,16.97,high,684.0913533283893,1.6666666666666667,68.65981735159818,107.93323287671232,387.31385601597,1445.997550050022
P0339,27.175342465753424,18.061766588950086,1.59,0.33072,0.995,2.5758293035489004,72.52715276274303,115.73594728329098,37.0,high,513.3661073815028,2.5,33.96917808219178,43.20879452054795,149.70512536548276,1218.5997204750295
P0340,175.21369863013697,114.63333006278128,4.07,1.3593800000000003,0.985,2.17009037758456,828.5018740339647,1541.6216274586222,1.87,medium,296.3875399804984,0.4,35.0427397260274,713.1197534246576,1576.6643671846496,648.639720659765
P0341,244.17808219178082,160.4673585021688,1.52,0.36936,0.97,1.8807936081512509,470.2722351381636,841.4229200696705,52.61,low,4733.065133857507,1.0,122.08904109589041,371.1506849315069,963.5119611655609,11151.880140922436
P0342,57.43287671232877,39.1416701831152,3.66,1.2297600000000002,0.985,2.17009037758456,256.88705256869474,467.091381335818,74.0,medium,3636.6271441898703,0.2,5.743287671232878,210.20432876712331,472.83466900705093,7697.748411434789
P0343,63.602739726027394,42.10117971188718,1.59,0.33072,0.985,2.17009037758456,142.50637867518446,243.634734839568,30.83,medium,840.4902295672227,2.5,79.50342465753424,101.12835616438356,323.13815949710227,2191.716880605046
P0344,54.14520547945205,35.97562148122544,2.87,1.18244,0.985,2.17009037758456,220.59624348015527,375.99298320618266,42.96,medium,1812.955840330125,0.6666666666666666,18.048401826484017,155.3967397260274,394.04138503266665,3724.1639382207395
P0345,82.7972602739726,54.21170845059783,4.31,1.0430199999999998,0.985,2.17009037758456,354.02945952436556,710.8856513051874,33.14,medium,2244.4852030436914,1.6666666666666667,68.99771689497717,356.85619178082186,779.8833682001646,5685.97366087376
P0346,90.93698630136986,60.94474958420684,3.89,1.31482,0.985,2.17009037758456,423.1094196488894,776.8542963612181,1.71,medium,138.41196841035844,0.3333333333333333,15.156164383561642,353.74487671232873,792.0104607447797,297.95433533218613
P0347,185.55342465753424,121.71672896727158,1.04,0.2496,0.995,2.5758293035489004,392.4507370569112,585.4262987007468,7.06,high,530.0473780841692,5.0,463.8835616438356,192.97556164383562,1049.3098603445824,1629.7880750872052
P0348,82.73698630136987,54.189095824504065,1.59,0.33072,0.985,2.17009037758456,183.68882383485638,315.24063205403445,12.58,medium,442.0671207350857,2.5,103.42123287671234,131.5518082191781,418.66186493074684,1158.688577382335
P0349,105.0958904109589,70.53565935969294,1.73,0.45845,0.97,1.8807936081512509,226.11141157842889,407.9273019893878,7.59,low,328.3137696118788,0.2,10.509589041095891,181.8158904109589,418.4368910304837,698.7059206427017
P0350,31.605479452054794,21.5703034719297,0.76,0.21356000000000003,0.985,2.17009037758456,49.86022226521775,73.88038664877939,40.25,medium,383.9237114421767,0.3333333333333333,5.267579908675799,24.020164383561642,79.14796655745519,700.8552438662657
P0351,9.567123287671233,6.785084943521514,1.52,0.36936,0.985,2.17009037758456,22.66249389117411,37.20452128843438,19.23,medium,83.37038839652277,1.0,4.7835616438356166,14.542027397260274,41.988082932270004,177.63478365326148
P0352,27.117808219178084,17.987475362267325,3.58,1.5036,0.985,2.17009037758456,132.54577267406904,229.6275260987266,28.59,medium,724.9446964916169,0.5,6.779452054794521,97.08175342465755,236.4069781535211,1486.952611190017
P0353,41.24657534246575,27.021959335259595,1.64,0.5920399999999999,0.985,2.17009037758456,105.69769406090128,173.3420776225451,4.44,medium,89.77870222494643,1.6666666666666667,34.37214611872146,67.64438356164383,207.7142237412666,202.89525375046927
P0354,20.46027397260274,13.80482814614195,3.58,1.5036,0.985,2.17009037758456,100.71486444214828,173.96264526406608,44.05,medium,848.7197837468339,0.5,5.115068493150685,73.2477808219178,179.07771375721677,1735.4421240211877
P0355,25.572602739726026,17.092775771996504,3.86,1.38188,0.985,2.17009037758456,121.6601752986542,220.37042187399663,64.49,medium,1500.9480305236923,2.5,31.96575342465753,98.71024657534245,252.33617529865415,3580.0951879022455
P0356,82.87945205479453,54.42311584391755,1.52,0.36936,0.985,2.17009037758456,184.05255923740495,310.0293263606926,2.49,medium,87.67303647847865,1.0,41.43972602739726,125.97676712328769,351.4690523880899,192.53474689819566
P0357,82.84657534246575,54.2667761122137,3.83,1.27156,0.985,2.17009037758456,373.3105068782879,690.6128904399318,15.28,medium,1091.235304280046,0.4,16.56931506849315,317.30238356164386,707.1822055084249,2377.2637020371208
P0358,17.567123287671233,11.896717328124925,4.16,0.9193600000000001,0.985,2.17009037758456,72.74210827239679,145.82134114910912,1.46,medium,20.31718711051639,0.5,4.391780821917808,73.07923287671233,150.2131219710269,48.24845477709384
P0359,20.46301369863014,13.791695092700955,1.4,0.1722,0.97,1.8807936081512509,36.10910439551849,64.75732357360069,33.02,low,228.09650258330834,2.5,25.578767123287673,28.648219178082194,90.33609069688836,656.2374972584759
P0360,20.526027397260275,13.852540007867763,3.7,1.2913,0.97,1.8807936081512509,81.2901984959651,157.23649986582814,8.42,low,130.94083799471807,1.6666666666666667,17.10502283105023,75.94630136986302,174.34152269687837,322.9502366436975
P0361,35.33972602739726,23.376861973945704,1.94,0.50052,0.999,3.090232306167813,177.77243178861914,246.33150028176982,9.75,critical,245.61794923451728,1.6666666666666667,29.44977168949772,68.55906849315069,275.78127197126753,591.5508283783688
P0362,25.643835616438356,17.168980672583366,1.04,0.2496,0.985,2.17009037758456,46.52369561483611,73.19328465593199,3.92,medium,34.888726172377964,5.0,64.10958904109589,26.66958904109589,137.30287369702788,118.40999827631683
P0363,158.15616438356165,105.09229458362789,3.66,1.2297600000000002,0.985,2.17009037758456,698.1022492046038,1276.9538108484394,61.98,medium,8277.428721090691,0.2,15.815616438356166,578.8515616438357,1292.7694272867957,17627.686802711833
P0364,184.65753424657535,121.06423905274357,2.87,1.18244,0.985,2.17009037758456,747.5967735708327,1277.563896858504,36.28,medium,5188.711659072139,0.6666666666666666,61.55251141552512,529.9671232876713,1339.1164082740293,10688.291524279992
P0365,60.224657534246575,39.97442788635237,3.24,1.14372,0.995,2.5758293035489004,295.0605924161687,490.1884828271276,69.44,high,3919.636224542023,0.4,12.044931506849316,195.1278904109589,502.2334143339769,7672.519424097299
P0366,324.07397260273973,212.63026390522552,4.16,0.9193600000000001,0.995,2.5758293035489004,1558.606218565826,2906.7539445932234,10.62,high,3166.5457122236485,0.5,81.01849315068493,1348.1477260273973,2987.772437743908,6980.6315235448665
P0367,41.45753424657534,27.18003629549151,1.94,0.50052,0.97,1.8807936081512509,93.37570900798531,173.8033254463415,85.43,low,1526.0513917578096,1.6666666666666667,34.54794520547945,80.42761643835617,208.35127065182093,3915.878791392714
P0368,41.53150684931507,27.23861228287509,2.04,0.58344,0.985,2.17009037758456,114.38226879404574,199.1065427666485,11.91,medium,260.61253973405104,1.6666666666666667,34.609589041095894,84.72427397260275,233.71613180774438,612.3830085626519
P0369,19.293150684931508,13.715479431464436,2.94,0.8761199999999999,0.985,2.17009037758456,72.27656630140876,128.9984293151074,123.7,medium,1710.3778046317723,5.0,48.23287671232877,56.72186301369863,177.23130602743615,4823.172762230647
P0370,109.95068493150686,73.97024038383049,1.73,0.45845,0.97,1.8807936081512509,237.0015085272651,427.21619345877195,92.66,low,4201.150566634787,0.2,10.995068493150686,190.21468493150687,438.21126195192267,8933.024217142334
P0371,23.84109589041096,16.04978377534368,1.31,0.42837000000000003,0.97,1.8807936081512509,45.459858892718586,76.69169450915695,32.27,low,280.6414975851882,1.6666666666666667,19.8675799086758,31.231835616438357,96.55927441783274,685.5129128019619
P0372,41.33698630136986,27.071717464857386,1.68,0.56616,0.985,2.17009037758456,105.25863221160392,174.7047691979053,6.99,medium,140.75367357826482,1.0,20.66849315068493,69.44613698630137,195.37326234859023,300.44500283966204
P0373,172.0958904109589,113.82051182294126,3.24,1.14372,0.999,3.090232306167813,1363.0244773362167,1920.6151622677235,136.51,critical,26366.907380519628,0.4,34.419178082191785,557.5906849315069,1955.0343403499155,58713.982316256726
P0374,41.47123287671233,27.234883292963342,3.45,1.41795,0.97,1.8807936081512509,167.77463092729062,310.85038435194815,88.61,low,2844.0280088893815,2.5,51.83904109589041,143.07575342465753,362.6894254478386,7070.340197565255
P0375,41.36986301369863,27.14972064359299,2.29,0.71677,0.995,2.5758293035489004,150.08925273236906,244.82623903373891,6.86,high,196.96930454234038,1.0,20.684931506849313,94.73698630136985,265.51117054058824,400.7094585798558
P0376,82.6109589041096,54.140302982574916,1.52,0.36936,0.97,1.8807936081512509,158.74123340931197,284.30989094355857,56.03,low,1701.5127719506306,1.0,41.3054794520548,125.56865753424658,325.61537039561335,4013.7304247185675
P0377,53.778082191780825,36.6595948138588,2.31,0.36729,0.995,2.5758293035489004,175.1115006348172,299.3388704978309,10.85,high,363.47056696983367,0.6666666666666666,17.926027397260274,124.2273698630137,317.26489789509117,757.3113112755826
P0378,180.25205479452055,119.33235529024752,1.52,0.36936,0.995,2.5758293035489004,478.3545107721296,752.3376340598008,7.69,high,703.7218794124251,1.0,90.12602739726027,273.9831232876712,842.4636614570611,1425.280022453056
P0379,41.43835616438356,27.197177001498158,3.76,0.7745599999999999,0.97,1.8807936081512509,133.53083970895008,289.33905888703225,7.27,low,185.71236959173459,1.0,20.71917808219178,155.8082191780822,310.058236969224,495.9071442085769
P0380,27.08219178082192,18.00850945429179,2.04,0.58344,0.985,2.17009037758456,75.33464993425996,130.58232116713668,30.31,medium,436.82305451446285,1.6666666666666667,22.568493150684933,55.24767123287672,153.1508143178216,1021.240260034098
P0381,190.93698630136987,126.08308300705134,1.7,0.6987,0.97,1.8807936081512509,457.91681340322464,782.5096901155534,47.24,low,4138.2937898582895,1.6666666666666667,159.11415525114157,324.59287671232875,941.6238453666949,9786.108300126987
P0382,173.6767123287671,115.39063910715257,3.58,1.5036,0.985,2.17009037758456,849.46617827697,1471.2288084139564,148.48,medium,24128.975994021035,0.5,43.41917808219178,621.7626301369862,1514.647986496148,49476.88526768857
P0383,70.51780821917808,46.61907636254911,1.4,0.1722,0.985,2.17009037758456,140.95479626576784,239.67972777261713,32.41,medium,873.944250725372,2.5,88.14726027397259,98.7249315068493,327.82698804658975,2337.471990169794
P0384,160.9753424657534,105.6642357139681,2.36,0.45311999999999997,0.97,1.8807936081512509,384.9112412443208,764.8130494634988,4.73,low,348.29446751203506,1.0,80.4876712328767,379.90180821917806,845.3007206963756,879.6199299566485
P0385,23.893150684931506,16.05509340946269,0.85,0.32384999999999997,0.97,1.8807936081512509,36.12612069180821,56.43529877399999,25.66,low,177.3384143733876,0.4,4.778630136986301,20.309178082191778,61.21392891098629,345.5648714882998
P0386,31.720547945205478,20.97522713929661,2.04,0.58344,0.985,2.17009037758456,87.88031447661521,152.59023228483437,84.91,medium,1427.4972612922327,1.6666666666666667,26.4337899543379,64.70991780821917,179.02402223917227,3344.204540232186
P0387,51.00547945205479,34.158244746749425,4.46,0.85632,0.995,2.5758293035489004,249.80257898475872,477.28701734092306,145.33,high,6945.076466824433,0.6666666666666666,17.001826484018263,227.48443835616436,494.2888438249413,15803.699488077322
P0388,124.03287671232877,82.54848068501981,1.19,0.20705999999999997,0.97,1.8807936081512509,202.53615349713849,350.1352767848097,8.49,low,328.953936958222,1.6666666666666667,103.36073059360731,147.59912328767123,453.49600737841706,847.0398425814074
P0389,41.42739726027397,27.188562460098836,2.29,0.71677,0.985,2.17009037758456,126.62669957918564,221.49543930521304,33.16,medium,803.2757380609348,1.0,20.713698630136985,94.8687397260274,242.20913793535001,1766.9641030659652
P0390,82.85479452054794,54.28185761592113,1.34,0.19698,0.985,2.17009037758456,162.01647100698293,273.04189566451714,35.39,medium,1096.8937738836241,5.0,207.13698630136986,111.02542465753424,480.17888196588706,3738.576739210004
P0391,176.72054794520548,115.65600633731364,3.36,1.4414399999999998,0.995,2.5758293035489004,981.7050242876273,1575.4860653835176,54.58,high,10250.366304031404,0.3333333333333333,29.453424657534246,593.7810410958904,1604.939490041052,19271.471420616937
P0392,40.912328767123284,27.630270593651964,1.73,0.45845,0.985,2.17009037758456,102.06178894696531,172.8401177140886,14.62,medium,285.453511277408,0.2,4.091232876712328,70.77832876712328,176.93135059080092,569.0819960402521
P0393,500.986301369863,327.9764252596789,0.76,0.21356000000000003,0.97,1.8807936081512509,660.3053253760411,1041.0549144171368,24.53,low,3098.6119294994296,0.3333333333333333,83.49771689497716,380.7495890410959,1124.552631312114,6068.760730138954
P0394,35.15890410958904,23.216656556293106,2.29,0.71677,0.985,2.17009037758456,107.9019843117038,188.4158747226627,26.68,medium,550.7317279269363,1.0,17.57945205479452,80.5138904109589,205.9953267774572,1209.1101700529628
P0395,57.087671232876716,39.85589407652108,2.29,0.85875,0.985,2.17009037758456,193.96805438455885,324.69882150784656,41.21,medium,1529.176673618511,1.0,28.543835616438358,130.73076712328768,353.24265712428485,3202.5685780201916
P0396,59.95068493150685,39.73853806441063,2.66,0.75012,0.985,2.17009037758456,196.8660185818811,356.33484049968934,8.81,medium,331.79627583947996,1.0,29.975342465753425,159.4688219178082,386.3101829654427,748.7463966236211
P0397,27.221917808219178,18.079268731073412,1.92,0.816,0.995,2.5758293035489004,99.17820119024648,151.4442833820273,2.64,high,50.0893036967784,1.0,13.610958904109589,52.26608219178082,165.0552422861369,95.86408471978831
P0398,83.08219178082192,54.59354141667005,1.73,0.45845,0.995,2.5758293035489004,240.77743961145862,384.50963139228054,16.24,high,748.0431619511472,0.2,8.308219178082192,143.73219178082192,392.81785057036274,1403.459616517792
P0399,82.62191780821918,54.181923525944036,2.47,0.5681,0.995,2.5758293035489004,288.02403399169293,492.1001709779943,1.96,high,107.99648996279826,0.6666666666666666,27.54063926940639,204.07613698630138,519.6408102474006,224.06911737867915
P0400,41.512328767123286,27.232172034888606,3.45,1.41795,0.985,2.17009037758456,193.68318507289078,336.90071931946613,19.42,medium,719.5582955699292,2.5,51.890410958904106,143.21753424657535,388.79113027837025,1661.0712250013094
P0401,83.02465753424657,54.46106528607326,1.7,0.6987,0.995,2.5758293035489004,271.6083183604274,412.75023616864655,38.21,high,1985.3859528708044,1.6666666666666667,69.18721461187215,141.14191780821918,481.9374507805187,4051.2625987511965
P0402,15.852054794520548,10.792499807037357,3.89,1.31482,0.985,2.17009037758456,74.34694985631047,136.01144300699542,5.62,medium,79.9326685237759,0.3333333333333333,2.642009132420091,61.66449315068493,138.6534521394155,171.43112822517332
P0403,239.2986301369863,156.77335822698532,4.31,1.0430199999999998,0.97,1.8807936081512509,887.1303817215501,1918.507477611961,7.63,low,1294.9017902241687,1.6666666666666667,199.41552511415526,1031.3770958904108,2117.9230027261165,3555.145552376059
P0404,35.01917808219178,23.15421696060696,3.49,1.47278,0.985,2.17009037758456,167.98747511447755,290.2044066213269,56.84,medium,1826.6519815752342,0.6666666666666666,11.673059360730592,122.21693150684932,301.87746598205746,3774.917336612433
P0405,82.93698630136986,54.418947458959735,4.07,1.3593800000000003,0.985,2.17009037758456,392.72230503088883,730.2758392774642,4.36,medium,327.5645521614162,0.4,16.58739726027397,337.55353424657534,746.8632365377382,716.3912164869986
P0406,28.457534246575342,19.785705780790742,4.32,1.83168,0.995,2.5758293035489004,196.67323887913457,319.60978682434006,23.47,high,883.0457405465421,0.3333333333333333,4.742922374429224,122.93654794520549,324.3527091987693,1674.7627786769253
P0407,317.76438356164385,208.42417479762815,1.68,0.21336,0.985,2.17009037758456,695.0911817333938,1228.9353461169553,45.46,medium,6044.996458045233,1.6666666666666667,264.80365296803654,533.8441643835616,1493.738999084992,14939.182477648823
P0408,41.465753424657535,27.196922393651203,0.84,0.20748,0.97,1.8807936081512509,57.03457503725605,91.86580791396838,18.41,low,200.8708137529517,0.6666666666666666,13.821917808219178,34.83123287671233,105.68772572218757,428.0564267200041
P0409,82.92054794520548,54.38140377575783,1.02,0.40800000000000003,0.999,3.090232306167813,309.47439263642576,394.05335154053535,45.79,critical,2008.1050798974725,0.5,20.73013698630137,84.5789589041096,414.7834885268367,4178.445906721648
P0410,70.2958904109589,46.3840881866943,1.68,0.21336,0.985,2.17009037758456,154.63569216659513,272.7327880570061,39.84,medium,1178.5660127841506,1.6666666666666667,58.57990867579909,118.09709589041096,331.3126967328052,2903.889524323691
P0411,223.03835616438357,150.2101775042617,4.46,0.85632,0.97,1.8807936081512509,800.8896001361966,1795.6406686293471,100.51,low,15399.505231418789,0.6666666666666666,74.34611872146118,994.7510684931507,1869.9867873508083,41349.521839258545
P0412,35.0027397260274,23.744345611476348,4.07,1.3593800000000003,0.97,1.8807936081512509,146.03569780587858,288.4968484908101,8.93,low,249.4797668777644,0.4,7.00054794520548,142.46115068493154,295.4973964360156,580.5341850381963
P0413,154.75616438356164,102.37961703995396,4.46,0.85632,0.995,2.5758293035489004,751.1954421928184,1441.4079353435031,34.14,high,4906.155414975497,0.6666666666666666,51.585388127853875,690.2124931506848,1492.9933234713571,11213.57425392867
P0414,22.7013698630137,15.840764053877821,4.32,1.83168,0.995,2.5758293035489004,157.10993311221412,255.1798509204333,19.74,high,593.301754364977,0.3333333333333333,3.7835616438356166,98.06991780821919,258.96341256426894,1124.626308084107
P0415,70.2958904109589,46.555592546444885,3.83,1.27156,0.985,2.17009037758456,318.52929152186135,587.762551795834,17.69,medium,1077.9585189085046,0.4,14.059178082191782,269.23326027397263,601.8217298780257,2342.1698083393007
P0416,31.654794520547945,21.532654993527846,2.35,0.24205,0.985,2.17009037758456,84.56734951053247,158.95611663382016,7.95,medium,128.61590808167068,5.0,79.13698630136986,74.38876712328768,238.09310293519002,416.42483703364735
P0417,219.1095890410959,143.64633018990932,3.66,1.2297600000000002,0.97,1.8807936081512509,832.4429932556604,1634.3840891460713,121.47,low,19344.09311823332,0.2,21.91095890410959,801.941095890411,1656.295048050181,44261.83508706421
P0418,79.03835616438356,55.01826527412417,2.94,0.8761199999999999,0.985,2.17009037758456,292.0450229431888,524.4177900664765,1.85,medium,103.3585429025025,5.0,197.5958904109589,232.37276712328764,722.0136804774354,293.8595679543162
P0419,305.5342465753425,200.52727762377557,1.94,0.50052,0.97,1.8807936081512509,688.7308535745269,1281.4672919306913,15.93,low,2098.892303858511,1.6666666666666667,254.61187214611874,592.7364383561644,1536.07916407681,5383.343038423588
P0420,60.227397260273975,39.93408463280312,3.89,1.31482,0.985,2.17009037758456,278.7297224317625,513.0142977742282,13.73,medium,732.1139126759842,0.3333333333333333,10.037899543378995,234.28457534246576,523.0521973176074,1579.9314672175647
P0421,366.05479452054794,240.46224318155535,1.04,0.2496,0.995,2.5758293035489004,775.1864276199112,1155.883413921281,2.38,high,352.94575087111787,5.0,915.1369863013699,380.69698630136986,2071.020400222651,1084.3862815565801
P0422,9.602739726027398,6.847915633040187,1.07,0.41516000000000003,0.97,1.8807936081512509,17.58091318701988,27.855844693869198,21.22,low,71.36933488894226,1.6666666666666667,8.002283105022832,10.274931506849317,35.85812779889203,167.40008381634755
P0423,6.210958904109589,4.663617707524156,2.29,0.85875,0.985,2.17009037758456,22.07642120539222,36.299517095803175,28.9,medium,122.05381393381192,1.0,3.1054794520547944,14.223095890410958,39.40499654785797,250.53696805128098
P0424,121.2,80.23280686043145,3.83,1.27156,0.97,1.8807936081512509,475.8688536303495,940.0648536303495,180.39,low,16421.944479481153,0.4,24.240000000000002,464.196,964.3048536303495,38269.20956020332
P0425,41.37260273972603,27.198867039035566,2.66,0.75012,0.985,2.17009037758456,135.1075229878417,245.15864627551292,39.15,medium,1011.8966047776353,1.0,20.686301369863013,110.05112328767123,265.8449476453759,2289.7225340696227
P0426,41.41095890410959,27.164858731496338,3.66,1.2297600000000002,0.97,1.8807936081512509,157.37672382723622,308.9408334162773,14.78,low,444.9792653883838,0.2,4.141095890410959,151.56410958904112,313.08192930668827,1018.0172013336276
P0427,172.35616438356163,113.23957995667466,3.66,1.2297600000000002,0.995,2.5758293035489004,897.7899963616937,1528.6135580055293,21.55,high,3701.236845870253,0.2,17.235616438356164,630.8235616438357,1545.8491744438857,7328.870936038463
P0428,156.26575342465753,105.8445005750039,1.31,0.42837000000000003,0.97,1.8807936081512509,299.3654821689741,504.0736191552755,10.14,low,580.7169718456935,1.6666666666666667,130.22146118721463,204.70813698630138,634.2950803424901,1414.9854652280271
P0429,54.26575342465753,36.03681046604163,4.32,1.83168,0.97,1.8807936081512509,269.1938998843112,503.62195467883174,10.94,low,563.3877202100523,0.3333333333333333,9.04429223744292,234.42805479452056,512.6662469162746,1233.88512307809
P0430,41.59452054794521,27.258025788620877,2.89,1.22536,0.97,1.8807936081512509,148.9905170034987,269.19868138706033,49.39,low,1407.74013883184,0.6666666666666666,13.864840182648402,120.20816438356165,283.06352156970877,3075.7116126721417
P0431,82.53150684931506,54.03857209273824,3.66,1.2297600000000002,0.985,2.17009037758456,361.5512025850436,663.6165176535367,33.22,medium,2297.705051280463,0.2,8.253150684931507,302.06531506849313,671.8696683384683,4910.292284084861
P0432,63.635616438356166,42.1046751921837,2.35,0.24205,0.995,2.5758293035489004,196.56495121292562,346.1086498430626,20.03,high,753.2027078390245,5.0,159.08904109589042,149.543698630137,505.19769093895303,2226.2041448915907
P0433,178.33972602739726,118.53512802898477,0.84,0.20748,0.985,2.17009037758456,286.41474446588956,436.22011432890326,22.01,medium,1205.9804136110702,0.6666666666666666,59.44657534246575,149.80536986301368,495.666689671369,2400.117244726703
P0434,504.9835616438356,330.8905893896357,2.27,0.82855,0.985,2.17009037758456,1624.2549535186597,2770.5676384501667,24.81,medium,7709.137728083087,0.4,100.99671232876713,1146.312684931507,2871.5643507789337,15673.572539421573
P0435,41.36986301369863,27.13403181750716,1.7,0.6987,0.97,1.8807936081512509,98.8131754126864,169.14194253597407,3.19,low,60.301814351846375,1.6666666666666667,34.474885844748854,70.32876712328766,203.61682838072292,142.89829015759133
P0436,82.73150684931507,54.17725506270838,1.64,0.5920399999999999,0.985,2.17009037758456,211.94661500264786,347.62628623552456,355.46,medium,14412.590981865276,1.6666666666666667,68.94292237442923,135.6796712328767,416.56920860995376,32576.211996348717
P0437,82.52602739726028,54.185502570755965,1.52,0.36936,0.97,1.8807936081512509,158.82268261888387,284.2622442627195,116.14,low,3528.7361730944162,1.0,41.26301369863014,125.43956164383563,325.52525796134967,8317.430761118854
P0438,35.16164383561644,23.815999274987497,2.04,0.58344,0.985,2.17009037758456,99.1337637941402,170.8635172187977,3.35,medium,63.5318121011142,1.6666666666666667,29.3013698630137,71.72975342465753,200.16488708181143,147.52152177929503
P0439,54.06027397260274,35.95138177557414,3.76,0.7745599999999999,0.985,2.17009037758456,202.94568017017468,406.2123103071609,9.02,medium,350.1960067214737,1.0,27.03013698630137,203.26663013698627,433.2424472934623,859.7263124091467
P0440,41.6,27.258106970301434,4.07,1.3593800000000003,0.985,2.17009037758456,196.85164875303582,366.16364875303583,119.62,medium,4504.718894995123,0.4,8.32,169.312,374.4836487530358,9855.061494044394
P0441,60.03013698630137,39.846293569727656,0.76,0.21356000000000003,0.97,1.8807936081512509,80.08696110102292,125.70986521061197,5.64,low,86.41034898621673,0.3333333333333333,10.005022831050228,45.622904109589044,135.7148880416622,168.39503308209444
P0442,82.84657534246575,54.33553186065413,3.66,1.2297600000000002,0.97,1.8807936081512509,314.8165365566593,618.0350023100839,1.77,low,106.59961681318535,0.2,8.284657534246575,303.21846575342465,626.3196598443305,243.88887554338234
P0443,31.693150684931506,20.962527587295163,3.36,1.4414399999999998,0.97,1.8807936081512509,129.11490566718692,235.60389196855678,33.43,low,825.7291175825155,0.3333333333333333,5.282191780821917,106.48898630136986,240.88608374937868,1771.6207915431805
P0444,35.1945205479452,23.330708260039998,1.04,0.2496,0.995,2.5758293035489004,75.12928720388403,111.73158857374705,11.55,high,166.0030598131038,5.0,87.98630136986301,36.602301369863014,199.7178899436101,507.48315834671325
P0445,94.94520547945206,63.94651147616575,2.29,0.85875,0.999,3.090232306167813,607.0793114259827,824.503831973928,25.3,critical,2176.4917535568566,1.0,47.47260273972603,217.4245205479452,871.9764347136539,4853.420835616198
P0446,41.47397260273973,27.173890726155676,3.24,1.14372,0.985,2.17009037758456,170.04064925997068,304.4163204928474,2.26,medium,73.51670505396298,0.4,8.294794520547946,134.37567123287673,312.71111501339533,155.47996638466014
P0447,63.56438356164384,42.00751296573938,2.01,0.38391,0.97,1.8807936081512509,139.2085116950843,266.9729226539884,33.35,low,888.150304614638,5.0,158.91095890410958,127.7644109589041,425.8838815580979,3124.710038991765
P0448,41.31506849315068,27.104841581383376,1.73,0.45845,0.97,1.8807936081512509,87.31688678110505,158.79195527425574,50.87,low,849.7375710626602,0.2,4.131506849315069,71.47506849315069,162.9234621235708,1823.3416340097301
P0449,76.27671232876712,51.694183469188665,3.36,1.4414399999999998,0.999,3.090232306167813,696.3529786837923,952.6427321084499,27.09,critical,2673.188072373376,0.3333333333333333,12.712785388127852,256.28975342465753,965.3555174965777,5753.325813176104
P0450,108.04931506849314,71.50334489080589,2.66,0.75012,0.97,1.8807936081512509,307.17130864976843,594.5824867319602,5.06,low,297.3418267729759,1.0,54.02465753424657,287.4111780821918,648.6071442662068,722.0294729971414
P0451,25.542465753424658,17.05329330612347,3.45,1.41795,0.97,1.8807936081512509,104.06847484453858,192.18998169385367,7.32,low,145.73206251273476,2.5,31.928082191780824,88.12150684931507,224.11806388563448,360.9197300814258
P0452,82.98082191780821,54.399591590899476,0.85,0.32384999999999997,0.985,2.17009037758456,141.99952589874667,212.53322452888364,24.83,medium,674.5100958039075,0.4,16.596164383561643,70.53369863013698,229.12938891244528,1251.6421998731234
P0453,82.92876712328767,54.51862641541047,4.31,1.0430199999999998,0.995,2.5758293035489004,421.9674532092328,779.3904395106026,37.3,high,3011.0129748130125,1.6666666666666667,69.10730593607306,357.4229863013698,848.4977454466757,6962.77249913542
P0454,14.273972602739725,9.94995758173713,3.58,1.5036,0.985,2.17009037758456,71.24755567926309,122.3483775970713,1.37,medium,18.673055027591218,0.5,3.5684931506849313,51.10082191780822,125.91687074775624,37.95134484337373
P0455,195.3041095890411,129.18450094830527,1.07,0.41516000000000003,0.97,1.8807936081512509,338.07372332057145,547.0491205808455,18.71,low,1210.0687477670751,1.6666666666666667,162.75342465753425,208.975397260274,709.8025452383797,2921.6892367102187
P0456,334.8794520547945,219.39297308041014,2.47,0.5681,0.985,2.17009037758456,982.7812491806341,1809.9334957559765,4.88,medium,917.4903905394162,0.6666666666666666,111.62648401826483,827.1522465753425,1921.5599797742416,2062.986794285626
P0457,40.87945205479452,27.52993854301981,3.66,1.2297600000000002,0.97,1.8807936081512509,157.4798021028572,307.0985966234051,20.17,low,607.6529337836685,0.2,4.0879452054794525,149.61879452054794,311.18654182888463,1380.8591607114927
P0458,149.41095890410958,100.81111099156035,1.68,0.56616,0.97,1.8807936081512509,336.67312681558445,587.6835377744885,171.81,low,11065.772332174629,1.0,74.70547945205479,251.0104109589041,662.3890172265434,25037.112550932332
P0459,41.42739726027397,27.154185621715186,3.49,1.47278,0.97,1.8807936081512509,171.62123654260316,316.20285298095934,120.93,low,3970.3603041055135,0.6666666666666666,13.809132420091323,144.58161643835618,330.01198540105065,8779.836866800792
P0460,70.27397260273973,46.49207077437352,1.92,0.816,0.985,2.17009037758456,215.2360858542141,350.16211325147435,93.52,medium,3850.742021564298,1.0,35.136986301369866,134.92602739726027,385.29909955284427,7927.297793840039
P0461,82.8054794520548,54.33309934265516,1.68,0.21336,0.97,1.8807936081512509,157.04056878486412,296.1537742643162,28.14,low,845.3971767246408,1.6666666666666667,69.00456621004567,139.11320547945206,365.15834047436186,2260.62225420868
P0462,111.53150684931506,75.65187198847448,4.07,1.3593800000000003,0.97,1.8807936081512509,465.3035998716321,919.2368327483445,16.53,low,1471.4113663418937,0.4,22.306301369863014,453.93323287671234,941.5431341182075,3424.0157615342737
P0463,35.29041095890411,23.31869601032308,3.66,1.2297600000000002,0.985,2.17009037758456,155.3223804394981,284.48528454908717,1.64,medium,48.730708576148615,0.2,3.5290410958904115,129.16290410958905,288.0143256449776,103.91556869270791
P0464,143.0,96.36905367126164,2.36,0.45311999999999997,0.985,2.17009037758456,403.299551684139,740.7795516841389,26.4,medium,2036.838083636069,1.0,71.5,337.47999999999996,812.2795516841389,4717.719636181479
P0465,82.84383561643835,54.32695328637063,1.03,0.33990000000000004,0.985,2.17009037758456,154.50324577005705,239.83239645498855,11.67,medium,344.9318549478648,2.5,103.55479452054794,85.3291506849315,343.3871909755365,881.6122741105925
P0466,20.915068493150685,14.051550217876873,2.97,0.8613,0.97,1.8807936081512509,65.27999873419459,127.39775215885213,30.68,low,383.14250387506075,5.0,52.28767123287671,62.117753424657536,179.68542339172885,1212.8047337248129
P0467,82.6,54.18303331210887,3.76,0.7745599999999999,0.97,1.8807936081512509,266.0635814553064,576.6395814553064,7.52,low,382.76138187796425,1.0,41.3,310.57599999999996,617.9395814553063,1022.3192435596588
P0468,96.54520547945205,63.98051953072863,2.02,0.33734000000000003,0.995,2.5758293035489004,286.1187473110139,481.14006237950707,21.58,high,1181.1977084641478,0.6666666666666666,32.18173515981735,195.02131506849315,513.3217975393245,2437.0465659976967
P0469,167.75890410958905,111.61871893360066,1.31,0.42837000000000003,0.995,2.5758293035489004,434.1950155605755,653.9591799441372,6.07,high,504.1948032866022,1.6666666666666667,139.7990867579909,219.76416438356168,793.758266702128,1059.9847893540218
P0470,180.0904109589041,119.21377068981333,3.24,1.14372,0.995,2.5758293035489004,881.0826287958015,1464.575560302651,67.12,high,11313.407417261153,0.4,36.01808219178082,583.4929315068493,1500.5936424944316,22158.365962529777
P0471,34.986301369863014,23.73647281089449,2.29,0.85875,0.985,2.17009037758456,116.86525210938122,196.9838822463675,7.64,medium,170.80618760473737,1.0,17.493150684931507,80.1186301369863,214.47703293129902,360.49299695092736
P0472,15.810958904109588,10.765986855791517,1.19,0.20705999999999997,0.97,1.8807936081512509,26.370383373833278,45.185424469723685,117.23,low,591.398269079291,1.6666666666666667,13.17579908675799,18.81504109589041,58.361223556481676,1505.1709722557964
P0473,107.8054794520548,71.3238086768986,2.29,0.85875,0.97,1.8807936081512509,307.560581716459,554.4351296616645,8.43,low,496.00161291421296,1.0,53.9027397260274,246.87454794520548,608.3378693876919,1128.2234125664133
P0474,30.057534246575344,19.91767340036423,1.02,0.40800000000000003,0.97,1.8807936081512509,50.95671557027502,81.61540050178188,25.33,low,246.92295059731703,0.5,7.514383561643836,30.65868493150685,89.12978406342572,496.68463467184614
P0475,74.14520547945206,49.93592884198769,4.07,1.3593800000000003,0.97,1.8807936081512509,308.2273324637541,609.9983187651239,23.39,low,1379.196702079988,0.4,14.829041095890412,301.7709863013699,624.8273598610144,3215.2366283728084
P0476,41.36986301369863,27.122689727571384,4.07,1.3593800000000003,0.995,2.5758293035489004,232.42819844890414,400.80354091465756,18.26,high,811.9222250512504,0.4,8.273972602739725,168.37534246575342,409.0775135173973,1643.3461873020885
P0477,41.37260273972603,27.114902335186382,1.02,0.40800000000000003,0.995,2.5758293035489004,95.29172316858815,137.4917779631087,53.21,high,970.0034519618492,0.5,10.343150684931507,42.20005479452055,147.8349286480402,1730.5852417396882
P0478,20.986301369863014,14.1301769183578,4.32,1.83168,0.995,2.5758293035489004,143.2980390595228,233.95886097733103,11.54,high,316.3522274472317,0.3333333333333333,3.497716894977169,90.66082191780822,237.4565778723082,602.8547599022161
P0479,41.364383561643834,27.129043324831933,2.97,0.8613,0.985,2.17009037758456,146.69330565789906,269.54552483598127,67.43,medium,1892.2926192284085,5.0,103.41095890410958,122.8522191780822,372.95648374009085,5532.660253690752
P0480,28.86849315068493,20.51116606053219,0.84,0.20748,0.97,1.8807936081512509,42.6741290355457,66.92366328212104,31.46,low,256.83146250505996,0.6666666666666666,9.62283105022831,24.24953424657534,76.54649433234934,529.7935965730563
P0481,189.5205479452055,124.46455755600074,1.4,0.1722,0.995,2.5758293035489004,446.82236789867136,712.151135021959,12.29,high,1050.537668108198,2.5,236.90068493150687,265.32876712328766,949.0518199534658,2566.0463107901805
P0482,47.63835616438356,32.09499391888115,3.58,1.5036,0.995,2.5758293035489004,278.1702580388021,448.71557310729526,2.65,high,141.02022646662752,0.5,11.90958904109589,170.54531506849315,460.62516214839115,268.54446953251204
P0483,183.4794520547945,120.453482607297,4.07,1.3593800000000003,0.999,3.090232306167813,1670.6436412475782,2417.4050111105917,4.93,critical,1167.1369361012066,0.4,36.6958904109589,746.7613698630137,2454.100901521551,2661.717837790274
P0484,306.71232876712327,203.121700612396,1.92,0.816,0.985,2.17009037758456,939.9349692067294,1528.822640439606,260.84,medium,46902.59149646463,1.0,153.35616438356163,588.8876712328766,1682.1788048231679,96531.49427901651
P0485,82.84931506849315,54.251670160363915,3.5,0.7035,0.999,3.090232306167813,561.5109324383809,851.4835351781069,38.13,critical,3034.0036121433836,5.0,207.1232876712329,289.972602739726,1058.6068228493398,8880.229194153972
P0486,233.63561643835615,153.95898676954596,2.04,0.58344,0.995,2.5758293035489004,766.3807467574296,1242.997404291676,11.55,high,1693.3682413135903,1.6666666666666667,194.69634703196346,476.61665753424654,1437.6937513236396,3653.1798221133686
P0487,147.83561643835617,96.93143800150335,1.73,0.45845,0.97,1.8807936081512509,312.29979813206046,568.0554145704166,40.23,low,2403.513559432708,0.2,14.783561643835618,255.75561643835616,582.8389762142523,5158.474642881861
P0488,60.36164383561644,40.00845594047501,4.07,1.3593800000000003,0.985,2.17009037758456,287.24043499730504,532.912325408264,225.88,medium,12412.183722245285,0.4,12.072328767123288,245.67189041095892,544.9846541753873,27082.249410730026
P0489,221.21369863013697,145.31817432741846,2.87,1.18244,0.985,2.17009037758456,896.4281914040737,1531.3115064725669,19.66,medium,3371.505403009478,0.6666666666666666,73.73789954337899,634.8833150684932,1605.0494060159458,6942.159690900169
P0490,20.87123287671233,14.057471122323536,4.31,1.0430199999999998,0.985,2.17009037758456,90.86206199618567,180.8170756948158,25.48,medium,442.9011954137552,1.6666666666666667,17.392694063926943,89.95501369863014,198.20976975874277,1111.0846853596086
P0491,228.1123287671233,149.58404226130634,2.31,0.36729,0.985,2.17009037758456,604.6719856873657,1131.6114651394205,8.74,medium,1011.0115600692756,0.6666666666666666,76.03744292237442,526.9394794520548,1207.6489080617948,2322.067320421219
P0492,286.4657534246575,192.56666336734804,2.04,0.58344,0.985,2.17009037758456,803.1868478107692,1387.5769847970705,16.94,medium,2602.8841255836305,1.6666666666666667,238.7214611872146,584.3901369863014,1626.298445984285,6060.889048494234
P0493,137.2027397260274,92.68864039572134,1.73,0.45845,0.985,2.17009037758456,342.3549612752738,579.7157010013012,29.04,medium,1901.9455448656256,0.2,13.72027397260274,237.36073972602742,593.435974973904,3791.343756913278
P0494,262.66301369863015,172.528127589602,4.07,1.3593800000000003,0.985,2.17009037758456,1244.3994552955924,2313.437921049017,10.95,medium,2606.7463372235493,0.4,52.53260273972603,1069.0384657534248,2365.970523788743,5699.622991807081
P0495,234.1041095890411,155.29746397874536,2.02,0.33734000000000003,0.995,2.5758293035489004,694.405468111036,1167.295769480899,101.02,high,13419.778161292967,0.6666666666666666,78.03470319634702,472.890301369863,1245.330472677246,27676.722556968183
P0496,274.90410958904107,181.86660100191008,0.76,0.21356000000000003,0.995,2.5758293035489004,500.8143097934914,709.7414330811627,40.2,high,3851.4797876640337,0.3333333333333333,45.81735159817351,208.9271232876712,755.5587846793361,6682.161891704049
P0497,63.73972602739726,42.16067754073651,1.02,0.40800000000000003,0.97,1.8807936081512509,107.9155836485471,172.93010419649232,301.11,low,6216.331744635726,0.5,15.934931506849315,65.01452054794521,188.86503570334162,12511.213198139303
P0498,165.3945205479452,108.38186951802773,2.89,1.22536,0.995,2.5758293035489004,811.3519129390789,1289.3420773226405,58.61,high,9097.159857233975,0.6666666666666666,55.131506849315066,477.99016438356165,1344.4735841719557,17335.91128903003
P0499,110.71232876712328,73.80042129113328,4.07,1.3593800000000003,0.999,3.090232306167813,1015.6563804591341,1466.2555585413259,14.76,critical,2124.3409975052496,0.4,22.14246575342466,450.59917808219177,1488.3980242947505,4833.126064489914
P0500,35.07397260273972,23.20341266225879,1.68,0.21336,0.985,2.17009037758456,77.34400665169912,136.26828062430184,13.39,medium,198.12171721267416,1.6666666666666667,29.228310502283104,58.924273972602734,165.49659112658497,487.51985814069405
P0501,81.66849315068494,55.2085180079601,1.7,0.6987,0.97,1.8807936081512509,198.67754445124658,337.51398280741097,22.59,low,858.597965577222,1.6666666666666667,68.05707762557078,138.8364383561644,405.57106043298177,2015.6070561398328
P0502,82.71780821917808,54.17041522171295,2.35,0.24205,0.985,2.17009037758456,213.17766563557083,407.56451495063936,21.68,medium,884.1497339264511,5.0,206.7945205479452,194.3868493150685,614.3590354985845,2930.2468557140487
P0503,83.26575342465753,54.58291459521253,0.85,0.32384999999999997,0.985,2.17009037758456,142.4800747654133,213.25596517637217,4.8,medium,130.83387734980562,0.4,16.653150684931507,70.7758904109589,229.9091158613037,242.78402634953667
P0504,41.4027397260274,27.195254376547908,4.07,1.3593800000000003,0.985,2.17009037758456,196.15142173179635,364.66057241672786,36.34,medium,1363.6446838794486,0.4,8.28054794520548,168.5091506849315,372.9411203619334,2981.5896690695854
P0505,289.0821917808219,191.8743259589877,2.02,0.33734000000000003,0.985,2.17009037758456,722.7683557201296,1306.7143831173898,15.25,medium,2108.598116035683,0.6666666666666666,96.3607305936073,583.9460273972603,1403.0751137109974,4707.317006500396
P0506,82.73698630136987,54.207343859068644,2.04,0.58344,0.97,1.8807936081512509,197.34254502812453,366.12599708291907,42.55,low,1606.3683165289337,1.6666666666666667,68.9474885844749,168.78345205479454,435.0734856673939,4072.7228993324743
P0507,156.3095890410959,102.49875389805881,1.94,0.50052,0.995,2.5758293035489004,482.2346888865324,785.4752916262585,3.04,high,280.45092167592423,1.6666666666666667,130.25799086757993,303.24060273972606,915.7332824938385,612.4424193318793
P0508,31.704109589041096,20.92727096107056,4.16,0.9193600000000001,0.985,2.17009037758456,128.98798713723806,260.87708302764906,6.88,medium,169.77062376602046,0.5,7.926027397260274,131.88909589041097,268.8031104249093,406.86038793914264
P0509,20.884931506849316,14.057687967729368,1.07,0.41516000000000003,0.97,1.8807936081512509,36.61850026430674,58.96537697663551,4.04,low,28.301324378187676,1.6666666666666667,17.4041095890411,22.34687671232877,76.36948656567661,67.87719965957336
P0510,82.65205479452055,54.14619026502945,1.7,0.6987,0.995,2.5758293035489004,270.17868087522595,410.68717402591085,16.54,high,854.8923338858889,1.6666666666666667,68.87671232876713,140.50849315068493,479.56388635467795,1745.0370696674022
P0511,151.06027397260274,100.20235945617286,4.07,1.57102,0.97,1.8807936081512509,674.2775962950709,1289.092911363564,44.41,low,5728.545192454001,0.4,30.21205479452055,614.8153150684932,1319.3049661580847,12889.873380357718
P0512,54.487671232876714,36.154400068141356,1.52,0.36936,0.995,2.5758293035489004,144.87242202605506,227.69368230002766,7.53,high,208.69187332901117,1.0,27.243835616438357,82.82126027397261,254.93751791646605,422.3294921804177
P0513,83.02191780821917,54.48842564507567,4.16,0.9193600000000001,0.985,2.17009037758456,336.46079725481786,681.8319753370097,16.07,medium,1034.3682631432027,0.5,20.755479452054793,345.37117808219176,702.5874547890644,2483.927687661258
P0514,82.68219178082192,54.09462441673197,0.84,0.20748,0.985,2.17009037758456,130.92582536422964,200.37886646012004,1.1,medium,27.551347598385718,0.6666666666666666,27.560730593607307,69.45304109589041,227.93959705372737,55.16138248700203
P0515,149.76164383561644,98.96220089550147,0.85,0.32384999999999997,0.985,2.17009037758456,257.8668978867623,385.1642951470362,59.67,medium,2943.5842741901597,0.4,29.95232876712329,127.29739726027397,415.1166239141595,5449.401968770738
P0516,41.345205479452055,27.098239273606694,2.47,0.5681,0.985,2.17009037758456,121.37600214387972,223.4986596781263,8.18,medium,189.93761170271821,0.6666666666666666,13.781735159817352,102.12265753424658,237.28039483794367,427.0097985503634
P0517,35.172602739726024,23.25173549161375,4.07,1.57102,0.97,1.8807936081512509,156.7737020783067,299.9261952289917,4.98,low,149.35762434521118,0.4,7.034520547945205,143.15249315068493,306.9607157769368,336.306160205212
P0518,210.95342465753424,139.91726566571893,2.02,0.33734000000000003,0.985,2.17009037758456,527.0949223377705,953.2208401459898,0.98,medium,98.81883935306377,0.6666666666666666,70.31780821917808,426.1259178082192,1023.5386483651678,220.67493258753018
P0519,70.35342465753425,46.47235407110156,3.5,0.7035,0.97,1.8807936081512509,216.3831557531593,462.6201420545292,34.08,low,1410.7429118042496,5.0,175.8835616438356,246.23698630136988,638.5037036983647,4787.245368848859
P0520,17.512328767123286,11.854798550917009,2.31,0.36729,0.97,1.8807936081512509,41.379559524372176,81.83303897642696,7.75,low,61.349694773090924,0.6666666666666666,5.837442922374429,40.45347945205479,87.6704818988014,149.47817163745637
P0521,255.17260273972602,167.13201439682047,2.97,0.8613,0.985,2.17009037758456,904.1689027778326,1662.0315329148189,67.21,medium,11625.410635003122,5.0,637.931506849315,757.8626301369864,2299.963039764134,34007.713498560435
P0522,198.75068493150684,138.85212618450663,3.36,1.4414399999999998,0.995,2.5758293035489004,1135.167382666072,1802.9696840359347,60.85,high,13214.33543630496,0.3333333333333333,33.12511415525114,667.8023013698629,1836.0947981911859,24579.801063385406
P0523,41.52328767123288,27.249007041834002,2.29,0.71677,0.985,2.17009037758456,126.91217945696093,222.00050822408423,103.42,medium,2510.9188451100504,1.0,20.76164383561644,95.0883287671233,242.76215205970067,5523.421588523133
P0524,41.75890410958904,28.113231777821756,1.31,0.42837000000000003,0.995,2.5758293035489004,109.05389781149448,163.75806219505614,36.57,high,762.9410690892155,1.6666666666666667,34.79908675799087,54.70416438356165,198.557148953047,1597.4716861868444
P0525,25.594520547945205,17.133925366492907,0.76,0.21356000000000003,0.97,1.8807936081512509,34.402622903243284,53.85445851968164,15.33,low,100.89242261172028,0.3333333333333333,4.265753424657534,19.451835616438355,58.120211944339175,196.0162268034783
P0526,20.6,13.868257692607655,1.68,0.56616,0.985,2.17009037758456,53.47440112741238,88.08240112741238,5.98,medium,61.17471488975976,1.0,10.3,34.608000000000004,98.38240112741238,129.43188692322371
P0527,82.7013698630137,54.143694886113174,1.03,0.33990000000000004,0.97,1.8807936081512509,133.50041066053996,218.68282161944407,43.3,low,1105.847749523742,2.5,103.37671232876713,85.18241095890411,322.0595339482112,3067.93912039066
P0528,30.106849315068494,19.9889277645846,3.58,1.5036,0.97,1.8807936081512509,127.58739845654739,235.3699190044926,6.87,low,167.68312524106588,0.5,7.526712328767124,107.78252054794521,242.89663133325973,367.1139685970888
P0529,293.0,193.69884294502575,3.66,1.2297600000000002,0.985,2.17009037758456,1289.8933896094559,2362.273389609456,106.24,medium,26216.01757970773,0.2,29.3,1072.38,2391.573389609456,55897.76652066389
P0530,41.24657534246575,27.01667211243289,4.07,1.57102,0.97,1.8807936081512509,183.1417593569249,351.01532100076054,32.58,low,1141.466847275387,0.4,8.249315068493152,167.87356164383561,359.2646360692537,2575.0652054899824
P0531,76.1972602739726,51.75284133146579,2.17,0.71827,0.995,2.5758293035489004,277.9966110621682,443.3446658566887,26.54,high,1411.449228408511,5.0,190.4931506849315,165.34805479452055,633.8378165416202,3700.8522432232126
P0532,200.71506849315068,133.11861981949178,1.92,0.816,0.985,2.17009037758456,615.6029306657658,1000.975862172615,55.97,medium,6591.447936052035,1.0,100.35753424657534,385.3729315068493,1101.3333964191904,13561.15864346806
P0533,22.610958904109587,15.73918224033448,2.87,1.18244,0.985,2.17009037758456,94.23279159752208,159.1262436523166,104.58,medium,1885.2785877905644,0.6666666666666666,7.536986301369862,64.89345205479452,166.66322995368648,3834.520929482437
P0534,259.8602739726027,172.64471453238494,2.02,0.33734000000000003,0.97,1.8807936081512509,563.5747564860887,1088.4925099107463,6.17,low,665.2142386558409,0.6666666666666666,86.6200913242009,524.9177534246575,1175.112601234947,1595.0978449163172
P0535,135.8027397260274,91.5395758593912,1.68,0.21336,0.985,2.17009037758456,304.8019641851824,532.9505669249083,754.25,medium,43980.27298005934,1.6666666666666667,113.1689497716895,228.14860273972602,646.1195166965979,107213.84200304997
P0536,41.49589041095891,27.25687955480011,4.07,1.3593800000000003,0.97,1.8807936081512509,170.3861141943512,339.27438816695394,41.66,low,1357.93288157745,0.4,8.299178082191782,168.88827397260278,347.57356624914576,3185.58124938667
P0537,241.8082191780822,158.73205164041005,1.73,0.45845,0.97,1.8807936081512509,511.2812341776163,929.6094533556984,4.47,low,437.2121440784938,0.2,24.18082191780822,418.3282191780822,953.7902752735067,937.9573567039664
P0538,17.616438356164384,11.992019022953409,1.73,0.45845,0.995,2.5758293035489004,52.49160806996151,82.9680464261259,9.72,high,97.60700408417888,0.2,1.7616438356164386,30.476438356164383,84.72969026174233,181.1859696557098
P0539,74.0958904109589,49.87786301886455,3.24,1.14372,0.97,1.8807936081512509,267.03154190597166,507.1022268374785,66.55,low,3399.659830474201,0.4,14.819178082191781,240.07068493150686,521.9214049196703,7641.451289428892
P0540,41.37808219178082,27.17100024941418,3.86,1.38188,0.995,2.5758293035489004,231.7192518083154,391.43864906858937,15.75,high,698.180180448533,2.5,51.72260273972603,159.71939726027395,443.16125180831534,1535.5537375158126
P0541,199.47671232876712,131.65596871791126,4.07,1.3593800000000003,0.985,2.17009037758456,947.2675336122517,1759.137752790334,17.72,medium,3211.154567855654,0.4,39.89534246575343,811.8702191780823,1799.0330952560873,7013.35061854633
P0542,23.863013698630137,16.092209456081015,2.29,0.85875,0.985,2.17009037758456,79.42741362443697,134.0737149943,13.57,medium,206.1935657690384,1.0,11.931506849315069,54.64630136986302,146.00522184361506,435.88398929192846
P0543,27.106849315068494,17.993804861606158,3.49,1.47278,0.985,2.17009037758456,130.24522832198681,224.84813243157586,5.73,medium,142.77142158495357,0.6666666666666666,9.035616438356165,94.60290410958905,233.88374886993202,294.8338538254363
P0544,145.53698630136986,96.2560509113402,3.58,1.5036,0.985,2.17009037758456,710.5060473146165,1231.5284582735208,108.04,medium,14685.10968470579,0.5,36.384246575342466,521.0224109589042,1267.912704848863,30136.763499011657
P0545,278.62191780821917,182.9605871256617,4.45,0.5829500000000001,0.985,2.17009037758456,1045.0085770153241,2284.8761112618995,8.14,medium,1627.305530190472,2.5,348.277397260274,1239.8675342465754,2633.1535085221735,4715.451303061509
P0546,185.51232876712328,129.54375978499417,4.46,0.85632,0.97,1.8807936081512509,684.2524157691502,1511.63740207052,15.87,low,2077.39033427514,0.6666666666666666,61.83744292237442,827.3849863013698,1573.4748449928943,5493.630073808191
P0547,351.3808219178082,230.74467399323797,4.07,1.57102,0.985,2.17009037758456,1802.0826170683738,3232.202562273853,16.82,medium,5798.631753217227,0.4,70.27616438356164,1430.1199452054793,3302.478726657415,12220.492280123097
P0548,82.45753424657535,54.071802887731884,2.47,0.5681,0.995,2.5758293035489004,287.44152218735655,491.11163177639764,21.63,high,1189.4080238963086,0.6666666666666666,27.485844748858447,203.67010958904112,518.5974765252561,2467.7979517930835
P0549,341.7671232876712,224.3301090296424,4.07,1.3593800000000003,0.985,2.17009037758456,1618.6138373305744,3009.6060291113963,4.53,medium,1402.7048263336092,0.4,68.35342465753425,1390.992191780822,3077.959453768931,3067.494391626117
P0550,170.14794520547946,111.93613282718267,1.52,0.36936,0.97,1.8807936081512509,327.98444032290354,586.6093170352324,43.58,low,2734.4205391651044,1.0,85.07397260273973,258.6248767123288,671.683289637972,6439.830707733021
P0551,242.4191780821918,159.35300906893033,1.92,0.816,0.985,2.17009037758456,739.8347843937662,1205.2796063115743,13.79,medium,1951.748494690268,1.0,121.2095890410959,465.4448219178082,1326.4891953526703,4024.302920860931
P0552,280.03287671232874,185.04881747857314,4.07,1.3593800000000003,0.995,2.5758293035489004,1579.3845509032467,2719.118359122425,52.45,high,15847.407245976145,0.4,56.00657534246575,1139.7338082191782,2775.1249344648904,32022.166618790372
P0553,41.27945205479452,27.08693249127415,1.7,0.6987,0.97,1.8807936081512509,98.62387214548205,168.79894063863273,1.52,low,28.678106822129738,1.6666666666666667,34.39954337899543,70.17506849315068,203.19848401762818,67.94957305549487
P0554,82.66575342465754,54.25315157498368,1.07,0.41516000000000003,0.985,2.17009037758456,164.165823655311,252.61817981969455,14.04,medium,440.93512704915184,1.6666666666666667,68.88812785388129,88.45235616438357,321.50630767357586,993.068683142141
P0555,165.47671232876712,108.66797212143834,2.31,0.36729,0.995,2.5758293035489004,521.3152005975437,903.5664060769957,15.68,high,1563.7642747663363,0.6666666666666666,55.15890410958904,382.25120547945204,958.7253101865847,3307.218830019642
P0556,245.41643835616438,166.47636783555618,2.31,0.36729,0.985,2.17009037758456,670.3159657408031,1237.227938343543,3.11,medium,398.80885544335433,0.6666666666666666,81.80547945205478,566.9119726027398,1319.0334177955976,902.4826644557478
P0557,20.915068493150685,14.062885366957838,0.76,0.21356000000000003,0.995,2.5758293035489004,38.651017120567666,54.54646917536218,5.69,high,42.07247237524052,0.3333333333333333,3.4858447488584474,15.89545205479452,58.03231392422063,72.64485057033939
P0558,191.46575342465752,125.91610260557857,0.85,0.32384999999999997,0.97,1.8807936081512509,284.6626589313178,447.40854934227673,52.13,low,2838.854061060619,0.4,38.293150684931504,162.74589041095888,485.7017000272082,5570.31851693204
P0559,332.6876712328767,218.44057955914093,1.68,0.56616,0.985,2.17009037758456,848.6549189822765,1407.5702066535093,7.17,medium,1164.0593645240374,1.0,166.34383561643835,558.9152876712328,1573.9140422699477,2482.6920102766153
P0560,81.42465753424658,55.25503254098148,1.92,0.816,0.985,2.17009037758456,252.98822589404173,409.32356835979516,143.78,medium,6958.628144513019,1.0,40.71232876712329,156.33534246575343,450.0358971269185,14235.355483559835
P0561,253.58904109589042,166.1637808831235,4.46,0.85632,0.97,1.8807936081512509,892.5729615003762,2023.5800847880473,12.74,low,2175.3943447767433,0.6666666666666666,84.5296803652968,1131.0071232876712,2108.109765153344,5908.6100497717935
P0562,41.51780821917808,27.241448615215507,3.36,1.19952,0.995,2.5758293035489004,208.906312905447,348.40614852188537,14.19,high,567.0988935897605,5.0,103.7945205479452,139.49983561643833,452.2006690698305,1411.6800487021967
P0563,41.42739726027397,27.10973457757335,0.85,0.32384999999999997,0.985,2.17009037758456,70.79308121617471,106.00636888740759,334.52,medium,4530.412466309259,0.4,8.285479452054794,35.21328767123288,114.29184833946238,8411.240003433728
P0564,98.42191780821918,67.37089861229691,4.16,0.9193600000000001,0.985,2.17009037758456,410.59422124556,820.0293993277518,14.12,medium,1109.1042511975718,0.5,24.605479452054794,409.4351780821918,844.6348787798065,2623.7737874415907
P0565,15.816438356164383,10.73848749375208,4.07,1.3593800000000003,0.995,2.5758293035489004,90.41304502079205,154.78594913038108,50.44,high,872.4308504232393,0.4,3.163287671232877,64.37290410958904,157.94923680161398,1752.73109094015
P0566,47.71780821917808,32.0673199094017,2.29,0.85875,0.995,2.5758293035489004,188.14088915347799,297.4146699753958,1.21,high,43.55052581970074,1.0,23.85890410958904,109.27378082191781,321.27357408498483,85.52302542142296
P0567,190.42465753424656,124.97104255885753,1.64,0.5920399999999999,0.985,2.17009037758456,488.5473080931518,800.8437464493161,6.82,medium,637.4055487504044,1.6666666666666667,158.68721461187215,312.29643835616434,959.5309610611882,1439.6802539762068
P0568,38.21369863013699,27.168447454846014,2.66,0.75012,0.985,2.17009037758456,131.70277431924458,233.351212675409,28.23,medium,711.26369581487,1.0,19.106849315068494,101.64843835616439,252.45806199047746,1567.9160397980593
P0569,265.63013698630135,173.94075873930572,0.84,0.20748,0.97,1.8807936081512509,364.833818659333,587.9631337278262,187.56,low,13090.618109655472,0.6666666666666666,88.54337899543378,223.12931506849313,676.5065127232599,27914.823535802418
P0570,82.69315068493151,54.252908791129904,2.04,0.58344,0.97,1.8807936081512509,197.43276275731762,366.12679015457786,6.64,low,250.79111290077356,1.6666666666666667,68.91095890410959,168.69402739726027,435.0377490586875,635.5031438249307
P0571,73.83013698630137,49.828427289951414,2.04,0.58344,0.97,1.8807936081512509,179.93241669519082,330.5458961472456,4.98,low,171.42083107065312,1.6666666666666667,61.525114155251146,150.6134794520548,392.0710103024968,429.5529988874155
P0572,20.528767123287672,13.845393166587133,1.07,0.41516000000000003,0.999,3.090232306167813,79.95581499707374,101.92159581899156,55.03,critical,623.5060031198539,1.6666666666666667,17.10730593607306,21.96578082191781,119.02890175506462,1441.0353019878655
P0573,15.857534246575343,10.811394043142826,1.34,0.19698,0.97,1.8807936081512509,27.899439265542444,49.148535155953404,20.93,low,111.70935481923195,5.0,39.64383561643836,21.24909589041096,88.79237077239176,408.8533504585551
P0574,223.1260273972603,148.5214695948153,4.32,1.83168,0.97,1.8807936081512509,1107.7940822600106,2071.6985206161753,30.01,low,6359.89399121482,0.3333333333333333,37.18767123287671,963.9044383561645,2108.886191849052,13923.288415825811
P0575,45.323287671232876,31.62598441567352,2.29,0.85875,0.985,2.17009037758456,153.9473706946373,257.7376994617606,29.92,medium,881.167976400331,1.0,22.661643835616438,103.79032876712328,280.399343297377,1845.7006373206546
P0576,41.347945205479455,27.17216229403271,2.04,0.58344,0.97,1.8807936081512509,98.83719012757228,183.18699834675039,26.55,low,502.0069804653477,1.6666666666666667,34.456621004566216,84.34980821917809,217.6436193513166,1271.2563806310402
P0577,27.095890410958905,17.99600412268128,1.73,0.45845,0.985,2.17009037758456,66.7115592504768,113.5874496614357,11.72,medium,149.57311684472123,0.2,2.7095890410958905,46.8758904109589,116.2970387025316,299.8602845906075
P0578,253.14246575342466,166.03425927243183,1.59,0.33072,0.995,2.5758293035489004,667.9164648201548,1070.4129853681002,23.16,high,2959.2764970014377,2.5,316.42808219178085,402.49652054794524,1386.841067559881,7066.232607431106
P0579,478.54246575342466,313.6074512729303,0.76,0.21356000000000003,0.97,1.8807936081512509,631.2965753511481,994.9888493237509,4.85,low,585.7334312171087,0.3333333333333333,79.75707762557077,363.6922739726028,1074.7459269493218,1146.7539040549261
P0580,54.323287671232876,36.11823730589022,2.31,0.36729,0.985,2.17009037758456,145.76454497138025,271.2513394919282,171.02,medium,4768.959605061912,0.6666666666666666,18.107762557077624,125.48679452054795,289.3591020490058,10886.962599132614
P0581,157.4958904109589,106.06219981839726,2.02,0.33734000000000003,0.97,1.8807936081512509,345.7016883797944,663.8433870099313,13.6,low,899.4256101150826,0.6666666666666666,52.4986301369863,318.141698630137,716.3420171469177,2143.295315303578
P0582,27.084931506849315,17.977272520095458,3.36,1.19952,0.985,2.17009037758456,115.48533198821708,206.49070185123077,39.83,medium,879.9580609390879,5.0,67.7123287671233,91.0053698630137,274.2030306183541,2402.7314760963895
P0583,234.98356164383563,155.9353196195854,1.31,0.42837000000000003,0.985,2.17009037758456,511.36225655820795,819.1907223116326,1.44,medium,140.86918511099154,1.6666666666666667,195.81963470319636,307.82846575342467,1015.010357014829,321.5552811022978
P0584,70.24383561643836,46.435033744727725,3.36,1.19952,0.985,2.17009037758456,298.89411211226843,534.9133997835013,1.78,medium,101.7799428723168,5.0,175.6095890410959,236.0192876712329,710.5229888245972,278.2408024237123
P0585,454.0191780821918,298.30002259025156,2.87,1.18244,0.97,1.8807936081512509,1594.6832776853332,2897.7183187812234,7.83,low,2388.6968818615264,0.6666666666666666,151.33972602739726,1303.0350410958904,3049.058044808621,5252.307387987331
P0586,106.45753424657535,70.4559443007469,1.52,0.36936,0.97,1.8807936081512509,206.23226538733212,368.04771744212667,26.58,low,1048.664169633881,1.0,53.228767123287675,161.81545205479452,421.2764845654143,2463.4563711447167
P0587,14.26849315068493,9.976578019887555,4.07,1.3593800000000003,0.995,2.5758293035489004,82.7994116598283,140.87217878311597,13.08,high,207.18572781941035,0.4,2.853698630136986,58.07276712328767,143.72587741325296,413.5855848443767
P0588,279.81369863013697,183.43127086326726,2.87,1.18244,0.97,1.8807936081512509,981.7747242140418,1784.840039282535,13.32,low,2501.732740727677,0.6666666666666666,93.27123287671232,803.0653150684931,1878.1112721592472,5503.617271935458
P0589,63.70958904109589,42.10652426666988,1.52,0.36936,0.985,2.17009037758456,142.2416010835612,239.08017642602692,13.88,medium,377.6947417989239,1.0,31.854794520547944,96.83857534246575,270.9349709465749,827.327027282461
P0590,41.41095890410959,27.1721393029286,1.7,0.6987,0.985,2.17009037758456,114.15361839068117,184.55224852766747,18.36,medium,400.9472133944691,1.6666666666666667,34.509132420091326,70.3986301369863,219.0613809477588,884.8327299241873
P0591,82.75616438356164,54.34786454730328,3.58,1.5036,0.985,2.17009037758456,402.84935230233884,699.1164207954896,10.5,medium,809.201742450785,0.5,20.68904109589041,296.2670684931507,719.80546189138,1662.7506169690878
P0592,60.11232876712329,39.743559659360024,3.86,1.38188,0.97,1.8807936081512509,246.58496053686076,478.6185495779566,98.69,low,4655.481170594969,2.5,75.14041095890411,232.0335890410959,553.7589605368607,12023.103799384213
P0593,104.23835616438356,69.31101792703373,2.02,0.33734000000000003,0.97,1.8807936081512509,226.23492772222335,436.7964071742781,39.56,low,1712.1459330017865,0.6666666666666666,34.74611872146119,210.56147945205478,471.54252589573935,4103.928911375799
P0594,41.47397260273973,27.17267751126332,1.64,0.5920399999999999,0.999,3.090232306167813,204.32378573228186,272.341100800775,20.54,critical,594.7171162428568,1.6666666666666667,34.561643835616444,68.01731506849315,306.90274463639145,1386.8321224629258
P0595,171.58904109589042,112.96370072625224,3.24,1.14372,0.985,2.17009037758456,705.2409617797443,1261.1894549304293,11.62,medium,1567.7199953858594,0.4,34.31780821917808,555.948493150685,1295.5072631496073,3311.834767515656
P0596,41.47123287671233,27.15032167180405,0.76,0.21356000000000003,0.985,2.17009037758456,63.068492431313814,94.58662941761519,7.2,medium,86.86999305321835,0.3333333333333333,6.911872146118721,31.51813698630137,101.49850156373391,160.77362647695452
P0597,70.1013698630137,46.27839933890397,1.7,0.6987,0.97,1.8807936081512509,168.09459245647895,287.26692122360225,107.32,low,3451.1135354212615,1.6666666666666667,58.417808219178085,119.17232876712329,345.68472944278034,8161.75473603582
P0598,41.347945205479455,27.11092451225294,3.89,1.31482,0.995,2.5758293035489004,225.8808680839999,386.72437493331495,22.26,high,961.8989453747517,0.3333333333333333,6.8913242009132425,160.84350684931508,393.6156991342282,1927.6148018001425
P0599,63.723287671232875,42.09268462632947,1.7,0.6987,0.97,1.8807936081512509,152.85517406415278,261.18476310524863,24.54,low,717.5952293369984,1.6666666666666667,53.102739726027394,108.32958904109589,314.287502831276,1696.775370285493
