date,P0000,P0001,P0002,P0003,P0004,P0005,P0006,P0007,P0008,P0009,P0010,P0011,P0012,P0013,P0014,P0015,P0016,P0017,P0018,P0019,P0020,P0021,P0022,P0023,P0024,P0025,P0026,P0027,P0028,P0029,P0030,P0031,P0032,P0033,P0034,P0035,P0036,P0037,P0038,P0039,P0040,P0041,P0042,P0043,P0044,P0045,P0046,P0047,P0048,P0049,P0050,P0051,P0052,P0053,P0054,P0055,P0056,P0057,P0058,P0059,P0060,P0061,P0062,P0063,P0064,P0065,P0066,P0067,P0068,P0069,P0070,P0071,P0072,P0073,P0074,P0075,P0076,P0077,P0078,P0079,P0080,P0081,P0082,P0083,P0084,P0085,P0086,P0087,P0088,P0089,P0090,P0091,P0092,P0093,P0094,P0095,P0096,P0097,P0098,P0099,P0100,P0101,P0102,P0103,P0104,P0105,P0106,P0107,P0108,P0109,P0110,P0111,P0112,P0113,P0114,P0115,P0116,P0117,P0118,P0119,P0120,P0121,P0122,P0123,P0124,P0125,P0126,P0127,P0128,P0129,P0130,P0131,P0132,P0133,P0134,P0135,P0136,P0137,P0138,P0139,P0140,P0141,P0142,P0143,P0144,P0145,P0146,P0147,P0148,P0149,P0150,P0151,P0152,P0153,P0154,P0155,P0156,P0157,P0158,P0159,P0160,P0161,P0162,P0163,P0164,P0165,P0166,P0167,P0168,P0169,P0170,P0171,P0172,P0173,P0174,P0175,P0176,P0177,P0178,P0179,P0180,P0181,P0182,P0183,P0184,P0185,P0186,P0187,P0188,P0189,P0190,P0191,P0192,P0193,P0194,P0195,P0196,P0197,P0198,P0199,P0200,P0201,P0202,P0203,P0204,P0205,P0206,P0207,P0208,P0209,P0210,P0211,P0212,P0213,P0214,P0215,P0216,P0217,P0218,P0219,P0220,P0221,P0222,P0223,P0224,P0225,P0226,P0227,P0228,P0229,P0230,P0231,P0232,P0233,P0234,P0235,P0236,P0237,P0238,P0239,P0240,P0241,P0242,P0243,P0244,P0245,P0246,P0247,P0248,P0249,P0250,P0251,P0252,P0253,P0254,P0255,P0256,P0257,P0258,P0259,P0260,P0261,P0262,P0263,P0264,P0265,P0266,P0267,P0268,P0269,P0270,P0271,P0272,P0273,P0274,P0275,P0276,P0277,P0278,P0279,P0280,P0281,P0282,P0283,P0284,P0285,P0286,P0287,P0288,P0289,P0290,P0291,P0292,P0293,P0294,P0295,P0296,P0297,P0298,P0299,P0300,P0301,P0302,P0303,P0304,P0305,P0306,P0307,P0308,P0309,P0310,P0311,P0312,P0313,P0314,P0315,P0316,P0317,P0318,P0319,P0320,P0321,P0322,P0323,P0324,P0325,P0326,P0327,P0328,P0329,P0330,P0331,P0332,P0333,P0334,P0335,P0336,P0337,P0338,P0339,P0340,P0341,P0342,P0343,P0344,P0345,P0346,P0347,P0348,P0349,P0350,P0351,P0352,P0353,P0354,P0355,P0356,P0357,P0358,P0359,P0360,P0361,P0362,P0363,P0364,P0365,P0366,P0367,P0368,P0369,P0370,P0371,P0372,P0373,P0374,P0375,P0376,P0377,P0378,P0379,P0380,P0381,P0382,P0383,P0384,P0385,P0386,P0387,P0388,P0389,P0390,P0391,P0392,P0393,P0394,P0395,P0396,P0397,P0398,P0399,P0400,P0401,P0402,P0403,P0404,P0405,P0406,P0407,P0408,P0409,P0410,P0411,P0412,P0413,P0414,P0415,P0416,P0417,P0418,P0419,P0420,P0421,P0422,P0423,P0424,P0425,P0426,P0427,P0428,P0429,P0430,P0431,P0432,P0433,P0434,P0435,P0436,P0437,P0438,P0439,P0440,P0441,P0442,P0443,P0444,P0445,P0446,P0447,P0448,P0449,P0450,P0451,P0452,P0453,P0454,P0455,P0456,P0457,P0458,P0459,P0460,P0461,P0462,P0463,P0464,P0465,P0466,P0467,P0468,P0469,P0470,P0471,P0472,P0473,P0474,P0475,P0476,P0477,P0478,P0479,P0480,P0481,P0482,P0483,P0484,P0485,P0486,P0487,P0488,P0489,P0490,P0491,P0492,P0493,P0494,P0495,P0496,P0497,P0498,P0499,P0500,P0501,P0502,P0503,P0504,P0505,P0506,P0507,P0508,P0509,P0510,P0511,P0512,P0513,P0514,P0515,P0516,P0517,P0518,P0519,P0520,P0521,P0522,P0523,P0524,P0525,P0526,P0527,P0528,P0529,P0530,P0531,P0532,P0533,P0534,P0535,P0536,P0537,P0538,P0539,P0540,P0541,P0542,P0543,P0544,P0545,P0546,P0547,P0548,P0549,P0550,P0551,P0552,P0553,P0554,P0555,P0556,P0557,P0558,P0559,P0560,P0561,P0562,P0563,P0564,P0565,P0566,P0567,P0568,P0569,P0570,P0571,P0572,P0573,P0574,P0575,P0576,P0577,P0578,P0579,P0580,P0581,P0582,P0583,P0584,P0585,P0586,P0587,P0588,P0589,P0590,P0591,P0592,P0593,P0594,P0595,P0596,P0597,P0598,P0599
2026-01-01,123,258,78,247,60,124,44,242,162,36,742,169,66,46,25,56,159,63,237,432,20,38,37,330,64,494,183,16,440,83,132,805,55,645,166,259,180,65,85,59,56,46,128,349,47,65,88,304,41,125,55,132,49,89,323,124,130,548,62,83,73,584,12,337,125,61,109,285,60,128,40,61,92,40,63,130,65,61,22,552,266,153,64,37,115,41,95,123,88,112,69,126,58,62,135,84,495,129,64,22,146,761,56,56,64,228,150,441,87,294,38,67,56,42,72,33,87,60,82,42,59,47,443,41,95,28,60,120,311,129,66,579,77,197,55,200,64,22,61,340,226,63,42,12,117,272,22,30,22,64,23,147,309,62,33,45,113,64,392,23,46,82,28,63,509,190,81,120,116,300,64,126,46,40,357,132,43,43,22,66,41,406,261,64,384,6,325,123,63,376,256,22,372,173,264,63,757,94,266,95,58,165,219,283,155,353,42,334,99,62,41,12,55,129,686,696,45,24,64,119,705,664,62,19,265,38,6,146,124,43,46,91,110,391,123,132,316,42,89,79,42,528,180,41,239,28,67,21,574,16,60,120,45,98,64,122,80,132,81,470,171,342,265,46,498,109,112,120,63,264,128,850,119,65,125,62,41,41,61,100,685,773,62,94,55,125,60,43,234,46,390,131,233,525,65,131,43,6,40,48,60,195,125,64,44,90,63,15,57,786,28,426,822,29,238,626,46,123,40,73,22,125,65,76,62,65,41,129,61,67,39,340,104,575,93,231,63,845,130,46,260,363,85,90,92,134,143,280,125,167,45,16,42,63,26,41,130,131,29,25,25,56,40,259,262,89,468,63,65,31,161,35,61,243,65,61,125,67,245,62,44,256,278,115,267,34,45,81,203,66,121,264,48,802,56,77,79,45,121,124,65,124,21,375,57,128,36,496,64,122,116,269,58,233,44,120,42,321,155,467,85,554,16,6,188,62,63,271,256,87,60,125,91,243,803,61,126,126,55,83,60,80,130,46,56,170,66,95,62,110,146,41,124,128,18,300,477,51,179,63,113,123,165,59,171,125,38,121,128,257,242,57,22,148,42,139,60,62,37,65,47,272,68,272,492,119,321,230,82,333,40,322,531,172,408,322,444,87,242,174,59,100,123,123,58,395,129,240,46,39,123,204,91,127,129,236,66,60,285,113,27,397,252,61,69,39,26,123,43,437,58,114,270,46,405,157,59,378,28,142,63,333,35,45,214,412,238,528,122,538,254,366,472,64,126,226,377,37,295,494,142,407,65,63,133,23,71,293,62,397,123,97,25,22,383,86,63,44,377,747,86,221,45,322,117,698,156,19,440,92,65,124,85,149,64,257,64,109,64,99
2026-01-02,113,272,84,229,59,119,41,253,169,33,722,174,62,47,31,53,126,60,247,421,19,40,31,330,59,454,211,13,427,86,121,730,50,659,159,251,154,64,81,63,51,40,115,300,46,60,81,268,42,120,47,113,50,80,336,122,121,517,61,77,76,546,20,291,122,59,99,251,50,114,42,49,79,40,59,120,59,49,25,480,248,143,57,63,101,44,93,113,81,127,59,121,59,63,127,86,542,118,62,22,153,730,52,49,59,254,117,387,82,233,41,62,50,45,67,31,76,58,60,43,50,48,439,43,89,27,61,114,254,126,60,605,64,178,50,216,63,17,60,316,189,64,46,20,121,237,17,27,23,62,23,133,288,56,35,46,92,58,363,31,39,75,28,61,435,201,87,111,124,259,59,113,40,42,355,115,39,72,23,60,44,384,237,62,372,10,296,118,58,329,202,16,382,178,259,59,685,99,251,93,51,173,202,263,112,361,44,330,96,58,46,20,51,124,587,641,48,31,63,111,730,629,60,21,241,31,10,156,116,39,44,79,93,372,118,125,293,42,76,80,41,442,187,45,227,51,66,22,556,12,51,126,34,95,60,116,86,124,82,425,169,349,257,41,554,104,97,128,63,229,110,693,133,62,121,59,44,43,61,111,645,730,60,78,50,124,64,40,240,48,371,123,196,525,60,126,40,10,45,44,60,176,115,63,40,81,60,14,56,815,25,399,748,28,233,628,49,120,43,116,23,114,61,59,59,58,43,147,60,52,42,327,88,593,97,231,59,807,121,38,258,353,82,92,73,124,129,286,121,148,48,13,41,59,30,38,108,124,27,30,29,50,36,229,260,84,490,61,62,26,155,35,59,251,56,60,125,80,253,61,38,292,243,97,222,33,44,78,197,56,117,264,63,729,49,80,86,41,121,119,60,131,22,363,53,124,43,477,57,119,104,326,50,218,33,99,44,336,115,458,83,532,13,10,175,58,57,235,247,85,65,116,100,267,713,57,120,125,53,83,59,94,123,45,52,138,59,90,62,122,161,36,119,123,20,284,494,58,221,60,102,122,185,48,203,124,29,129,141,243,258,56,24,162,42,106,59,60,30,60,38,267,62,254,440,124,358,220,86,334,29,326,398,195,389,323,388,94,260,154,49,119,113,121,65,385,119,219,49,28,119,231,83,125,124,213,61,51,298,98,27,376,280,58,59,37,30,122,44,431,57,118,279,35,374,195,59,357,28,108,64,296,34,41,206,417,264,483,111,532,236,337,409,61,118,236,377,30,270,462,123,394,59,60,149,22,63,274,53,389,132,105,30,24,302,68,57,40,372,677,81,229,37,333,110,683,155,20,391,94,60,121,89,145,60,237,60,98,63,89
2026-01-03,0,0,0,0,0,0,0,0,0,0,0,0,0,0,0,0,0,0,0,0,0,0,0,0,0,0,0,0,0,0,0,0,0,0,0,0,0,0,0,0,0,0,0,0,0,0,0,0,0,0,0,0,0,0,0,0,0,0,0,0,0,0,0,0,0,0,0,0,0,0,0,0,0,0,0,0,0,0,0,0,0,0,0,0,0,0,0,0,0,0,0,0,0,0,0,0,0,0,0,0,0,0,0,0,0,0,0,0,0,0,0,0,0,0,0,0,0,0,0,0,0,0,0,0,0,0,0,0,0,0,0,0,0,0,0,0,0,0,0,0,0,0,0,0,0,0,0,0,0,0,0,0,0,0,0,0,0,0,0,0,0,0,0,0,0,0,0,0,0,0,0,0,0,0,0,0,0,0,0,0,0,0,0,0,0,0,0,0,0,0,0,0,0,0,0,0,0,0,0,0,0,0,0,0,0,0,0,0,0,0,0,0,0,0,0,0,0,0,0,0,0,0,0,0,0,0,0,0,0,0,0,0,0,0,0,0,0,0,0,0,0,0,0,0,0,0,0,0,0,0,0,0,0,0,0,0,0,0,0,0,0,0,0,0,0,0,0,0,0,0,0,0,0,0,0,0,0,0,0,0,0,0,0,0,0,0,0,0,0,0,0,0,0,0,0,0,0,0,0,0,0,0,0,0,0,0,0,0,0,0,0,0,0,0,0,0,0,0,0,0,0,0,0,0,0,0,0,0,0,0,0,0,0,0,0,0,0,0,0,0,0,0,0,0,0,0,0,0,0,0,0,0,0,0,0,0,0,0,0,0,0,0,0,0,0,0,0,0,0,0,0,0,0,0,0,0,0,0,0,0,0,0,0,0,0,0,0,0,0,0,0,0,0,0,0,0,0,0,0,0,0,0,0,0,0,0,0,0,0,0,0,0,0,0,0,0,0,0,0,0,0,0,0,0,0,0,0,0,0,0,0,0,0,0,0,0,0,0,0,0,0,0,0,0,0,0,0,0,0,0,0,0,0,0,0,0,0,0,0,0,0,0,0,0,0,0,0,0,0,0,0,0,0,0,0,0,0,0,0,0,0,0,0,0,0,0,0,0,0,0,0,0,0,0,0,0,0,0,0,0,0,0,0,0,0,0,0,0,0,0,0,0,0,0,0,0,0,0,0,0,0,0,0,0,0,0,0,0,0,0,0,0,0,0,0,0,0,0,0,0,0,0,0,0,0,0,0,0,0,0,0,0,0,0,0,0,0,0,0,0,0,0,0,0,0,0,0,0,0,0,0,0,0,0,0,0,0,0,0,0,0,0,0,0,0,0,0,0,0,0,0,0,0,0,0,0,0,0,0,0
2026-01-04,0,0,0,0,0,0,0,0,0,0,0,0,0,0,0,0,0,0,0,0,0,0,0,0,0,0,0,0,0,0,0,0,0,0,0,0,0,0,0,0,0,0,0,0,0,0,0,0,0,0,0,0,0,0,0,0,0,0,0,0,0,0,0,0,0,0,0,0,0,0,0,0,0,0,0,0,0,0,0,0,0,0,0,0,0,0,0,0,0,0,0,0,0,0,0,0,0,0,0,0,0,0,0,0,0,0,0,0,0,0,0,0,0,0,0,0,0,0,0,0,0,0,0,0,0,0,0,0,0,0,0,0,0,0,0,0,0,0,0,0,0,0,0,0,0,0,0,0,0,0,0,0,0,0,0,0,0,0,0,0,0,0,0,0,0,0,0,0,0,0,0,0,0,0,0,0,0,0,0,0,0,0,0,0,0,0,0,0,0,0,0,0,0,0,0,0,0,0,0,0,0,0,0,0,0,0,0,0,0,0,0,0,0,0,0,0,0,0,0,0,0,0,0,0,0,0,0,0,0,0,0,0,0,0,0,0,0,0,0,0,0,0,0,0,0,0,0,0,0,0,0,0,0,0,0,0,0,0,0,0,0,0,0,0,0,0,0,0,0,0,0,0,0,0,0,0,0,0,0,0,0,0,0,0,0,0,0,0,0,0,0,0,0,0,0,0,0,0,0,0,0,0,0,0,0,0,0,0,0,0,0,0,0,0,0,0,0,0,0,0,0,0,0,0,0,0,0,0,0,0,0,0,0,0,0,0,0,0,0,0,0,0,0,0,0,0,0,0,0,0,0,0,0,0,0,0,0,0,0,0,0,0,0,0,0,0,0,0,0,0,0,0,0,0,0,0,0,0,0,0,0,0,0,0,0,0,0,0,0,0,0,0,0,0,0,0,0,0,0,0,0,0,0,0,0,0,0,0,0,0,0,0,0,0,0,0,0,0,0,0,0,0,0,0,0,0,0,0,0,0,0,0,0,0,0,0,0,0,0,0,0,0,0,0,0,0,0,0,0,0,0,0,0,0,0,0,0,0,0,0,0,0,0,0,0,0,0,0,0,0,0,0,0,0,0,0,0,0,0,0,0,0,0,0,0,0,0,0,0,0,0,0,0,0,0,0,0,0,0,0,0,0,0,0,0,0,0,0,0,0,0,0,0,0,0,0,0,0,0,0,0,0,0,0,0,0,0,0,0,0,0,0,0,0,0,0,0,0,0,0,0,0,0,0,0,0,0,0,0,0,0,0,0,0,0,0,0,0,0,0,0,0,0,0,0,0,0,0,0,0,0,0,0,0,0,0,0,0,0,0,0,0,0,0,0,0,0,0,0,0,0,0,0,0,0,0,0,0,0,0
2026-01-05,111,272,87,237,58,124,41,248,163,36,728,175,58,48,31,46,111,58,232,420,22,43,26,327,60,442,225,11,420,88,119,728,49,675,164,266,153,60,73,60,48,36,117,282,47,63,73,269,42,116,48,122,48,73,312,110,119,548,57,72,73,524,20,315,127,62,92,229,45,117,42,51,71,43,60,110,61,49,21,514,244,145,60,58,92,41,95,119,74,114,60,121,63,59,121,83,550,117,59,22,142,671,48,50,59,246,108,405,77,210,45,60,48,42,66,34,72,57,54,41,52,46,458,42,99,26,55,120,247,117,57,598,55,182,46,214,60,15,55,298,180,58,40,20,117,241,16,27,21,62,20,128,294,58,31,46,97,58,329,31,35,89,27,61,423,191,86,119,117,265,60,116,38,44,339,124,36,66,19,59,43,370,209,58,376,10,257,119,56,313,189,16,359,182,241,55,650,99,264,92,50,169,206,277,110,418,46,311,94,60,45,20,50,114,597,667,41,30,60,115,709,648,62,22,239,27,10,139,119,36,44,78,97,347,122,119,299,43,78,91,43,417,187,43,222,48,64,21,515,10,48,121,31,97,57,121,87,116,90,426,161,346,260,36,534,99,94,124,57,213,122,736,127,60,117,59,43,44,54,93,606,776,58,72,52,110,62,36,231,49,361,118,199,461,57,114,37,10,43,47,61,165,120,56,36,74,59,10,50,783,27,417,726,26,229,612,45,115,43,113,21,116,63,57,59,60,43,134,59,43,44,374,78,617,92,231,61,819,116,39,247,359,74,95,71,123,137,261,115,157,43,11,36,60,31,37,129,123,26,32,31,47,40,215,263,84,464,59,57,22,146,32,58,244,60,57,119,74,263,58,37,280,239,100,232,33,48,76,159,59,114,264,64,705,49,85,90,39,123,119,61,117,19,347,49,121,43,459,61,126,97,354,53,205,33,97,39,320,112,434,88,540,11,10,181,60,63,248,230,74,59,123,91,261,709,60,115,115,52,74,58,81,119,49,48,118,59,100,64,116,148,36,117,115,22,299,485,63,237,62,92,126,174,51,224,124,26,115,135,231,261,50,21,164,44,104,58,59,27,59,33,277,69,250,427,123,333,211,86,312,27,324,382,213,392,327,399,103,233,164,49,126,112,121,57,387,114,222,47,25,110,211,74,110,116,217,60,50,300,99,26,334,311,57,56,39,31,118,44,455,54,106,283,32,362,210,61,352,26,96,57,271,34,36,215,364,282,479,112,490,253,367,396,59,119,240,377,25,282,483,119,377,59,59,132,21,64,284,40,363,120,108,33,20,305,65,63,35,366,675,73,241,37,351,93,637,153,23,403,98,58,120,87,147,60,244,59,101,59,93
2026-01-06,115,285,113,261,57,117,28,256,152,38,700,184,55,46,36,48,95,56,220,425,29,54,22,336,55,448,242,9,372,92,110,717,49,682,154,250,114,59,56,55,48,28,115,291,48,59,52,263,43,113,47,113,50,51,332,108,111,586,60,54,55,502,14,309,113,56,72,166,49,112,46,48,54,45,55,112,54,52,17,466,244,150,56,43,97,43,94,114,57,111,54,119,56,55,114,89,565,112,57,16,163,686,48,48,55,258,85,361,57,148,60,51,51,31,74,39,56,56,38,42,48,45,445,44,99,19,55,113,180,110,56,560,41,170,48,217,55,12,55,344,135,57,30,14,109,240,12,18,17,53,16,142,311,55,37,48,96,59,355,35,28,85,19,57,441,215,90,119,113,251,56,113,29,46,316,116,28,48,16,57,43,327,228,52,379,7,211,112,56,301,139,12,376,195,251,54,664,92,249,94,47,168,195,273,79,368,44,316,88,55,42,14,49,111,551,606,32,37,54,119,638,580,57,28,228,21,7,111,113,28,34,57,101,310,110,107,285,45,56,107,43,291,197,43,196,36,70,16,571,9,52,113,24,97,54,111,96,109,86,474,178,320,230,26,502,94,100,120,56,223,109,689,110,55,110,56,43,42,54,73,617,727,55,57,50,83,57,28,214,49,360,104,210,431,55,119,29,7,47,50,57,121,110,57,30,56,52,9,39,675,19,401,678,18,212,599,50,109,44,87,16,110,58,45,53,56,43,139,56,35,42,347,64,579,99,215,55,741,114,28,242,336,52,90,55,112,136,260,114,179,33,9,28,56,36,39,117,110,20,35,33,48,37,161,254,91,436,57,57,18,178,38,54,235,54,55,110,54,242,56,27,297,166,99,220,38,48,78,130,57,110,239,71,671,48,107,93,28,110,115,57,110,17,316,48,116,57,457,56,109,103,353,40,229,25,101,32,269,80,413,92,465,9,7,179,58,57,247,169,51,57,108,94,289,670,57,114,111,38,55,58,91,117,46,49,100,52,90,57,80,146,42,104,112,29,286,479,73,255,55,99,107,128,50,233,112,22,116,144,180,263,35,16,153,43,73,54,58,23,55,26,279,74,256,449,109,338,189,86,311,20,317,292,239,353,345,407,94,215,115,51,146,112,110,53,406,112,223,46,19,109,226,57,113,113,221,56,52,309,96,20,337,361,62,44,38,37,113,44,457,54,87,306,24,264,222,57,342,18,74,55,284,38,29,221,385,376,468,107,448,209,317,386,54,110,243,278,20,268,442,89,317,55,57,103,16,75,270,34,380,114,124,34,16,236,50,57,28,358,644,56,251,29,336,103,604,143,27,388,98,57,107,86,163,59,242,58,96,57,94
2026-01-07,101,217,69,224,53,105,33,224,120,32,645,136,51,36,21,49,150,50,199,340,17,34,32,247,48,382,152,15,330,76,94,654,45,490,121,228,143,50,64,51,45,35,101,291,36,48,65,221,35,95,45,102,35,68,266,105,101,478,53,67,65,498,8,281,104,53,68,213,48,96,37,47,69,35,51,100,51,49,19,470,223,142,52,23,97,36,74,108,71,105,47,104,51,51,97,72,417,103,50,19,129,609,44,47,49,205,123,379,68,198,34,52,50,39,63,33,65,53,59,37,47,37,360,37,71,20,52,107,237,101,50,448,58,180,46,153,49,15,50,266,169,52,38,8,104,236,15,19,19,50,18,126,277,54,33,36,92,51,342,22,34,73,20,52,387,166,74,103,100,230,55,98,32,38,317,101,33,30,18,50,35,330,225,52,303,4,266,97,52,287,189,15,314,143,221,55,563,74,212,74,48,147,185,234,103,284,37,270,67,51,34,8,48,103,542,577,39,21,52,104,593,549,52,17,216,31,4,126,99,35,38,67,94,301,105,107,244,36,67,72,33,430,158,36,193,19,64,18,530,15,50,101,30,71,48,97,71,101,70,409,145,292,226,36,385,100,94,101,51,211,98,691,107,51,105,51,37,35,48,88,578,652,56,68,46,106,50,35,219,37,267,97,176,416,51,105,33,4,35,36,51,145,101,51,34,71,53,15,38,662,19,321,693,19,187,508,35,102,36,48,19,106,54,61,52,49,35,116,51,63,35,275,102,462,74,187,50,703,100,32,212,298,71,76,67,95,108,220,98,133,36,15,34,48,21,33,105,105,19,21,22,49,34,191,214,70,409,53,54,31,137,31,50,205,50,50,102,61,219,52,35,212,217,98,199,33,34,65,155,50,98,220,41,614,49,67,78,34,100,101,49,103,21,287,48,103,34,384,51,90,91,221,38,208,30,90,39,277,102,362,68,449,14,4,134,51,54,204,177,71,51,102,70,220,576,49,102,104,38,69,54,71,91,35,47,135,50,71,48,81,115,32,103,104,16,250,393,44,169,50,93,110,109,46,141,108,30,102,107,215,220,36,19,114,35,106,52,51,29,52,42,239,63,232,405,103,282,176,73,261,30,272,398,137,321,269,385,74,208,139,48,85,93,107,52,346,106,186,37,28,98,185,69,106,107,208,51,48,253,85,18,323,253,52,59,33,19,104,35,329,50,75,233,29,326,142,53,299,20,103,50,283,32,34,191,339,229,424,100,429,198,299,367,46,98,199,269,29,237,388,85,320,51,53,121,19,63,236,61,324,101,74,21,19,304,59,49,35,318,589,67,200,34,283,96,550,124,17,341,73,52,106,68,129,49,217,54,95,50,76
2026-01-08,102,268,46,203,54,104,40,225,124,33,683,148,50,33,23,43,176,52,201,301,11,23,32,262,53,270,162,18,384,81,107,629,41,487,112,207,166,54,85,56,42,42,102,267,34,53,83,239,42,111,42,110,33,85,277,102,105,486,52,85,104,497,21,258,104,54,74,248,45,109,39,43,83,42,51,110,52,40,31,467,232,143,55,64,83,42,67,110,84,108,54,110,50,54,106,80,468,109,53,31,137,602,44,44,53,245,122,349,79,141,24,51,42,63,65,30,85,56,60,40,41,33,328,41,70,22,52,102,268,107,51,428,57,156,41,150,51,11,52,209,195,56,61,22,99,221,10,22,29,55,30,117,276,54,32,35,87,54,310,24,40,81,21,56,337,191,81,108,103,249,54,109,40,41,308,106,40,71,31,52,40,323,188,54,321,11,283,99,56,271,193,10,329,116,244,54,614,67,235,65,39,169,189,262,75,283,40,283,63,50,44,23,45,102,484,525,62,22,54,103,663,590,55,12,206,31,12,206,99,40,55,87,88,315,108,102,247,43,87,49,43,428,178,39,217,57,59,31,473,19,40,100,21,68,54,106,78,108,83,380,164,297,230,40,388,82,81,105,52,175,97,635,102,52,101,54,41,42,58,140,559,654,51,87,42,175,52,40,205,33,260,108,129,438,50,106,41,11,43,36,53,192,106,54,42,83,56,19,44,697,23,263,720,22,203,467,35,106,42,128,30,101,57,62,50,55,42,134,56,76,42,248,128,388,65,187,50,687,102,39,239,293,112,68,78,106,77,236,110,89,60,19,44,53,24,23,104,103,21,24,23,42,22,221,230,81,400,55,55,35,142,31,51,253,53,50,110,102,243,51,42,195,267,85,193,32,34,47,200,52,103,230,46,651,44,49,84,40,104,108,55,102,30,307,42,109,25,400,53,106,84,275,43,179,23,88,59,281,75,389,85,449,19,10,121,50,55,226,173,83,56,102,68,243,640,52,106,106,43,84,52,87,110,34,41,129,54,67,54,99,117,23,105,112,12,207,419,46,168,56,86,99,140,45,168,101,30,105,137,275,258,43,30,124,42,100,51,53,31,52,57,240,63,218,335,111,231,189,87,278,31,300,402,147,345,324,326,70,227,159,38,88,103,103,54,393,106,189,36,30,102,210,84,102,110,181,51,44,293,86,23,366,164,55,61,23,22,109,40,291,53,97,274,22,415,170,54,305,22,102,49,232,30,40,164,336,158,428,115,432,232,295,372,52,104,198,310,30,231,449,101,348,55,55,190,28,60,224,78,341,101,85,23,29,349,43,53,39,304,600,86,210,40,341,82,574,159,12,346,68,53,109,86,138,54,223,53,84,52,68
2026-01-09,103,240,66,213,49,97,31,211,117,30,599,136,51,36,24,42,133,46,192,327,17,36,26,245,52,346,169,13,336,74,98,596,43,481,118,193,127,45,67,50,41,32,96,265,35,48,63,222,36,99,42,98,36,63,246,96,100,470,48,69,65,453,15,255,99,51,68,194,44,94,38,43,64,38,49,94,49,41,21,404,218,130,53,44,79,37,72,99,64,94,50,104,50,50,99,73,460,97,52,21,128,616,42,44,48,209,100,353,64,157,34,49,43,39,59,31,64,49,47,35,43,37,362,36,75,19,49,93,206,102,48,427,50,163,42,168,49,12,49,257,156,49,40,14,90,219,12,19,19,50,20,122,270,49,30,37,86,50,293,25,32,73,18,52,348,175,75,101,96,224,46,99,31,36,297,95,33,53,19,49,36,312,210,48,306,7,226,98,52,259,167,13,304,142,220,48,553,73,209,73,42,147,180,222,84,299,36,275,70,48,37,14,43,100,472,521,40,23,49,98,561,505,51,17,195,24,7,140,92,32,40,61,88,288,94,94,222,36,64,69,37,344,162,36,187,34,63,21,487,13,41,94,25,71,47,102,76,101,75,395,154,268,210,31,410,84,79,103,51,182,96,596,96,47,100,49,36,37,49,95,535,639,49,62,40,113,50,32,199,34,287,97,159,408,47,92,32,7,34,36,49,126,99,47,30,63,49,13,39,671,20,293,616,20,179,459,37,99,38,79,20,96,49,48,49,50,37,112,49,54,38,253,93,477,74,185,48,641,100,32,208,292,74,73,66,100,108,227,97,115,41,13,33,51,25,30,103,99,19,23,24,39,28,179,223,76,364,49,49,28,135,29,52,218,47,51,103,67,239,49,33,217,201,86,189,31,34,58,142,49,95,224,48,625,40,68,73,33,99,92,48,98,20,273,41,102,35,372,52,99,85,265,39,187,25,85,41,270,86,351,73,447,13,7,138,49,49,202,169,63,49,95,66,213,618,48,98,97,36,66,50,75,104,38,43,108,50,75,52,85,128,29,99,96,18,212,409,48,172,49,81,99,120,43,168,101,26,102,111,199,220,37,20,132,36,88,47,49,22,44,40,230,57,229,377,95,269,170,70,251,25,278,347,152,325,293,342,73,188,133,44,100,94,96,50,380,98,177,35,26,101,194,62,102,100,194,51,43,251,87,18,306,241,49,48,29,25,99,37,339,48,80,241,24,333,155,51,282,19,88,49,231,28,32,166,324,205,435,93,401,206,298,335,49,99,200,265,25,218,408,90,295,50,51,126,19,61,209,48,308,97,85,24,20,278,48,49,35,308,598,63,199,32,293,83,537,133,17,339,73,48,100,70,129,51,217,49,81,48,75
2026-01-10,0,0,0,0,0,0,0,0,0,0,0,0,0,0,0,0,0,0,0,0,0,0,0,0,0,0,0,0,0,0,0,0,0,0,0,0,0,0,0,0,0,0,0,0,0,0,0,0,0,0,0,0,0,0,0,0,0,0,0,0,0,0,0,0,0,0,0,0,0,0,0,0,0,0,0,0,0,0,0,0,0,0,0,0,0,0,0,0,0,0,0,0,0,0,0,0,0,0,0,0,0,0,0,0,0,0,0,0,0,0,0,0,0,0,0,0,0,0,0,0,0,0,0,0,0,0,0,0,0,0,0,0,0,0,0,0,0,0,0,0,0,0,0,0,0,0,0,0,0,0,0,0,0,0,0,0,0,0,0,0,0,0,0,0,0,0,0,0,0,0,0,0,0,0,0,0,0,0,0,0,0,0,0,0,0,0,0,0,0,0,0,0,0,0,0,0,0,0,0,0,0,0,0,0,0,0,0,0,0,0,0,0,0,0,0,0,0,0,0,0,0,0,0,0,0,0,0,0,0,0,0,0,0,0,0,0,0,0,0,0,0,0,0,0,0,0,0,0,0,0,0,0,0,0,0,0,0,0,0,0,0,0,0,0,0,0,0,0,0,0,0,0,0,0,0,0,0,0,0,0,0,0,0,0,0,0,0,0,0,0,0,0,0,0,0,0,0,0,0,0,0,0,0,0,0,0,0,0,0,0,0,0,0,0,0,0,0,0,0,0,0,0,0,0,0,0,0,0,0,0,0,0,0,0,0,0,0,0,0,0,0,0,0,0,0,0,0,0,0,0,0,0,0,0,0,0,0,0,0,0,0,0,0,0,0,0,0,0,0,0,0,0,0,0,0,0,0,0,0,0,0,0,0,0,0,0,0,0,0,0,0,0,0,0,0,0,0,0,0,0,0,0,0,0,0,0,0,0,0,0,0,0,0,0,0,0,0,0,0,0,0,0,0,0,0,0,0,0,0,0,0,0,0,0,0,0,0,0,0,0,0,0,0,0,0,0,0,0,0,0,0,0,0,0,0,0,0,0,0,0,0,0,0,0,0,0,0,0,0,0,0,0,0,0,0,0,0,0,0,0,0,0,0,0,0,0,0,0,0,0,0,0,0,0,0,0,0,0,0,0,0,0,0,0,0,0,0,0,0,0,0,0,0,0,0,0,0,0,0,0,0,0,0,0,0,0,0,0,0,0,0,0,0,0,0,0,0,0,0,0,0,0,0,0,0,0,0,0,0,0,0,0,0,0,0,0,0,0,0,0,0,0,0,0,0,0,0,0,0,0,0,0,0,0,0,0,0,0,0,0,0,0,0,0,0,0,0,0,0,0,0,0,0,0,0,0,0,0,0,0
2026-01-11,0,0,0,0,0,0,0,0,0,0,0,0,0,0,0,0,0,0,0,0,0,0,0,0,0,0,0,0,0,0,0,0,0,0,0,0,0,0,0,0,0,0,0,0,0,0,0,0,0,0,0,0,0,0,0,0,0,0,0,0,0,0,0,0,0,0,0,0,0,0,0,0,0,0,0,0,0,0,0,0,0,0,0,0,0,0,0,0,0,0,0,0,0,0,0,0,0,0,0,0,0,0,0,0,0,0,0,0,0,0,0,0,0,0,0,0,0,0,0,0,0,0,0,0,0,0,0,0,0,0,0,0,0,0,0,0,0,0,0,0,0,0,0,0,0,0,0,0,0,0,0,0,0,0,0,0,0,0,0,0,0,0,0,0,0,0,0,0,0,0,0,0,0,0,0,0,0,0,0,0,0,0,0,0,0,0,0,0,0,0,0,0,0,0,0,0,0,0,0,0,0,0,0,0,0,0,0,0,0,0,0,0,0,0,0,0,0,0,0,0,0,0,0,0,0,0,0,0,0,0,0,0,0,0,0,0,0,0,0,0,0,0,0,0,0,0,0,0,0,0,0,0,0,0,0,0,0,0,0,0,0,0,0,0,0,0,0,0,0,0,0,0,0,0,0,0,0,0,0,0,0,0,0,0,0,0,0,0,0,0,0,0,0,0,0,0,0,0,0,0,0,0,0,0,0,0,0,0,0,0,0,0,0,0,0,0,0,0,0,0,0,0,0,0,0,0,0,0,0,0,0,0,0,0,0,0,0,0,0,0,0,0,0,0,0,0,0,0,0,0,0,0,0,0,0,0,0,0,0,0,0,0,0,0,0,0,0,0,0,0,0,0,0,0,0,0,0,0,0,0,0,0,0,0,0,0,0,0,0,0,0,0,0,0,0,0,0,0,0,0,0,0,0,0,0,0,0,0,0,0,0,0,0,0,0,0,0,0,0,0,0,0,0,0,0,0,0,0,0,0,0,0,0,0,0,0,0,0,0,0,0,0,0,0,0,0,0,0,0,0,0,0,0,0,0,0,0,0,0,0,0,0,0,0,0,0,0,0,0,0,0,0,0,0,0,0,0,0,0,0,0,0,0,0,0,0,0,0,0,0,0,0,0,0,0,0,0,0,0,0,0,0,0,0,0,0,0,0,0,0,0,0,0,0,0,0,0,0,0,0,0,0,0,0,0,0,0,0,0,0,0,0,0,0,0,0,0,0,0,0,0,0,0,0,0,0,0,0,0,0,0,0,0,0,0,0,0,0,0,0,0,0,0,0,0,0,0,0,0,0,0,0,0,0,0,0,0,0,0,0,0,0,0,0,0,0,0,0,0,0,0,0,0,0,0,0,0,0,0,0
2026-01-12,148,348,93,290,73,145,44,300,188,41,868,211,69,49,37,53,170,71,278,480,24,46,34,355,69,432,267,16,489,103,136,933,53,718,177,305,183,68,93,74,58,45,138,336,53,69,89,307,56,144,54,135,50,91,362,141,134,651,70,96,115,591,28,338,148,72,107,290,57,148,55,53,82,52,71,151,72,56,32,606,312,175,70,87,110,53,103,138,91,147,68,140,74,70,148,107,585,141,68,31,194,860,55,56,74,339,127,448,89,208,47,72,55,65,84,40,94,69,65,54,54,52,511,54,112,32,69,139,299,137,70,634,65,209,59,222,70,16,70,333,230,73,64,27,139,301,15,30,29,70,30,162,369,70,39,50,112,68,405,38,47,109,30,68,490,238,103,142,144,305,63,141,46,54,451,137,48,102,33,71,57,443,275,68,450,14,315,150,67,326,210,17,424,212,298,69,847,103,303,110,55,211,245,319,107,434,52,410,110,67,54,27,59,141,661,725,61,36,74,146,764,699,68,24,300,34,15,217,138,48,63,93,104,402,136,140,344,52,94,91,53,471,220,54,275,69,83,32,625,17,56,141,33,107,64,134,101,148,114,539,225,391,309,47,589,107,112,133,72,248,137,806,141,70,145,70,52,56,71,143,716,865,68,100,53,163,69,48,258,52,405,130,205,613,74,138,47,14,54,56,68,216,144,69,47,88,70,17,62,911,31,434,906,30,264,706,54,137,55,182,30,141,70,64,73,74,52,174,73,70,55,394,111,651,107,262,73,959,140,52,294,413,116,108,92,152,149,306,135,162,63,17,45,66,39,39,138,146,31,38,36,55,40,264,327,105,531,71,70,33,180,41,71,310,70,72,136,109,307,72,45,310,306,113,269,39,49,80,213,70,139,289,72,772,55,92,115,44,143,133,70,150,32,374,56,145,44,551,74,144,112,419,58,243,32,115,61,374,113,469,118,596,17,13,195,71,68,310,268,89,71,144,107,297,811,73,142,144,59,96,73,109,133,55,54,142,71,115,63,133,184,40,136,146,23,329,559,70,264,68,116,144,188,57,262,148,33,136,180,317,309,60,30,195,54,113,71,72,33,70,47,326,83,315,489,133,395,260,107,398,34,376,411,242,419,425,453,101,271,192,55,149,147,146,69,529,134,262,49,34,140,256,87,140,145,238,71,55,376,115,28,428,323,67,65,38,37,145,55,496,71,120,376,33,453,246,75,415,30,122,73,320,41,46,216,452,296,615,134,584,302,420,438,71,141,288,434,33,327,584,138,419,69,69,192,31,76,337,64,445,141,141,37,30,388,64,70,47,424,824,98,267,47,410,116,758,206,24,468,106,71,139,107,181,70,291,73,109,70,114
2026-01-13,129,320,95,301,64,127,42,282,172,42,766,183,66,48,31,56,164,66,249,440,25,49,35,373,68,490,214,16,445,94,140,814,56,683,161,271,156,69,84,66,62,43,135,353,48,67,88,294,47,130,59,133,47,81,367,127,126,582,65,86,83,641,14,341,131,67,95,272,58,132,49,63,85,49,69,136,63,58,25,548,260,183,69,42,119,50,98,135,80,138,71,137,65,67,133,98,551,132,68,25,178,789,57,57,69,281,141,476,81,221,49,65,58,47,77,42,83,64,66,48,61,49,486,46,93,25,66,130,254,127,62,618,71,222,58,217,67,18,64,372,219,69,46,13,140,282,19,25,24,65,24,160,393,64,45,47,109,66,396,31,42,93,25,71,527,228,94,133,130,304,65,128,41,49,406,132,43,49,25,66,46,417,281,65,399,7,299,131,68,390,224,18,402,199,277,68,764,93,282,97,61,180,241,302,114,378,48,377,102,65,48,15,59,138,660,691,44,30,65,132,811,711,68,24,267,33,7,163,130,43,48,85,112,415,127,132,338,49,86,98,50,508,215,48,248,35,83,23,624,17,60,135,37,99,66,133,99,126,92,561,189,370,276,43,534,117,126,128,67,247,136,861,131,63,130,61,50,48,67,113,760,814,64,83,58,126,62,43,265,49,397,138,227,516,66,127,41,7,49,52,65,208,128,65,39,89,64,18,52,898,27,401,895,25,235,605,47,133,48,86,25,138,68,71,66,68,47,159,62,63,47,357,117,648,106,233,66,924,127,44,285,409,90,95,79,137,150,305,129,175,50,17,42,67,30,39,145,131,25,30,32,57,42,237,297,98,502,67,68,33,177,42,65,267,65,66,129,76,302,63,44,296,273,120,241,41,48,82,192,69,135,273,63,784,56,98,97,44,128,126,69,135,24,419,61,131,47,532,66,135,114,319,46,262,34,125,51,358,125,476,99,580,16,7,188,65,67,259,232,83,65,126,94,287,832,65,128,126,51,79,68,97,143,50,59,159,67,96,70,112,164,43,131,132,23,304,543,60,224,69,121,131,167,59,218,136,36,144,146,264,279,51,24,155,50,128,65,62,35,67,49,321,82,293,498,123,370,238,99,360,37,356,491,211,411,375,450,95,260,169,57,120,128,132,66,435,129,243,46,32,130,235,81,133,127,223,66,58,337,119,26,402,326,66,72,44,34,133,51,452,64,104,301,36,427,193,69,396,26,116,68,336,42,41,235,479,328,576,130,536,268,398,464,65,132,263,345,34,314,536,119,406,67,68,148,23,79,308,75,390,134,106,29,23,357,70,65,40,425,750,80,265,42,372,116,749,157,24,448,99,67,140,100,173,70,283,69,118,64,92
2026-01-14,107,259,81,247,53,105,36,220,131,35,686,144,57,38,24,50,151,55,221,361,19,39,32,250,53,404,170,16,362,78,105,650,50,495,130,230,146,54,71,53,52,35,106,300,38,53,69,235,38,103,50,105,37,74,293,110,108,521,55,69,64,528,8,309,106,50,67,222,53,107,42,50,72,40,53,100,56,49,20,453,232,164,53,25,97,39,73,109,73,109,54,109,51,52,109,76,484,102,55,21,130,684,48,51,53,228,128,386,68,190,40,55,48,41,73,36,68,52,62,40,52,40,366,43,77,19,55,115,227,105,52,479,61,186,50,169,52,15,55,300,184,54,40,8,106,240,15,18,20,55,20,142,310,54,38,38,96,53,363,23,34,80,20,56,443,177,75,110,103,268,53,109,34,40,310,108,34,29,21,53,39,350,229,55,343,4,264,107,54,308,203,15,349,142,216,53,598,69,217,75,51,155,211,239,97,317,40,297,71,51,37,8,49,106,593,538,37,24,56,108,647,595,54,19,227,28,4,138,111,35,38,67,103,320,107,101,281,37,71,77,38,445,176,39,211,21,68,19,540,16,50,111,28,79,56,105,76,102,78,446,149,288,228,36,395,102,105,112,55,220,103,737,106,53,108,51,39,38,55,98,565,665,53,70,49,98,52,35,246,38,291,107,187,460,53,112,36,4,37,38,55,162,110,52,37,71,53,16,40,677,19,346,694,18,214,474,37,110,40,50,20,110,52,59,55,57,38,123,53,60,39,285,110,488,76,197,54,726,106,35,224,316,76,78,67,109,115,228,106,132,39,17,36,53,22,31,104,106,18,23,23,49,34,213,236,77,403,55,55,31,160,35,57,206,53,56,109,62,242,52,35,240,228,101,213,37,37,65,156,55,112,228,47,628,51,79,73,38,113,108,51,115,20,324,51,111,39,428,52,101,92,240,38,219,30,105,38,281,108,400,76,493,16,4,154,53,51,225,189,67,55,108,76,238,663,54,105,108,39,70,55,77,105,39,49,137,54,78,56,82,116,32,111,115,18,230,453,44,166,58,102,106,120,51,158,101,31,103,122,219,239,39,19,120,38,110,52,54,33,57,45,251,73,245,415,108,277,191,83,271,32,292,419,154,369,304,370,76,209,144,48,95,108,109,53,390,107,192,38,29,110,191,71,112,109,221,53,50,280,104,19,343,269,52,62,35,23,108,40,352,56,77,266,32,329,142,51,309,19,105,53,281,32,34,200,385,251,424,107,445,212,306,404,55,113,201,248,33,240,443,83,322,54,54,133,19,74,258,62,345,109,73,23,20,304,61,54,35,329,693,69,234,35,316,99,593,139,19,377,72,51,107,78,142,55,232,54,97,54,75
2026-01-15,151,357,82,285,71,148,50,289,202,43,874,211,76,53,32,63,188,71,275,496,20,40,38,367,71,491,222,21,487,107,148,897,59,721,176,308,209,78,106,71,61,52,142,390,53,73,104,337,52,153,61,144,58,102,403,146,148,652,75,103,104,659,24,375,145,75,123,331,60,142,50,58,110,52,74,146,72,63,30,626,298,195,71,73,119,55,113,142,108,138,75,147,75,72,139,101,595,148,71,33,170,831,61,65,72,299,164,454,108,267,39,75,66,65,81,39,107,73,85,52,66,53,504,54,103,33,71,147,348,142,79,624,83,224,59,220,78,21,76,341,272,74,61,25,149,299,23,32,33,75,33,163,367,76,42,52,116,73,417,33,55,102,34,71,524,250,108,139,148,305,70,152,54,55,411,160,52,84,32,74,52,457,288,75,437,12,383,157,75,379,267,22,467,194,306,71,784,108,313,105,66,212,250,336,146,444,52,392,104,72,49,24,62,144,719,775,62,34,71,139,816,770,74,20,312,41,11,228,141,55,64,102,117,429,139,145,353,51,109,79,53,589,240,52,264,59,84,31,668,21,61,150,45,107,72,146,101,142,102,496,205,418,310,53,548,118,116,147,74,248,142,891,145,72,148,74,53,53,77,152,787,925,77,101,62,177,77,56,290,54,403,151,217,649,76,149,54,12,53,53,68,226,149,70,55,106,75,20,64,923,33,450,969,34,287,724,52,148,51,143,32,152,76,83,71,73,51,175,74,83,52,419,143,663,98,257,73,950,146,51,317,414,114,104,106,142,135,341,135,162,67,19,52,73,31,45,138,147,34,31,32,62,40,304,312,106,560,74,74,42,180,38,75,310,74,75,149,107,305,70,54,322,353,124,282,39,54,85,239,71,142,306,62,836,64,75,115,51,147,153,75,146,33,386,62,143,41,541,73,146,116,359,68,276,44,131,63,387,135,560,95,667,21,12,201,78,72,303,300,109,75,135,99,312,829,78,149,144,71,109,74,106,143,55,59,173,76,109,75,140,188,40,149,150,20,326,559,62,222,67,121,141,213,61,215,147,38,147,166,325,313,62,32,179,51,142,76,72,43,73,62,324,83,322,520,140,389,270,100,376,42,398,576,219,479,412,470,107,285,217,61,121,146,154,76,455,146,288,54,39,149,265,100,140,142,263,68,62,354,125,34,442,287,74,75,41,31,139,54,477,71,153,319,43,513,230,72,431,34,145,74,335,39,53,246,496,239,642,146,540,288,427,481,75,142,281,436,40,337,593,152,472,70,73,197,31,81,328,75,465,147,126,34,33,438,84,75,54,454,794,102,256,53,427,124,808,186,19,485,103,74,145,105,173,73,299,72,127,68,108
2026-01-16,134,291,98,293,67,128,42,282,167,43,787,178,64,48,28,58,163,63,238,448,24,50,35,344,62,525,210,17,444,92,123,763,64,678,169,266,155,68,85,64,58,42,132,350,47,62,83,291,47,125,58,126,50,85,349,128,130,605,66,82,73,621,10,378,141,61,94,259,57,132,45,62,82,47,69,126,64,60,21,523,281,178,69,31,115,43,93,127,82,129,66,129,65,65,135,92,604,130,68,22,169,799,59,60,66,267,148,477,80,251,49,64,61,46,84,42,84,63,72,45,60,48,461,45,92,23,64,122,268,123,63,587,66,226,61,200,62,19,65,381,208,64,44,11,127,287,19,25,21,64,23,151,354,66,44,51,122,65,421,26,40,87,25,60,527,213,91,140,136,288,69,123,39,46,408,133,40,37,22,63,45,401,277,62,409,5,311,132,66,391,229,20,408,191,280,69,716,100,294,98,55,180,252,295,135,395,44,353,98,69,45,10,59,122,690,751,41,31,67,135,764,698,66,25,293,36,5,158,133,42,42,85,111,387,132,131,326,46,84,100,46,521,201,47,255,24,77,22,681,16,64,128,38,97,65,128,91,134,96,532,187,365,283,42,536,117,118,133,64,250,131,824,133,65,128,70,44,49,61,107,682,764,63,81,60,108,65,42,265,46,379,132,223,534,67,130,40,5,44,48,66,182,129,65,40,80,64,16,48,827,24,401,869,26,248,624,46,135,45,59,21,133,67,74,61,68,46,144,65,70,46,353,116,628,95,239,64,900,127,43,267,389,87,99,79,124,141,289,132,168,46,17,41,62,31,43,128,124,24,28,28,56,43,236,293,92,502,65,67,33,189,42,59,263,67,64,127,73,268,65,40,272,257,122,252,40,49,87,185,67,130,280,56,792,58,101,88,41,126,130,65,133,23,375,61,133,47,493,66,126,118,290,47,259,40,110,45,323,125,464,95,558,17,5,200,67,68,257,212,80,64,132,97,263,791,64,126,125,49,86,66,94,123,47,61,160,66,95,66,102,149,43,134,130,24,306,523,56,214,64,119,130,149,58,197,126,35,132,150,248,277,46,22,147,47,133,60,64,37,70,51,318,83,287,537,125,361,218,93,340,36,365,484,200,406,379,467,101,273,167,58,121,129,135,63,445,131,245,48,36,131,227,85,136,126,267,67,59,306,116,24,392,356,64,77,43,28,131,44,455,65,106,321,37,353,188,62,356,24,124,61,348,42,40,256,446,326,553,123,546,262,396,481,67,136,247,339,35,319,491,112,391,67,62,134,23,80,300,67,433,131,94,29,23,339,75,65,41,423,744,84,266,40,362,122,735,166,23,413,103,63,124,94,153,62,293,65,110,65,90
2026-01-17,0,0,0,0,0,0,0,0,0,0,0,0,0,0,0,0,0,0,0,0,0,0,0,0,0,0,0,0,0,0,0,0,0,0,0,0,0,0,0,0,0,0,0,0,0,0,0,0,0,0,0,0,0,0,0,0,0,0,0,0,0,0,0,0,0,0,0,0,0,0,0,0,0,0,0,0,0,0,0,0,0,0,0,0,0,0,0,0,0,0,0,0,0,0,0,0,0,0,0,0,0,0,0,0,0,0,0,0,0,0,0,0,0,0,0,0,0,0,0,0,0,0,0,0,0,0,0,0,0,0,0,0,0,0,0,0,0,0,0,0,0,0,0,0,0,0,0,0,0,0,0,0,0,0,0,0,0,0,0,0,0,0,0,0,0,0,0,0,0,0,0,0,0,0,0,0,0,0,0,0,0,0,0,0,0,0,0,0,0,0,0,0,0,0,0,0,0,0,0,0,0,0,0,0,0,0,0,0,0,0,0,0,0,0,0,0,0,0,0,0,0,0,0,0,0,0,0,0,0,0,0,0,0,0,0,0,0,0,0,0,0,0,0,0,0,0,0,0,0,0,0,0,0,0,0,0,0,0,0,0,0,0,0,0,0,0,0,0,0,0,0,0,0,0,0,0,0,0,0,0,0,0,0,0,0,0,0,0,0,0,0,0,0,0,0,0,0,0,0,0,0,0,0,0,0,0,0,0,0,0,0,0,0,0,0,0,0,0,0,0,0,0,0,0,0,0,0,0,0,0,0,0,0,0,0,0,0,0,0,0,0,0,0,0,0,0,0,0,0,0,0,0,0,0,0,0,0,0,0,0,0,0,0,0,0,0,0,0,0,0,0,0,0,0,0,0,0,0,0,0,0,0,0,0,0,0,0,0,0,0,0,0,0,0,0,0,0,0,0,0,0,0,0,0,0,0,0,0,0,0,0,0,0,0,0,0,0,0,0,0,0,0,0,0,0,0,0,0,0,0,0,0,0,0,0,0,0,0,0,0,0,0,0,0,0,0,0,0,0,0,0,0,0,0,0,0,0,0,0,0,0,0,0,0,0,0,0,0,0,0,0,0,0,0,0,0,0,0,0,0,0,0,0,0,0,0,0,0,0,0,0,0,0,0,0,0,0,0,0,0,0,0,0,0,0,0,0,0,0,0,0,0,0,0,0,0,0,0,0,0,0,0,0,0,0,0,0,0,0,0,0,0,0,0,0,0,0,0,0,0,0,0,0,0,0,0,0,0,0,0,0,0,0,0,0,0,0,0,0,0,0,0,0,0,0,0,0,0,0,0,0,0,0,0,0,0,0,0,0,0,0,0,0,0,0,0,0,0,0,0,0,0,0,0,0,0,0,0,0,0
2026-01-18,0,0,0,0,0,0,0,0,0,0,0,0,0,0,0,0,0,0,0,0,0,0,0,0,0,0,0,0,0,0,0,0,0,0,0,0,0,0,0,0,0,0,0,0,0,0,0,0,0,0,0,0,0,0,0,0,0,0,0,0,0,0,0,0,0,0,0,0,0,0,0,0,0,0,0,0,0,0,0,0,0,0,0,0,0,0,0,0,0,0,0,0,0,0,0,0,0,0,0,0,0,0,0,0,0,0,0,0,0,0,0,0,0,0,0,0,0,0,0,0,0,0,0,0,0,0,0,0,0,0,0,0,0,0,0,0,0,0,0,0,0,0,0,0,0,0,0,0,0,0,0,0,0,0,0,0,0,0,0,0,0,0,0,0,0,0,0,0,0,0,0,0,0,0,0,0,0,0,0,0,0,0,0,0,0,0,0,0,0,0,0,0,0,0,0,0,0,0,0,0,0,0,0,0,0,0,0,0,0,0,0,0,0,0,0,0,0,0,0,0,0,0,0,0,0,0,0,0,0,0,0,0,0,0,0,0,0,0,0,0,0,0,0,0,0,0,0,0,0,0,0,0,0,0,0,0,0,0,0,0,0,0,0,0,0,0,0,0,0,0,0,0,0,0,0,0,0,0,0,0,0,0,0,0,0,0,0,0,0,0,0,0,0,0,0,0,0,0,0,0,0,0,0,0,0,0,0,0,0,0,0,0,0,0,0,0,0,0,0,0,0,0,0,0,0,0,0,0,0,0,0,0,0,0,0,0,0,0,0,0,0,0,0,0,0,0,0,0,0,0,0,0,0,0,0,0,0,0,0,0,0,0,0,0,0,0,0,0,0,0,0,0,0,0,0,0,0,0,0,0,0,0,0,0,0,0,0,0,0,0,0,0,0,0,0,0,0,0,0,0,0,0,0,0,0,0,0,0,0,0,0,0,0,0,0,0,0,0,0,0,0,0,0,0,0,0,0,0,0,0,0,0,0,0,0,0,0,0,0,0,0,0,0,0,0,0,0,0,0,0,0,0,0,0,0,0,0,0,0,0,0,0,0,0,0,0,0,0,0,0,0,0,0,0,0,0,0,0,0,0,0,0,0,0,0,0,0,0,0,0,0,0,0,0,0,0,0,0,0,0,0,0,0,0,0,0,0,0,0,0,0,0,0,0,0,0,0,0,0,0,0,0,0,0,0,0,0,0,0,0,0,0,0,0,0,0,0,0,0,0,0,0,0,0,0,0,0,0,0,0,0,0,0,0,0,0,0,0,0,0,0,0,0,0,0,0,0,0,0,0,0,0,0,0,0,0,0,0,0,0,0,0,0,0,0,0,0,0,0,0,0,0,0,0,0,0,0,0,0,0
2026-01-19,101,201,39,197,52,104,45,210,132,26,600,131,52,37,14,46,180,52,203,342,10,20,37,252,52,393,96,18,349,61,105,646,51,532,135,211,172,53,85,57,52,43,103,283,36,53,84,219,28,105,51,113,38,85,266,100,109,391,54,85,69,560,8,296,105,52,99,275,51,106,33,48,85,31,53,103,54,46,22,472,226,125,53,24,97,31,72,110,83,97,52,104,53,53,103,61,373,110,53,22,108,638,45,50,53,183,153,381,90,285,19,52,49,40,54,26,87,52,86,30,50,36,351,32,74,26,51,104,276,107,52,500,82,172,47,148,54,22,54,283,228,53,41,8,113,223,21,27,21,52,21,105,247,54,27,37,95,55,321,15,43,60,24,53,439,145,62,102,102,246,53,108,44,32,323,103,43,29,21,50,32,354,223,53,305,4,344,108,53,312,254,21,293,130,239,52,592,73,217,75,51,125,174,236,153,267,31,276,71,52,31,8,51,107,602,580,43,14,56,103,619,546,51,10,211,38,4,146,99,45,41,78,104,356,105,104,259,31,87,42,30,552,142,31,197,21,55,21,525,18,49,109,43,71,53,108,61,102,64,364,127,305,234,45,391,98,100,107,52,209,108,693,109,51,103,50,31,33,52,101,604,687,51,86,49,105,55,43,223,38,269,107,175,479,52,104,45,4,30,37,50,196,113,52,42,86,52,17,53,716,26,346,709,26,235,469,35,110,32,50,21,100,52,76,52,54,31,93,53,71,31,264,116,467,74,204,52,691,104,40,233,326,82,73,86,109,101,215,102,116,42,17,45,54,14,32,103,107,26,14,15,49,32,251,226,59,427,55,55,36,121,26,51,185,56,51,101,68,181,54,41,215,275,103,213,28,36,63,192,53,108,224,27,707,51,41,61,43,107,98,53,100,20,340,49,106,21,424,55,107,90,153,52,206,45,101,43,272,160,381,58,460,17,4,136,54,51,217,245,83,54,113,68,179,617,52,106,114,49,87,51,64,108,35,53,182,52,68,52,105,119,33,110,109,10,237,426,28,98,52,99,110,161,52,97,102,41,108,98,262,186,51,22,119,32,132,56,52,39,50,53,234,56,239,397,104,268,182,63,280,37,277,561,98,333,251,368,72,220,192,50,54,114,106,51,307,106,188,36,36,105,152,88,110,101,223,55,50,217,102,26,367,146,52,76,32,14,108,30,311,52,113,198,45,396,92,53,336,26,133,52,296,25,42,195,366,135,463,102,464,202,304,394,54,103,186,371,41,233,394,127,347,54,55,142,21,58,229,69,342,114,50,15,20,378,85,53,45,333,599,86,171,43,236,93,646,115,10,342,72,55,107,62,97,54,206,52,98,54,71
2026-01-20,107,198,51,169,52,107,37,205,149,25,620,159,47,39,19,44,102,51,217,398,12,24,32,278,49,405,141,11,348,64,107,629,46,587,143,221,156,53,83,51,45,40,104,265,41,49,80,234,33,102,43,104,38,79,276,109,106,371,51,80,67,468,15,259,104,52,99,252,44,108,32,46,80,31,50,103,51,43,19,449,214,104,54,50,93,30,76,93,80,104,50,111,52,55,103,62,383,107,52,18,107,587,43,43,50,181,124,358,82,257,23,54,45,36,46,22,81,50,62,34,46,39,406,29,85,31,53,95,277,102,51,514,66,160,45,179,52,22,50,286,211,50,36,16,106,226,19,30,18,55,20,92,210,48,24,39,89,54,294,18,41,63,28,53,391,138,66,103,99,236,50,104,39,31,320,106,38,57,19,52,33,338,211,53,334,8,284,111,55,268,206,21,328,144,217,52,608,83,238,82,43,125,175,240,157,321,31,284,81,54,30,16,46,111,551,572,39,19,54,98,613,525,52,12,208,31,8,136,106,40,39,86,86,334,106,102,242,30,83,50,30,438,132,32,185,39,48,19,463,11,42,99,43,84,55,103,65,100,65,305,124,312,224,38,462,96,90,97,55,189,99,681,105,53,99,54,31,33,47,87,592,649,49,82,45,101,52,41,203,41,310,101,182,446,52,108,42,8,30,40,53,169,100,55,39,77,49,11,64,707,30,368,708,29,209,517,40,100,32,94,19,104,51,65,52,52,31,100,54,43,31,298,77,507,83,185,50,646,107,40,205,311,71,80,85,104,108,228,100,130,38,10,38,51,20,32,111,106,29,20,20,46,33,259,215,59,423,54,55,22,110,25,53,181,51,50,107,69,182,53,43,252,247,88,206,22,39,63,179,56,110,232,38,647,44,48,59,39,98,110,53,99,19,324,44,101,25,397,51,103,85,220,59,198,44,87,38,274,145,383,62,488,11,7,152,53,50,220,259,77,52,105,87,179,631,55,104,103,57,79,53,59,108,40,42,146,53,79,50,126,141,33,98,114,11,258,427,41,158,56,91,102,184,45,151,106,31,100,98,247,190,56,20,140,30,111,51,53,32,56,35,230,44,231,360,98,297,190,58,272,30,286,459,131,325,228,337,84,208,168,43,78,104,104,53,285,104,196,42,31,102,144,77,107,100,187,52,42,201,91,30,327,168,50,60,34,20,104,31,357,49,128,199,42,363,129,51,297,29,119,51,263,23,39,172,365,150,432,107,433,205,282,345,51,106,202,400,33,254,426,146,305,50,50,116,20,45,243,44,330,107,73,20,19,311,79,51,38,314,611,77,141,39,249,83,593,111,11,350,78,54,108,63,109,53,202,51,90,54,78
2026-01-21,139,283,92,244,66,134,42,278,209,35,775,203,66,54,34,59,118,67,268,503,24,46,32,407,68,534,231,12,462,88,140,873,60,781,193,288,175,67,85,68,56,45,131,336,55,60,86,288,46,137,58,137,53,87,349,130,134,576,68,84,78,592,21,349,133,70,114,279,56,143,43,58,86,46,66,134,65,58,22,587,278,156,73,60,112,44,106,135,86,134,70,131,71,67,138,87,512,132,71,22,167,759,59,58,68,267,134,448,86,296,45,64,57,43,70,34,83,65,73,43,59,52,492,44,111,33,66,129,285,130,66,669,67,217,59,250,69,21,70,390,232,70,43,19,129,286,22,32,22,64,21,147,296,65,35,56,116,70,378,33,42,89,31,65,499,206,90,130,128,312,69,129,40,47,414,138,44,71,23,67,46,401,280,70,439,10,331,130,65,379,220,22,401,195,279,63,822,114,285,110,57,178,244,292,158,436,45,384,110,64,47,20,55,134,639,693,46,31,67,127,800,688,64,23,281,35,10,158,135,44,45,82,119,385,130,129,340,47,86,82,46,453,199,42,237,49,72,23,636,12,53,132,45,111,74,135,87,137,95,459,170,397,291,44,600,108,115,135,67,247,134,839,133,70,138,66,43,46,69,102,752,869,62,88,55,120,68,43,269,56,423,122,247,517,64,133,45,10,45,58,62,183,137,68,43,91,70,12,63,871,33,434,852,30,254,761,52,129,46,121,21,126,68,67,65,68,45,148,66,50,44,413,77,698,113,264,66,948,145,43,268,411,75,115,84,131,164,321,135,184,42,12,45,65,35,45,136,143,32,31,34,55,44,262,297,92,534,68,66,22,164,34,66,250,67,67,138,78,270,73,43,322,287,117,259,35,56,93,202,68,137,293,69,827,58,90,93,44,138,138,65,130,23,383,58,128,45,541,71,138,108,347,63,249,43,114,45,381,159,507,87,584,12,10,212,67,68,278,291,90,67,140,111,274,768,67,137,135,69,91,66,88,131,52,59,151,67,101,67,132,184,47,132,133,23,340,526,69,243,67,110,140,201,59,232,141,34,132,142,251,264,64,21,187,47,116,68,65,33,70,36,300,75,291,506,134,411,235,90,351,32,360,466,216,423,359,420,107,276,183,56,134,134,143,67,438,136,252,56,31,133,220,86,133,141,231,70,57,298,113,32,418,304,63,69,49,34,137,45,509,70,150,289,44,406,218,63,404,32,123,69,315,35,43,251,471,303,586,136,576,262,408,428,65,131,277,469,34,291,575,155,400,65,73,128,22,70,295,49,440,132,117,35,23,341,92,64,43,377,753,88,221,44,357,110,733,156,24,477,112,67,127,91,153,66,275,66,111,69,106
2026-01-22,135,326,71,286,66,133,48,280,151,45,851,160,68,42,28,60,228,66,254,401,17,38,36,317,68,393,202,23,455,103,139,845,60,585,140,274,195,67,97,64,55,51,133,327,42,67,95,287,50,127,54,136,45,96,329,137,134,614,67,92,108,608,21,332,135,67,91,289,58,133,52,56,98,51,63,133,64,56,32,603,305,198,65,58,110,53,91,135,99,136,64,129,65,72,136,96,602,138,65,31,171,853,55,57,70,309,157,438,98,185,37,69,53,65,80,40,99,63,74,50,52,42,386,49,91,23,65,135,314,134,61,560,77,206,50,191,66,14,62,278,240,62,68,21,134,300,16,24,31,66,34,156,358,65,39,43,107,62,405,26,49,102,25,64,482,239,104,133,128,327,68,136,50,50,398,128,48,69,33,66,53,403,245,66,390,10,323,136,65,364,242,15,431,158,293,70,745,83,280,84,54,201,235,317,103,372,51,363,77,65,49,19,56,140,640,675,65,27,66,129,794,659,65,17,276,39,11,226,129,48,65,98,114,406,128,133,328,51,96,73,51,535,213,51,263,46,78,32,605,23,56,130,31,86,61,140,103,127,99,494,207,399,282,49,480,109,115,136,71,240,125,861,133,68,127,66,53,46,64,140,666,823,68,99,56,175,64,50,270,41,310,127,180,544,67,132,47,10,50,44,65,221,136,65,48,99,64,24,51,828,25,342,863,26,243,592,43,121,49,118,34,131,69,77,68,65,52,165,65,88,49,319,161,534,87,231,69,858,128,47,286,371,121,85,96,139,117,298,138,140,65,21,50,68,27,36,134,135,26,28,28,53,34,262,311,102,511,69,68,43,190,44,67,312,66,69,133,109,317,69,52,258,316,113,268,40,44,68,231,63,137,296,53,842,54,71,98,49,130,126,67,128,32,373,56,137,38,524,63,131,110,311,49,235,31,115,68,351,109,464,100,590,25,10,163,68,69,261,215,105,65,129,91,286,800,67,129,134,52,94,70,109,137,46,53,161,67,94,63,109,155,32,130,127,18,261,520,57,200,63,112,126,159,56,207,136,41,135,162,321,305,48,33,158,50,129,66,65,38,64,71,311,83,282,460,136,318,242,93,352,40,332,477,192,413,420,428,86,261,185,58,117,131,139,63,512,137,235,43,37,138,259,91,130,136,240,65,60,371,120,25,444,262,62,73,34,27,143,52,402,67,109,351,30,451,189,67,371,24,132,66,303,39,49,210,426,227,518,128,508,279,361,445,69,133,259,355,37,311,527,115,423,68,64,221,33,81,296,94,436,130,108,29,33,443,61,69,46,396,781,97,256,46,409,116,741,189,18,455,90,63,138,104,159,68,258,61,114,69,83
2026-01-23,135,281,96,243,65,130,41,273,188,35,802,212,63,53,37,57,113,67,260,526,26,51,30,376,67,538,243,11,464,100,133,815,56,738,195,290,164,65,84,63,52,42,135,330,52,60,76,283,47,129,56,131,53,75,374,138,138,574,66,79,72,562,23,341,124,67,107,258,55,126,46,55,79,46,65,130,63,58,23,547,274,162,63,66,107,46,107,127,78,125,65,136,62,67,128,93,609,135,63,23,162,828,54,53,62,276,121,405,82,248,51,64,57,44,72,36,80,65,61,46,52,55,526,49,108,28,59,129,246,135,65,692,58,199,55,238,65,17,65,363,220,68,42,22,132,268,17,29,22,68,22,144,322,66,35,51,107,62,358,36,40,93,28,62,490,217,94,134,129,317,66,127,41,50,373,120,41,75,22,66,48,411,265,63,404,11,291,129,69,344,189,18,416,208,272,66,803,106,280,104,53,188,236,301,122,434,47,395,114,68,46,22,51,137,653,722,42,36,66,137,762,700,67,25,250,30,11,162,137,39,46,84,107,397,136,128,307,50,78,99,44,429,202,47,247,55,73,21,603,11,54,125,36,106,67,136,98,130,91,464,189,356,284,39,614,101,111,126,62,237,137,800,136,65,124,69,50,49,64,99,713,818,66,79,53,125,67,39,240,57,444,126,242,528,61,126,41,11,46,57,66,165,144,64,40,87,65,11,59,812,28,425,806,28,236,707,53,128,47,130,22,121,66,59,64,66,49,153,64,44,48,428,74,657,109,262,67,865,129,40,267,375,75,107,77,126,159,294,135,184,44,11,41,67,36,41,128,129,30,37,37,55,42,223,288,94,520,65,61,23,173,36,67,265,65,67,136,83,298,69,41,307,264,109,248,37,54,92,183,61,135,287,71,762,56,98,88,42,132,131,66,125,22,382,53,126,53,481,67,136,107,392,58,235,39,111,43,345,119,480,96,543,11,10,218,66,63,265,266,81,66,125,101,284,762,60,133,135,56,79,63,88,131,55,54,140,68,109,63,133,197,42,132,128,26,321,512,73,280,64,109,133,177,53,250,138,33,124,154,234,299,58,23,173,49,102,67,65,30,68,33,300,66,304,489,127,412,241,98,350,30,367,411,241,407,359,434,110,247,166,55,143,129,124,65,441,131,261,57,30,134,238,78,122,124,233,67,57,339,105,30,400,360,65,58,42,34,127,49,497,65,131,342,36,405,230,63,378,31,107,65,285,35,40,223,423,324,558,132,548,247,419,423,68,125,266,398,30,286,509,130,405,62,60,133,23,76,301,44,400,135,129,37,21,316,72,65,40,387,771,80,252,37,365,106,667,165,25,447,108,67,127,98,165,64,260,65,106,64,103
2026-01-24,0,0,0,0,0,0,0,0,0,0,0,0,0,0,0,0,0,0,0,0,0,0,0,0,0,0,0,0,0,0,0,0,0,0,0,0,0,0,0,0,0,0,0,0,0,0,0,0,0,0,0,0,0,0,0,0,0,0,0,0,0,0,0,0,0,0,0,0,0,0,0,0,0,0,0,0,0,0,0,0,0,0,0,0,0,0,0,0,0,0,0,0,0,0,0,0,0,0,0,0,0,0,0,0,0,0,0,0,0,0,0,0,0,0,0,0,0,0,0,0,0,0,0,0,0,0,0,0,0,0,0,0,0,0,0,0,0,0,0,0,0,0,0,0,0,0,0,0,0,0,0,0,0,0,0,0,0,0,0,0,0,0,0,0,0,0,0,0,0,0,0,0,0,0,0,0,0,0,0,0,0,0,0,0,0,0,0,0,0,0,0,0,0,0,0,0,0,0,0,0,0,0,0,0,0,0,0,0,0,0,0,0,0,0,0,0,0,0,0,0,0,0,0,0,0,0,0,0,0,0,0,0,0,0,0,0,0,0,0,0,0,0,0,0,0,0,0,0,0,0,0,0,0,0,0,0,0,0,0,0,0,0,0,0,0,0,0,0,0,0,0,0,0,0,0,0,0,0,0,0,0,0,0,0,0,0,0,0,0,0,0,0,0,0,0,0,0,0,0,0,0,0,0,0,0,0,0,0,0,0,0,0,0,0,0,0,0,0,0,0,0,0,0,0,0,0,0,0,0,0,0,0,0,0,0,0,0,0,0,0,0,0,0,0,0,0,0,0,0,0,0,0,0,0,0,0,0,0,0,0,0,0,0,0,0,0,0,0,0,0,0,0,0,0,0,0,0,0,0,0,0,0,0,0,0,0,0,0,0,0,0,0,0,0,0,0,0,0,0,0,0,0,0,0,0,0,0,0,0,0,0,0,0,0,0,0,0,0,0,0,0,0,0,0,0,0,0,0,0,0,0,0,0,0,0,0,0,0,0,0,0,0,0,0,0,0,0,0,0,0,0,0,0,0,0,0,0,0,0,0,0,0,0,0,0,0,0,0,0,0,0,0,0,0,0,0,0,0,0,0,0,0,0,0,0,0,0,0,0,0,0,0,0,0,0,0,0,0,0,0,0,0,0,0,0,0,0,0,0,0,0,0,0,0,0,0,0,0,0,0,0,0,0,0,0,0,0,0,0,0,0,0,0,0,0,0,0,0,0,0,0,0,0,0,0,0,0,0,0,0,0,0,0,0,0,0,0,0,0,0,0,0,0,0,0,0,0,0,0,0,0,0,0,0,0,0,0,0,0,0,0,0,0,0,0,0,0,0,0,0,0,0,0,0,0,0,0,0,0,0
2026-01-25,0,0,0,0,0,0,0,0,0,0,0,0,0,0,0,0,0,0,0,0,0,0,0,0,0,0,0,0,0,0,0,0,0,0,0,0,0,0,0,0,0,0,0,0,0,0,0,0,0,0,0,0,0,0,0,0,0,0,0,0,0,0,0,0,0,0,0,0,0,0,0,0,0,0,0,0,0,0,0,0,0,0,0,0,0,0,0,0,0,0,0,0,0,0,0,0,0,0,0,0,0,0,0,0,0,0,0,0,0,0,0,0,0,0,0,0,0,0,0,0,0,0,0,0,0,0,0,0,0,0,0,0,0,0,0,0,0,0,0,0,0,0,0,0,0,0,0,0,0,0,0,0,0,0,0,0,0,0,0,0,0,0,0,0,0,0,0,0,0,0,0,0,0,0,0,0,0,0,0,0,0,0,0,0,0,0,0,0,0,0,0,0,0,0,0,0,0,0,0,0,0,0,0,0,0,0,0,0,0,0,0,0,0,0,0,0,0,0,0,0,0,0,0,0,0,0,0,0,0,0,0,0,0,0,0,0,0,0,0,0,0,0,0,0,0,0,0,0,0,0,0,0,0,0,0,0,0,0,0,0,0,0,0,0,0,0,0,0,0,0,0,0,0,0,0,0,0,0,0,0,0,0,0,0,0,0,0,0,0,0,0,0,0,0,0,0,0,0,0,0,0,0,0,0,0,0,0,0,0,0,0,0,0,0,0,0,0,0,0,0,0,0,0,0,0,0,0,0,0,0,0,0,0,0,0,0,0,0,0,0,0,0,0,0,0,0,0,0,0,0,0,0,0,0,0,0,0,0,0,0,0,0,0,0,0,0,0,0,0,0,0,0,0,0,0,0,0,0,0,0,0,0,0,0,0,0,0,0,0,0,0,0,0,0,0,0,0,0,0,0,0,0,0,0,0,0,0,0,0,0,0,0,0,0,0,0,0,0,0,0,0,0,0,0,0,0,0,0,0,0,0,0,0,0,0,0,0,0,0,0,0,0,0,0,0,0,0,0,0,0,0,0,0,0,0,0,0,0,0,0,0,0,0,0,0,0,0,0,0,0,0,0,0,0,0,0,0,0,0,0,0,0,0,0,0,0,0,0,0,0,0,0,0,0,0,0,0,0,0,0,0,0,0,0,0,0,0,0,0,0,0,0,0,0,0,0,0,0,0,0,0,0,0,0,0,0,0,0,0,0,0,0,0,0,0,0,0,0,0,0,0,0,0,0,0,0,0,0,0,0,0,0,0,0,0,0,0,0,0,0,0,0,0,0,0,0,0,0,0,0,0,0,0,0,0,0,0,0,0,0,0,0,0,0,0,0,0,0,0,0,0,0,0,0,0,0,0,0,0,0
2026-01-26,140,358,132,299,66,140,35,289,181,43,833,213,68,56,43,58,132,69,278,530,32,64,27,388,70,566,293,14,451,104,136,898,58,762,186,306,145,68,74,65,59,38,141,348,55,66,72,327,57,134,64,134,55,72,380,143,141,715,71,79,72,658,17,349,146,67,77,219,58,136,57,65,72,55,67,133,68,59,22,622,283,206,66,52,118,53,111,133,69,132,67,131,70,66,139,112,679,138,68,21,199,800,59,61,70,304,105,492,74,178,65,61,61,47,90,44,77,70,53,58,56,53,535,53,111,23,72,130,224,134,72,646,53,220,61,246,69,13,69,382,188,63,44,18,133,286,14,23,21,69,22,179,379,67,46,57,126,70,416,45,37,114,25,70,551,265,116,135,138,318,66,132,37,54,436,132,36,62,22,67,54,419,278,69,471,9,263,135,65,390,179,13,454,231,287,72,860,115,293,103,60,217,270,334,95,467,53,403,105,68,53,19,56,131,679,802,42,42,72,140,769,755,68,32,274,27,9,151,131,38,46,71,123,423,132,142,329,54,69,135,54,385,221,54,254,46,91,22,675,13,64,147,27,114,71,140,114,140,113,581,209,385,301,36,590,119,119,135,69,269,136,866,140,70,147,68,51,54,70,101,725,879,66,74,57,122,69,37,285,58,460,137,238,516,69,137,37,9,52,55,74,153,138,73,33,72,75,14,46,860,24,491,899,24,239,771,56,139,54,112,23,140,74,54,69,66,57,169,71,52,52,409,88,679,111,259,67,920,137,39,294,416,81,109,67,133,176,327,137,208,47,12,36,70,42,49,143,142,23,42,42,61,46,209,322,109,520,67,69,25,199,49,70,308,66,71,135,73,351,69,38,339,233,113,265,44,52,98,166,67,134,302,80,858,59,137,107,37,133,135,67,128,22,377,56,137,64,536,70,133,124,438,45,267,29,129,46,347,97,512,113,637,13,9,221,68,69,287,209,73,68,137,116,344,885,69,136,147,45,71,70,104,135,57,57,121,70,116,69,110,182,46,148,139,33,338,535,80,299,69,118,142,149,56,287,133,28,136,166,220,330,45,22,183,55,100,64,74,27,70,38,317,93,314,554,144,394,244,110,366,26,398,384,284,451,430,495,114,265,143,59,172,131,141,72,543,139,253,55,27,142,271,72,133,134,248,72,61,362,121,23,465,461,69,55,48,40,138,54,526,70,97,396,30,337,252,67,417,22,85,70,345,44,35,260,450,422,602,143,536,283,409,510,69,134,292,314,26,327,553,110,413,75,68,133,22,94,315,53,416,144,145,43,22,297,56,69,37,403,758,73,324,35,440,120,670,179,34,470,114,67,137,103,195,70,296,73,117,74,112
2026-01-27,132,346,86,292,64,124,41,262,145,42,737,166,64,44,31,54,204,64,241,402,22,44,33,305,67,385,209,20,431,103,126,749,54,589,148,243,163,66,83,64,49,45,128,336,43,62,84,292,52,128,57,128,44,79,331,125,128,663,61,83,100,580,17,325,127,65,76,259,51,131,51,54,81,51,66,122,61,54,29,560,265,180,62,56,112,54,84,124,78,124,67,124,62,62,121,106,619,122,61,30,180,752,55,52,67,298,122,477,84,156,44,60,56,58,86,45,86,66,60,53,51,44,414,50,83,20,64,124,264,123,62,517,65,206,56,206,63,12,61,305,205,65,56,18,131,276,12,20,29,58,29,165,365,60,42,42,104,63,387,33,42,95,21,63,477,224,101,121,132,287,62,119,41,51,385,121,42,62,28,64,51,397,247,64,373,9,296,126,60,346,197,12,390,169,262,59,721,86,282,85,54,212,230,288,80,352,53,365,84,59,52,17,54,129,619,652,61,31,62,120,752,670,63,22,259,30,9,216,123,44,61,81,98,392,124,132,297,52,87,84,53,450,225,52,241,43,83,30,587,20,55,114,26,91,61,124,104,122,108,536,203,359,273,42,469,107,100,118,63,236,124,740,124,62,125,65,53,51,62,131,643,837,63,81,53,152,63,41,244,40,325,128,186,511,66,120,36,9,51,47,65,188,126,61,42,81,65,20,43,846,22,350,802,23,238,548,42,127,48,103,29,124,61,62,66,66,53,171,61,79,49,331,141,522,84,219,60,835,123,39,273,376,109,90,83,132,132,292,122,148,62,20,40,64,29,34,123,129,22,31,30,55,32,215,324,99,480,62,64,41,197,42,63,285,67,64,124,96,301,65,41,273,266,106,225,41,41,67,200,65,123,269,62,761,52,87,102,40,125,124,60,125,29,357,50,121,44,468,64,129,106,350,41,222,24,105,58,332,79,458,101,583,20,8,173,65,64,264,180,85,62,125,80,291,774,60,115,124,43,81,65,100,131,42,56,142,62,84,63,89,138,32,116,122,21,263,496,59,225,65,108,128,132,56,210,129,31,118,160,264,304,47,29,146,51,109,63,62,32,61,63,273,82,294,440,132,292,216,101,349,32,351,392,197,391,402,413,84,246,160,54,120,123,130,66,475,127,238,46,31,118,244,80,127,127,223,66,54,328,115,21,394,299,63,67,34,32,128,52,393,64,96,334,23,387,184,60,385,21,107,65,302,42,41,219,422,289,511,117,519,282,355,431,64,123,262,304,32,285,501,95,363,63,64,192,28,86,284,77,407,127,110,32,29,335,50,60,40,388,731,82,272,41,412,108,704,174,23,422,83,64,123,100,176,61,286,62,107,60,86
2026-01-28,120,307,93,267,61,123,39,282,161,42,772,186,60,49,32,53,166,65,247,404,24,47,31,314,67,418,229,19,407,99,127,769,51,581,145,269,163,63,75,64,54,40,128,292,50,64,79,267,49,129,52,124,46,85,318,122,125,623,65,85,95,554,20,327,123,64,82,249,55,132,48,53,73,51,66,122,62,51,29,521,277,171,65,59,102,50,92,124,86,128,63,125,65,67,129,97,614,122,63,27,181,751,53,57,67,268,118,399,82,158,45,62,51,57,84,38,81,62,56,47,55,45,431,51,95,23,63,116,252,121,61,558,62,211,56,209,64,13,68,303,199,61,54,19,118,281,13,23,25,65,27,164,354,65,38,48,106,63,384,34,41,101,23,65,442,223,96,125,124,268,61,132,43,49,361,124,40,72,27,63,49,365,240,59,388,10,275,126,60,326,183,13,420,184,266,64,692,93,283,88,55,190,234,269,95,379,48,367,88,63,49,20,52,133,598,677,51,34,68,124,739,708,63,23,259,31,10,183,127,41,55,79,108,379,134,129,305,52,75,88,50,429,213,50,242,48,81,26,595,17,55,129,26,97,65,124,98,123,100,507,199,353,285,38,514,111,95,129,68,226,124,753,126,61,121,64,52,51,58,121,657,793,65,81,51,147,66,40,256,44,340,126,204,532,61,129,41,10,51,45,66,187,131,66,39,82,61,17,44,835,23,371,840,23,217,597,46,125,50,121,29,122,63,62,64,62,48,153,63,68,50,343,109,585,90,235,63,825,127,43,268,371,98,91,79,128,141,290,131,156,56,17,40,61,32,35,130,129,22,34,35,54,37,221,299,111,499,63,64,34,191,40,63,296,60,62,124,95,312,63,40,292,240,98,235,40,45,71,180,61,124,267,68,747,51,86,97,39,125,121,63,125,27,358,50,127,48,499,67,125,102,359,43,245,26,103,55,331,90,446,97,574,16,11,187,63,65,292,200,77,67,134,90,299,726,64,115,129,46,78,64,97,128,51,50,135,60,96,65,105,152,38,124,120,22,269,521,62,246,62,107,125,148,54,226,126,32,125,168,254,291,47,27,161,50,107,61,61,29,63,50,294,81,285,469,129,338,212,98,348,31,349,409,223,386,376,464,95,248,159,56,127,127,131,62,453,123,244,50,31,124,243,80,120,128,225,64,53,349,109,23,390,324,66,57,37,32,122,52,417,65,100,330,25,381,221,64,396,23,111,67,302,42,40,211,421,310,535,125,487,271,349,441,65,126,250,330,30,287,524,104,394,66,63,169,26,76,275,70,410,130,120,36,26,321,50,67,43,387,721,83,265,37,405,107,656,189,23,454,91,63,132,100,170,62,263,61,101,62,93
2026-01-29,125,295,92,276,65,132,46,264,167,39,869,174,66,49,27,63,187,68,243,406,22,44,40,324,65,498,192,18,436,92,128,804,57,645,163,274,176,67,90,70,59,44,132,376,46,66,92,281,45,136,62,133,45,88,351,127,144,616,65,87,80,687,10,357,139,66,103,285,63,137,45,58,85,43,65,131,65,65,23,616,284,188,69,29,130,49,97,126,91,135,67,135,64,68,130,97,568,133,59,25,159,800,59,64,66,289,156,492,90,267,44,66,57,52,79,40,86,67,77,46,61,46,465,49,99,26,67,123,303,137,63,618,79,234,65,208,64,20,66,370,223,67,47,10,123,283,20,26,23,63,25,163,371,67,43,46,116,60,435,28,44,91,25,63,517,217,93,132,130,318,64,134,42,44,393,132,43,36,24,63,45,432,273,66,401,5,315,130,67,388,243,19,421,180,289,65,727,91,283,96,66,190,254,293,140,358,45,374,94,66,44,11,61,126,712,727,52,28,63,135,782,725,65,22,293,38,5,157,131,47,47,90,119,397,131,140,327,47,84,84,44,577,197,45,270,23,87,24,710,19,61,133,39,94,64,131,88,125,93,512,187,371,288,43,496,120,125,132,67,257,136,836,128,64,133,66,46,45,67,111,721,906,67,86,62,135,64,45,297,46,360,134,229,559,65,135,46,5,45,48,66,190,136,67,45,90,66,19,51,820,25,415,826,24,260,622,47,128,45,60,24,139,67,77,65,65,47,144,69,77,46,340,146,576,86,251,68,882,127,45,270,375,89,95,88,134,155,285,128,176,46,18,43,66,26,42,136,133,25,28,27,63,41,254,283,89,497,67,71,37,187,41,68,260,65,65,129,77,265,65,43,261,281,122,271,41,51,85,210,67,133,287,55,821,62,93,89,42,130,129,69,136,25,410,59,140,43,529,67,128,116,285,51,271,42,127,47,340,144,492,91,578,20,5,196,65,68,262,236,89,63,131,95,255,804,64,120,131,48,88,68,94,138,44,63,179,62,101,69,108,147,42,124,134,21,305,539,54,195,68,123,124,148,57,188,140,38,138,139,264,264,49,24,147,47,135,65,66,39,64,57,304,79,309,528,134,350,241,91,349,40,362,488,187,422,363,464,94,265,192,60,103,134,133,67,425,123,244,47,43,135,228,89,133,142,247,64,60,313,119,26,382,297,68,80,43,27,121,43,435,65,105,322,41,433,174,63,372,25,134,66,353,39,43,255,442,293,605,131,545,266,394,450,68,131,247,350,39,314,533,121,415,64,67,156,25,82,306,74,437,135,92,28,25,368,78,67,43,426,770,87,267,45,364,121,785,153,22,459,93,65,129,93,149,68,286,66,122,68,90
2026-01-30,121,330,101,270,62,125,39,265,162,38,737,184,59,46,35,53,152,63,245,419,24,48,27,336,60,433,239,15,412,92,128,800,51,626,154,275,159,63,72,59,52,38,120,315,48,60,75,273,47,124,47,120,45,77,325,124,125,618,63,71,87,551,21,315,124,63,75,222,52,132,52,50,73,50,59,133,61,53,26,521,271,169,60,62,105,48,96,131,74,131,63,125,62,61,128,97,578,123,60,26,169,719,51,48,62,283,108,400,75,160,49,60,50,52,81,37,74,63,54,48,50,44,455,48,88,23,63,120,226,122,63,550,54,189,50,201,63,12,61,304,184,65,52,19,116,270,12,23,25,60,24,152,349,64,40,46,99,63,336,34,38,101,21,64,449,230,101,121,119,277,58,120,35,50,351,121,38,70,23,58,48,371,237,62,400,10,258,116,61,326,174,13,348,185,252,61,751,92,276,87,51,193,218,298,89,380,48,341,93,62,49,20,52,117,619,665,47,35,59,117,702,610,57,24,232,28,10,174,125,35,49,79,106,363,122,120,292,49,71,99,50,372,223,50,243,48,79,24,586,15,49,123,25,95,62,133,90,125,96,518,198,326,271,38,497,104,105,123,66,227,124,719,130,62,126,63,46,49,62,115,619,716,57,69,51,135,57,37,249,46,324,126,181,497,61,125,36,10,51,48,58,165,125,63,36,76,59,16,41,791,23,381,781,22,216,597,46,116,49,119,25,122,62,53,62,60,47,159,57,61,46,356,108,574,92,231,61,803,123,37,245,353,95,91,72,120,132,271,122,152,48,14,36,62,37,36,120,130,23,33,33,50,36,213,293,93,456,60,61,30,195,39,59,262,64,65,125,86,294,60,36,287,234,96,236,39,42,69,172,61,124,255,73,738,52,97,101,36,127,119,60,123,24,346,49,121,49,497,57,117,104,388,43,237,23,99,49,318,82,454,103,549,15,11,165,62,60,256,197,73,63,118,93,306,748,62,124,116,43,74,61,103,118,47,50,126,63,94,63,99,162,36,129,129,24,286,477,68,229,60,97,115,152,53,237,118,28,128,157,221,279,41,25,159,52,92,61,64,28,62,49,283,79,256,433,122,345,206,101,328,28,324,366,231,387,376,393,94,248,150,52,136,126,126,60,478,120,228,46,26,120,238,75,123,125,208,59,53,362,104,22,368,317,63,58,34,36,129,48,434,63,92,305,24,367,229,58,353,20,91,61,275,40,37,215,426,323,516,120,505,263,349,427,58,126,251,305,28,285,456,104,371,61,61,163,25,75,271,58,384,119,122,34,26,307,46,60,35,358,696,77,262,37,381,102,656,178,24,449,93,62,130,100,167,61,260,58,105,66,94
2026-01-31,0,0,0,0,0,0,0,0,0,0,0,0,0,0,0,0,0,0,0,0,0,0,0,0,0,0,0,0,0,0,0,0,0,0,0,0,0,0,0,0,0,0,0,0,0,0,0,0,0,0,0,0,0,0,0,0,0,0,0,0,0,0,0,0,0,0,0,0,0,0,0,0,0,0,0,0,0,0,0,0,0,0,0,0,0,0,0,0,0,0,0,0,0,0,0,0,0,0,0,0,0,0,0,0,0,0,0,0,0,0,0,0,0,0,0,0,0,0,0,0,0,0,0,0,0,0,0,0,0,0,0,0,0,0,0,0,0,0,0,0,0,0,0,0,0,0,0,0,0,0,0,0,0,0,0,0,0,0,0,0,0,0,0,0,0,0,0,0,0,0,0,0,0,0,0,0,0,0,0,0,0,0,0,0,0,0,0,0,0,0,0,0,0,0,0,0,0,0,0,0,0,0,0,0,0,0,0,0,0,0,0,0,0,0,0,0,0,0,0,0,0,0,0,0,0,0,0,0,0,0,0,0,0,0,0,0,0,0,0,0,0,0,0,0,0,0,0,0,0,0,0,0,0,0,0,0,0,0,0,0,0,0,0,0,0,0,0,0,0,0,0,0,0,0,0,0,0,0,0,0,0,0,0,0,0,0,0,0,0,0,0,0,0,0,0,0,0,0,0,0,0,0,0,0,0,0,0,0,0,0,0,0,0,0,0,0,0,0,0,0,0,0,0,0,0,0,0,0,0,0,0,0,0,0,0,0,0,0,0,0,0,0,0,0,0,0,0,0,0,0,0,0,0,0,0,0,0,0,0,0,0,0,0,0,0,0,0,0,0,0,0,0,0,0,0,0,0,0,0,0,0,0,0,0,0,0,0,0,0,0,0,0,0,0,0,0,0,0,0,0,0,0,0,0,0,0,0,0,0,0,0,0,0,0,0,0,0,0,0,0,0,0,0,0,0,0,0,0,0,0,0,0,0,0,0,0,0,0,0,0,0,0,0,0,0,0,0,0,0,0,0,0,0,0,0,0,0,0,0,0,0,0,0,0,0,0,0,0,0,0,0,0,0,0,0,0,0,0,0,0,0,0,0,0,0,0,0,0,0,0,0,0,0,0,0,0,0,0,0,0,0,0,0,0,0,0,0,0,0,0,0,0,0,0,0,0,0,0,0,0,0,0,0,0,0,0,0,0,0,0,0,0,0,0,0,0,0,0,0,0,0,0,0,0,0,0,0,0,0,0,0,0,0,0,0,0,0,0,0,0,0,0,0,0,0,0,0,0,0,0,0,0,0,0,0,0,0,0,0,0,0,0,0,0,0,0,0,0,0,0,0,0,0,0,0,0,0,0,0,0
2026-02-01,0,0,0,0,0,0,0,0,0,0,0,0,0,0,0,0,0,0,0,0,0,0,0,0,0,0,0,0,0,0,0,0,0,0,0,0,0,0,0,0,0,0,0,0,0,0,0,0,0,0,0,0,0,0,0,0,0,0,0,0,0,0,0,0,0,0,0,0,0,0,0,0,0,0,0,0,0,0,0,0,0,0,0,0,0,0,0,0,0,0,0,0,0,0,0,0,0,0,0,0,0,0,0,0,0,0,0,0,0,0,0,0,0,0,0,0,0,0,0,0,0,0,0,0,0,0,0,0,0,0,0,0,0,0,0,0,0,0,0,0,0,0,0,0,0,0,0,0,0,0,0,0,0,0,0,0,0,0,0,0,0,0,0,0,0,0,0,0,0,0,0,0,0,0,0,0,0,0,0,0,0,0,0,0,0,0,0,0,0,0,0,0,0,0,0,0,0,0,0,0,0,0,0,0,0,0,0,0,0,0,0,0,0,0,0,0,0,0,0,0,0,0,0,0,0,0,0,0,0,0,0,0,0,0,0,0,0,0,0,0,0,0,0,0,0,0,0,0,0,0,0,0,0,0,0,0,0,0,0,0,0,0,0,0,0,0,0,0,0,0,0,0,0,0,0,0,0,0,0,0,0,0,0,0,0,0,0,0,0,0,0,0,0,0,0,0,0,0,0,0,0,0,0,0,0,0,0,0,0,0,0,0,0,0,0,0,0,0,0,0,0,0,0,0,0,0,0,0,0,0,0,0,0,0,0,0,0,0,0,0,0,0,0,0,0,0,0,0,0,0,0,0,0,0,0,0,0,0,0,0,0,0,0,0,0,0,0,0,0,0,0,0,0,0,0,0,0,0,0,0,0,0,0,0,0,0,0,0,0,0,0,0,0,0,0,0,0,0,0,0,0,0,0,0,0,0,0,0,0,0,0,0,0,0,0,0,0,0,0,0,0,0,0,0,0,0,0,0,0,0,0,0,0,0,0,0,0,0,0,0,0,0,0,0,0,0,0,0,0,0,0,0,0,0,0,0,0,0,0,0,0,0,0,0,0,0,0,0,0,0,0,0,0,0,0,0,0,0,0,0,0,0,0,0,0,0,0,0,0,0,0,0,0,0,0,0,0,0,0,0,0,0,0,0,0,0,0,0,0,0,0,0,0,0,0,0,0,0,0,0,0,0,0,0,0,0,0,0,0,0,0,0,0,0,0,0,0,0,0,0,0,0,0,0,0,0,0,0,0,0,0,0,0,0,0,0,0,0,0,0,0,0,0,0,0,0,0,0,0,0,0,0,0,0,0,0,0,0,0,0,0,0,0,0,0,0,0,0,0,0,0,0,0,0,0,0,0,0,0,0
2026-02-02,137,350,114,311,69,134,41,309,183,46,818,202,70,51,38,60,164,71,252,482,30,55,29,376,69,497,298,16,467,110,136,887,57,710,168,295,164,70,77,70,59,42,137,342,53,73,79,318,55,138,56,137,53,84,380,138,133,718,70,79,84,598,22,360,134,66,93,266,58,144,54,56,82,54,75,130,71,60,27,538,296,185,68,69,112,55,115,136,79,138,71,143,68,67,129,116,678,136,70,28,183,868,59,59,71,306,120,466,82,182,55,68,59,55,86,43,81,67,60,55,57,54,538,55,105,24,69,141,282,133,72,609,59,228,57,237,72,14,61,357,202,66,51,21,135,295,14,25,27,62,27,178,366,69,45,51,114,65,413,39,43,109,25,67,506,252,113,132,141,297,69,137,39,53,416,137,42,72,26,67,53,410,286,72,441,11,295,145,71,368,204,14,453,205,280,70,808,105,311,110,56,220,255,294,95,462,54,425,109,69,54,21,58,135,663,734,54,40,68,134,801,755,69,28,262,30,11,193,133,42,51,81,118,387,144,153,335,57,75,115,58,429,224,58,278,52,95,27,632,15,60,135,28,106,62,141,110,143,108,587,214,389,306,41,586,119,112,139,72,265,132,823,133,69,142,64,54,53,66,128,700,872,68,80,57,139,71,40,269,53,394,142,234,581,68,138,40,11,57,53,67,186,132,69,42,84,71,16,52,868,24,433,869,25,234,701,57,144,55,139,27,142,69,67,68,66,57,173,66,66,55,397,113,664,105,261,64,918,143,42,298,391,99,109,86,134,150,308,133,174,53,17,39,68,40,42,133,133,26,39,39,61,44,242,312,111,539,66,68,32,202,46,70,291,68,69,139,89,326,71,44,314,257,120,234,47,50,83,200,75,143,278,76,892,60,112,102,40,142,143,73,142,27,400,61,139,54,512,72,137,124,418,53,255,29,118,55,371,100,490,110,580,16,11,205,70,72,287,219,85,71,135,109,342,847,65,136,136,50,79,70,112,139,53,58,126,66,104,67,115,183,42,144,140,27,312,556,78,303,68,119,129,167,56,281,139,32,144,171,269,327,49,29,179,56,102,74,71,31,70,46,301,87,300,498,140,376,247,114,367,31,375,407,281,446,442,443,105,255,167,60,161,138,132,70,522,140,261,50,28,137,290,82,137,137,237,60,59,390,115,26,417,395,72,61,42,39,140,59,496,68,104,349,28,393,263,68,405,26,102,68,318,46,42,242,461,388,529,134,583,298,425,451,66,143,294,351,33,310,605,115,404,68,69,163,26,88,322,64,429,138,138,39,27,335,57,64,42,409,735,85,286,41,409,116,765,193,27,474,103,72,140,111,199,67,300,65,116,65,107
2026-02-03,107,233,63,223,50,102,35,220,122,31,584,123,49,35,21,47,169,47,183,341,15,29,32,218,52,353,140,16,342,75,104,600,49,498,122,204,152,51,75,55,46,36,105,265,35,49,73,226,37,99,45,106,33,68,262,103,98,463,48,69,72,517,10,267,101,53,71,216,43,103,34,44,73,38,51,97,52,45,23,440,220,156,50,30,96,39,66,97,72,104,51,104,49,50,105,75,460,106,50,21,126,604,49,43,51,225,125,390,72,179,29,51,49,44,66,31,68,53,62,36,44,35,326,37,68,19,51,105,244,103,51,420,63,172,45,151,52,14,53,243,175,45,44,10,95,216,14,19,22,51,22,130,298,56,35,32,90,51,307,21,34,75,18,50,424,175,76,99,98,231,52,99,36,34,318,105,38,36,24,48,35,338,213,50,308,5,260,101,50,292,197,14,323,132,217,52,576,66,225,70,45,149,180,240,98,276,38,277,66,47,37,10,46,100,512,574,44,19,50,101,624,521,53,15,211,31,5,152,102,37,43,74,92,324,102,103,242,38,74,56,39,434,169,34,197,25,64,21,484,17,46,95,28,70,52,100,70,104,74,427,140,276,232,36,374,91,87,97,47,204,97,659,101,48,108,50,40,36,51,101,562,653,49,75,49,117,49,36,214,34,258,102,145,427,51,98,37,5,36,35,51,157,106,49,35,71,49,18,40,666,19,297,659,18,210,488,35,102,38,57,21,102,53,63,53,52,38,113,51,67,36,243,118,433,69,190,51,668,106,38,225,308,81,69,66,100,105,227,103,114,41,16,36,49,21,29,104,99,20,20,20,48,31,215,228,73,387,51,52,33,151,33,52,224,50,49,109,71,220,49,36,205,232,95,199,33,35,58,168,52,102,218,40,624,46,61,75,37,104,95,51,103,22,309,44,96,30,387,54,105,88,213,37,193,29,93,43,266,103,370,73,447,17,5,129,53,50,203,171,73,48,100,67,218,610,51,103,102,38,70,52,72,99,34,45,132,52,65,49,80,109,29,109,98,15,219,425,43,142,52,91,96,110,47,146,100,30,95,116,231,215,37,23,110,40,105,52,50,31,52,51,241,61,236,384,103,251,181,76,270,30,272,405,134,289,281,352,68,182,142,45,82,99,102,52,360,105,174,33,32,105,173,72,101,102,194,53,48,267,93,19,312,205,52,65,31,19,105,38,307,51,83,233,27,317,140,48,295,20,109,51,242,34,36,184,329,193,427,104,431,216,279,345,47,99,192,258,32,228,402,86,332,50,49,139,23,59,236,68,338,101,67,20,22,304,58,50,35,315,610,72,182,36,288,88,597,132,16,335,69,49,109,73,129,49,217,52,93,52,64
2026-02-04,113,223,69,219,55,112,38,224,142,32,654,150,58,41,21,50,138,55,205,350,18,37,33,268,56,446,157,13,355,75,109,636,51,566,139,231,144,55,73,55,52,38,106,310,42,51,74,240,37,107,50,108,41,74,294,106,108,451,54,76,60,536,8,313,113,54,91,235,51,101,35,49,77,36,54,111,51,47,19,466,224,141,57,25,109,38,84,110,73,115,54,112,56,54,111,69,457,112,53,19,131,654,52,52,54,216,139,436,76,246,35,57,52,36,65,32,68,56,67,35,52,39,408,36,84,23,59,118,235,109,52,531,66,185,48,179,53,18,54,298,184,56,37,8,112,218,19,23,18,55,18,131,268,56,32,41,101,59,343,24,36,70,24,53,440,157,70,110,106,240,55,109,38,34,319,113,37,29,18,55,36,342,245,55,346,4,277,111,57,335,208,19,331,167,249,57,609,81,216,80,50,146,203,242,126,331,36,305,84,53,37,8,52,105,588,599,37,23,51,109,675,574,55,19,236,36,4,113,114,39,37,77,109,360,108,106,268,36,75,74,37,468,155,39,216,21,64,18,535,14,48,101,38,85,56,110,73,107,70,435,139,332,237,36,450,107,99,116,57,222,108,676,117,57,118,58,35,34,58,83,595,671,53,76,52,100,55,36,238,41,338,107,199,431,52,111,37,4,34,41,55,166,105,57,37,73,52,15,47,675,22,353,741,23,221,529,41,111,37,46,18,111,56,61,56,54,33,110,53,53,35,292,101,535,85,201,52,760,110,37,238,349,65,85,74,106,127,232,115,145,35,14,36,56,21,34,115,111,23,22,21,49,37,211,233,71,442,59,58,29,154,33,58,198,58,54,112,64,229,55,34,242,236,103,212,31,43,74,157,56,115,233,46,659,51,71,73,36,111,116,51,109,17,331,51,109,37,417,55,112,101,222,45,232,38,100,38,276,129,414,70,504,15,4,161,55,54,224,221,78,55,106,85,211,681,53,106,106,46,73,58,70,112,40,54,151,56,84,57,92,140,35,112,114,17,259,459,45,158,55,99,101,138,53,149,112,33,114,117,214,214,44,18,129,36,116,56,54,32,57,42,241,64,262,415,110,299,193,72,300,33,293,448,160,362,280,399,85,214,146,47,88,108,116,55,354,110,214,39,32,105,177,77,111,109,227,55,49,257,106,24,326,264,59,69,38,23,107,37,383,54,90,232,39,362,141,55,313,24,120,58,292,33,37,198,392,214,478,107,465,211,314,408,54,109,214,342,33,252,424,115,347,56,53,123,19,66,268,53,350,105,70,23,18,318,74,56,38,344,627,73,208,36,290,98,628,124,18,383,82,53,102,72,128,56,230,55,105,57,76
2026-02-05,110,280,80,266,55,113,37,246,132,39,710,156,56,37,25,52,169,59,224,363,22,45,34,273,59,462,177,17,357,87,112,707,54,527,130,240,147,59,75,59,55,34,115,342,39,58,67,265,44,114,52,119,41,78,281,114,113,526,59,71,64,579,8,335,106,56,75,230,53,118,40,54,71,45,57,111,56,56,21,536,252,180,57,25,110,42,76,115,70,114,56,113,55,58,115,83,558,115,53,21,143,661,53,54,54,237,130,410,76,189,45,60,54,44,80,41,74,54,63,42,53,37,399,42,80,18,58,113,229,112,59,485,64,199,54,183,55,15,57,302,177,58,43,8,112,253,16,19,21,60,22,160,325,58,39,41,108,58,360,24,34,81,17,52,472,209,87,119,121,262,59,118,37,41,344,112,37,28,21,57,43,350,254,57,340,4,263,108,61,357,219,15,366,166,259,56,652,80,262,77,53,170,207,260,107,330,45,317,77,55,44,8,51,109,609,615,41,24,56,106,662,600,60,20,239,32,4,146,113,36,42,76,96,365,117,105,271,43,75,81,43,442,191,43,226,21,79,21,573,18,54,114,29,82,59,116,85,108,85,483,176,305,243,36,413,111,100,113,56,225,115,767,116,56,118,58,42,44,57,104,614,680,56,73,54,104,56,38,242,39,310,113,189,500,56,118,37,4,43,41,56,161,114,56,37,70,55,18,40,704,19,358,750,18,222,518,39,115,42,47,21,116,57,66,57,54,42,132,57,67,41,306,120,501,82,207,58,735,121,35,225,364,81,81,75,123,138,256,117,145,42,17,35,59,24,35,112,116,18,26,24,53,35,208,249,81,434,60,57,34,172,38,56,244,57,57,114,68,251,56,35,248,224,106,244,40,40,68,164,54,116,238,52,694,52,83,85,37,113,114,60,109,22,320,55,117,40,422,59,119,107,268,37,223,30,106,40,300,109,439,84,492,17,4,153,54,55,226,176,71,57,106,82,255,667,57,116,116,39,73,59,83,119,40,56,149,57,80,59,77,133,38,112,112,21,250,458,49,174,58,109,119,119,54,173,118,31,107,130,233,248,38,21,121,43,107,57,61,33,50,54,265,72,267,444,115,275,196,90,300,31,301,424,181,368,339,428,82,211,140,52,101,114,119,58,424,106,224,40,32,113,217,72,119,116,235,58,54,283,104,19,350,278,56,68,35,25,107,41,362,57,79,268,30,353,164,57,321,18,116,58,297,37,34,226,369,284,475,112,486,237,337,436,56,116,213,258,33,268,453,91,364,57,62,140,23,74,275,67,360,112,78,26,22,312,58,54,37,322,695,74,266,38,322,108,614,152,21,397,81,59,113,84,153,54,261,59,112,56,83
2026-02-06,144,304,91,297,71,143,48,303,182,40,872,190,74,51,27,66,208,71,291,493,22,46,46,358,73,583,185,19,487,94,139,934,67,731,186,291,212,74,100,77,66,50,150,414,54,75,102,320,46,142,71,147,58,103,390,142,149,622,72,100,77,683,9,444,138,74,113,329,65,142,45,65,109,48,74,144,71,70,25,657,323,183,73,28,131,47,100,136,100,148,72,147,75,75,147,91,544,143,73,25,161,950,68,69,72,278,187,487,95,307,44,73,64,50,87,42,97,71,98,44,69,53,491,46,105,31,68,156,345,153,69,626,93,248,63,237,69,26,74,413,248,74,51,10,142,307,23,30,26,74,24,170,380,70,41,52,133,73,460,28,53,95,30,74,564,229,98,154,144,326,71,137,54,48,457,145,50,35,25,74,47,477,323,67,434,5,408,149,71,458,296,27,443,215,330,73,881,104,306,104,64,197,264,372,175,408,46,368,107,77,47,10,68,139,803,773,51,29,74,144,915,769,73,22,315,45,5,182,145,51,52,97,129,460,155,152,343,46,103,88,50,618,207,48,282,26,84,24,796,20,66,137,51,104,74,152,95,146,96,559,188,424,317,53,571,143,131,147,68,278,149,980,141,75,148,72,46,49,73,113,828,908,71,104,71,131,70,48,300,51,408,148,277,625,74,149,49,5,47,52,74,217,144,76,49,104,71,19,62,942,30,485,974,31,313,685,54,146,46,61,26,151,73,88,72,67,47,158,73,83,47,384,142,689,108,288,72,1011,142,51,304,467,88,104,98,140,167,330,150,197,47,19,51,76,27,46,144,142,31,26,27,67,45,297,301,94,565,75,73,41,180,42,75,252,70,73,149,78,290,76,51,332,341,134,282,43,52,96,232,75,150,333,50,914,66,85,96,56,146,151,71,148,25,434,66,140,44,557,70,156,133,283,64,292,52,149,49,361,164,555,95,661,20,5,209,73,75,296,302,103,70,140,102,259,909,72,145,149,61,103,76,91,152,51,68,215,73,99,76,125,164,49,143,145,24,332,546,53,194,74,140,155,198,68,183,143,45,153,151,304,290,64,25,173,46,167,75,75,47,77,57,359,87,316,570,135,416,267,92,419,43,395,617,165,463,381,536,107,279,200,66,108,146,143,72,479,150,261,53,46,147,239,98,150,138,297,67,62,324,141,31,428,318,70,94,48,28,148,48,530,72,127,320,52,496,182,76,442,31,167,74,400,42,54,268,490,280,644,138,628,308,420,506,76,149,289,452,45,347,536,156,459,77,70,161,25,89,342,75,483,141,88,28,25,436,97,74,51,479,891,103,272,51,387,129,834,159,23,483,103,77,159,89,155,73,308,72,129,74,106
2026-02-07,0,0,0,0,0,0,0,0,0,0,0,0,0,0,0,0,0,0,0,0,0,0,0,0,0,0,0,0,0,0,0,0,0,0,0,0,0,0,0,0,0,0,0,0,0,0,0,0,0,0,0,0,0,0,0,0,0,0,0,0,0,0,0,0,0,0,0,0,0,0,0,0,0,0,0,0,0,0,0,0,0,0,0,0,0,0,0,0,0,0,0,0,0,0,0,0,0,0,0,0,0,0,0,0,0,0,0,0,0,0,0,0,0,0,0,0,0,0,0,0,0,0,0,0,0,0,0,0,0,0,0,0,0,0,0,0,0,0,0,0,0,0,0,0,0,0,0,0,0,0,0,0,0,0,0,0,0,0,0,0,0,0,0,0,0,0,0,0,0,0,0,0,0,0,0,0,0,0,0,0,0,0,0,0,0,0,0,0,0,0,0,0,0,0,0,0,0,0,0,0,0,0,0,0,0,0,0,0,0,0,0,0,0,0,0,0,0,0,0,0,0,0,0,0,0,0,0,0,0,0,0,0,0,0,0,0,0,0,0,0,0,0,0,0,0,0,0,0,0,0,0,0,0,0,0,0,0,0,0,0,0,0,0,0,0,0,0,0,0,0,0,0,0,0,0,0,0,0,0,0,0,0,0,0,0,0,0,0,0,0,0,0,0,0,0,0,0,0,0,0,0,0,0,0,0,0,0,0,0,0,0,0,0,0,0,0,0,0,0,0,0,0,0,0,0,0,0,0,0,0,0,0,0,0,0,0,0,0,0,0,0,0,0,0,0,0,0,0,0,0,0,0,0,0,0,0,0,0,0,0,0,0,0,0,0,0,0,0,0,0,0,0,0,0,0,0,0,0,0,0,0,0,0,0,0,0,0,0,0,0,0,0,0,0,0,0,0,0,0,0,0,0,0,0,0,0,0,0,0,0,0,0,0,0,0,0,0,0,0,0,0,0,0,0,0,0,0,0,0,0,0,0,0,0,0,0,0,0,0,0,0,0,0,0,0,0,0,0,0,0,0,0,0,0,0,0,0,0,0,0,0,0,0,0,0,0,0,0,0,0,0,0,0,0,0,0,0,0,0,0,0,0,0,0,0,0,0,0,0,0,0,0,0,0,0,0,0,0,0,0,0,0,0,0,0,0,0,0,0,0,0,0,0,0,0,0,0,0,0,0,0,0,0,0,0,0,0,0,0,0,0,0,0,0,0,0,0,0,0,0,0,0,0,0,0,0,0,0,0,0,0,0,0,0,0,0,0,0,0,0,0,0,0,0,0,0,0,0,0,0,0,0,0,0,0,0,0,0,0,0,0,0,0,0,0,0,0,0,0,0,0,0,0,0,0,0,0,0,0,0
2026-02-08,0,0,0,0,0,0,0,0,0,0,0,0,0,0,0,0,0,0,0,0,0,0,0,0,0,0,0,0,0,0,0,0,0,0,0,0,0,0,0,0,0,0,0,0,0,0,0,0,0,0,0,0,0,0,0,0,0,0,0,0,0,0,0,0,0,0,0,0,0,0,0,0,0,0,0,0,0,0,0,0,0,0,0,0,0,0,0,0,0,0,0,0,0,0,0,0,0,0,0,0,0,0,0,0,0,0,0,0,0,0,0,0,0,0,0,0,0,0,0,0,0,0,0,0,0,0,0,0,0,0,0,0,0,0,0,0,0,0,0,0,0,0,0,0,0,0,0,0,0,0,0,0,0,0,0,0,0,0,0,0,0,0,0,0,0,0,0,0,0,0,0,0,0,0,0,0,0,0,0,0,0,0,0,0,0,0,0,0,0,0,0,0,0,0,0,0,0,0,0,0,0,0,0,0,0,0,0,0,0,0,0,0,0,0,0,0,0,0,0,0,0,0,0,0,0,0,0,0,0,0,0,0,0,0,0,0,0,0,0,0,0,0,0,0,0,0,0,0,0,0,0,0,0,0,0,0,0,0,0,0,0,0,0,0,0,0,0,0,0,0,0,0,0,0,0,0,0,0,0,0,0,0,0,0,0,0,0,0,0,0,0,0,0,0,0,0,0,0,0,0,0,0,0,0,0,0,0,0,0,0,0,0,0,0,0,0,0,0,0,0,0,0,0,0,0,0,0,0,0,0,0,0,0,0,0,0,0,0,0,0,0,0,0,0,0,0,0,0,0,0,0,0,0,0,0,0,0,0,0,0,0,0,0,0,0,0,0,0,0,0,0,0,0,0,0,0,0,0,0,0,0,0,0,0,0,0,0,0,0,0,0,0,0,0,0,0,0,0,0,0,0,0,0,0,0,0,0,0,0,0,0,0,0,0,0,0,0,0,0,0,0,0,0,0,0,0,0,0,0,0,0,0,0,0,0,0,0,0,0,0,0,0,0,0,0,0,0,0,0,0,0,0,0,0,0,0,0,0,0,0,0,0,0,0,0,0,0,0,0,0,0,0,0,0,0,0,0,0,0,0,0,0,0,0,0,0,0,0,0,0,0,0,0,0,0,0,0,0,0,0,0,0,0,0,0,0,0,0,0,0,0,0,0,0,0,0,0,0,0,0,0,0,0,0,0,0,0,0,0,0,0,0,0,0,0,0,0,0,0,0,0,0,0,0,0,0,0,0,0,0,0,0,0,0,0,0,0,0,0,0,0,0,0,0,0,0,0,0,0,0,0,0,0,0,0,0,0,0,0,0,0,0,0,0,0,0,0,0,0,0,0,0,0,0,0,0,0,0,0,0
2026-02-09,115,276,73,236,57,118,39,234,147,34,700,177,59,44,28,50,144,56,229,422,19,38,29,316,56,396,213,15,378,88,116,727,44,612,140,239,153,59,74,57,45,38,114,317,42,58,76,268,42,112,50,116,45,76,314,111,110,556,57,75,78,517,18,290,114,55,82,224,48,110,44,49,75,43,57,113,56,50,22,494,243,142,59,56,98,44,88,118,77,117,58,115,54,59,115,86,490,114,56,22,158,712,49,47,57,245,111,355,79,204,37,59,48,48,69,32,75,54,59,40,51,44,415,41,85,23,54,116,255,121,57,534,64,170,52,186,60,15,57,304,194,58,45,18,107,247,15,23,24,56,22,137,298,58,32,45,98,59,337,29,36,74,24,60,414,189,86,110,111,252,57,107,39,43,333,112,38,62,23,61,44,366,221,61,394,9,285,112,57,300,193,15,346,167,234,58,688,90,253,85,49,168,202,255,108,334,41,330,87,57,42,18,47,111,557,661,45,29,57,114,665,600,58,19,233,28,9,166,110,40,47,75,97,350,117,111,288,45,73,78,43,405,183,42,221,43,67,24,539,14,50,114,31,86,54,111,85,119,87,430,168,318,269,37,470,96,99,120,56,219,109,698,114,58,112,59,43,40,58,105,610,761,58,76,49,130,59,39,244,41,320,119,175,478,56,123,39,9,43,42,57,173,121,56,37,77,56,14,50,807,25,364,734,25,203,564,44,113,43,105,21,121,58,57,57,58,42,137,59,58,40,334,99,560,89,217,58,734,111,38,248,344,79,83,75,112,119,262,115,138,45,14,39,56,25,35,116,114,24,30,28,49,35,215,263,82,442,57,56,28,160,32,60,256,58,58,114,80,255,58,38,279,257,90,225,36,46,65,172,54,121,248,54,713,48,81,86,39,116,108,56,108,24,339,50,111,36,442,55,113,94,340,48,198,30,105,47,314,101,460,85,498,14,9,165,55,61,238,211,79,54,109,88,247,719,57,112,116,46,75,57,87,121,42,46,137,54,87,55,101,140,34,117,110,19,269,457,56,193,55,94,112,152,48,188,112,28,111,132,229,270,47,23,155,42,106,60,58,29,56,44,247,63,238,412,122,305,190,85,300,29,290,401,187,362,328,381,88,222,146,47,112,111,116,56,392,118,224,45,30,114,215,78,113,111,210,55,47,291,97,24,371,254,57,59,33,28,112,41,391,60,110,284,30,365,189,58,339,25,102,55,265,32,37,196,383,259,480,115,453,245,322,392,59,120,229,326,28,269,484,114,352,56,55,136,23,65,269,56,356,112,99,28,22,316,62,59,36,349,680,75,213,38,331,95,620,150,20,391,87,59,112,85,149,55,234,59,93,59,88
2026-02-10,125,276,85,221,60,110,37,249,159,35,698,174,61,50,31,48,121,60,242,429,22,43,28,328,62,454,218,12,408,91,117,784,48,650,160,264,151,60,73,56,50,38,114,285,46,58,71,270,42,122,48,118,48,74,321,116,118,528,55,76,69,526,18,314,121,60,91,216,49,122,41,48,77,43,61,112,60,49,21,474,260,146,61,57,98,43,89,117,73,116,59,123,61,60,118,90,519,120,61,21,157,734,48,48,57,251,115,398,71,215,45,62,47,40,68,35,76,58,54,42,47,48,490,46,92,25,59,112,259,121,60,581,55,188,50,199,60,16,58,317,177,61,41,17,117,252,16,25,20,55,21,131,314,58,35,47,95,59,353,30,39,80,25,61,453,204,89,119,128,271,59,123,36,44,357,117,38,63,21,59,46,355,245,59,375,9,276,116,60,303,184,16,376,188,243,59,709,98,246,95,46,180,218,261,113,383,43,339,94,59,42,19,51,120,612,650,41,32,56,121,719,620,57,23,235,28,9,146,126,38,43,73,98,360,117,113,278,43,77,87,44,402,181,39,211,46,66,22,557,12,53,121,33,94,64,117,80,114,85,460,175,345,242,35,526,105,102,113,59,228,117,753,114,60,114,58,43,44,57,102,673,742,62,73,50,119,59,36,252,45,342,119,206,488,58,118,35,9,44,44,54,167,121,57,38,74,58,13,50,759,25,375,755,25,222,617,50,113,44,105,21,110,59,56,58,59,40,140,59,47,44,361,90,560,96,224,58,780,113,37,244,331,76,101,72,117,136,257,114,161,44,11,38,60,31,41,121,121,25,30,31,50,37,219,285,80,462,61,59,23,159,37,60,245,58,61,115,71,248,61,40,292,246,107,243,36,47,74,164,55,120,255,60,702,49,86,85,37,117,123,59,117,21,352,50,119,45,433,59,122,97,339,48,212,31,98,43,299,110,408,86,494,12,9,176,57,58,256,249,71,58,114,95,265,760,60,123,119,49,70,64,81,123,46,50,130,58,93,59,107,156,38,123,118,23,280,462,65,228,60,104,123,156,49,212,113,29,118,141,236,273,46,22,162,42,106,60,60,29,60,37,277,66,271,452,112,337,206,85,318,28,330,380,203,361,331,393,96,236,160,52,127,117,122,60,421,109,230,49,27,122,226,70,118,122,214,55,52,308,101,25,372,314,60,55,38,32,117,43,423,58,109,294,32,356,200,58,329,25,96,56,283,35,37,200,391,303,502,113,459,232,363,395,58,115,228,340,29,267,469,118,371,60,61,126,21,65,281,48,358,120,108,33,22,296,66,59,38,385,650,70,228,37,349,110,612,143,22,399,90,58,120,83,151,59,248,59,98,59,92
2026-02-11,112,275,117,283,57,111,25,244,145,42,631,178,55,44,34,51,94,57,208,412,30,63,20,320,56,461,230,10,357,84,112,733,49,605,134,250,103,57,51,55,50,24,106,304,45,54,48,257,46,112,52,117,45,51,302,108,110,609,59,50,50,520,10,317,117,54,53,144,49,111,44,52,50,43,56,109,56,51,14,474,229,167,59,29,99,46,95,116,51,107,53,105,51,54,107,90,580,114,54,16,157,708,54,50,56,245,78,422,49,129,61,56,52,31,78,39,48,56,40,42,50,45,400,46,92,16,53,112,166,101,54,545,38,180,48,209,53,10,52,328,123,55,30,10,115,227,10,16,15,54,15,162,329,51,42,44,101,56,350,34,24,90,15,57,464,199,92,107,111,239,57,111,26,45,336,108,25,36,15,57,45,331,231,54,360,5,184,119,57,322,125,10,371,206,228,54,624,88,240,86,49,185,209,253,70,365,46,301,91,57,46,10,50,106,594,628,30,34,55,110,612,559,54,29,226,20,5,109,111,24,31,52,98,346,116,112,259,43,49,120,42,288,198,45,211,23,80,15,565,10,49,109,20,91,53,111,89,109,89,522,172,285,242,25,489,104,98,116,50,230,109,689,114,57,110,57,43,41,55,73,571,685,58,51,49,79,55,25,239,43,368,106,199,435,54,107,26,5,44,43,53,119,110,59,24,49,58,10,30,658,16,345,673,15,189,584,45,116,43,59,15,107,54,41,55,57,48,146,55,40,44,342,70,566,94,223,53,785,113,25,244,326,55,87,53,108,140,250,119,167,32,9,25,54,36,39,108,115,15,33,34,51,41,141,260,93,428,54,53,21,186,40,58,242,55,55,109,49,262,55,25,269,153,101,212,39,47,81,110,56,108,232,71,634,51,126,89,25,111,111,55,106,15,326,50,109,64,424,56,111,105,364,28,219,20,101,30,255,70,422,91,518,10,5,180,55,52,216,128,50,54,112,93,287,714,55,104,110,31,50,56,92,116,45,52,91,58,90,56,63,154,38,110,106,30,269,470,69,242,59,99,111,94,46,246,111,20,110,144,153,266,31,15,137,46,71,55,53,21,55,29,264,84,245,425,111,329,184,86,296,19,338,285,236,380,368,391,88,225,104,51,129,117,112,54,421,106,193,44,21,106,224,53,105,111,213,53,53,328,105,14,329,414,54,40,40,35,111,45,407,55,66,295,20,232,233,55,330,15,70,56,258,41,26,214,411,412,479,113,438,230,307,417,58,114,256,209,21,276,435,72,310,57,55,94,15,81,266,41,342,117,107,35,16,203,40,52,24,341,642,49,266,25,338,95,569,156,30,385,94,51,108,91,167,55,245,57,95,53,94
2026-02-12,117,280,86,243,63,124,42,267,172,36,761,177,60,47,26,51,155,59,246,447,20,39,34,323,60,462,199,15,421,94,122,763,51,639,155,257,163,64,86,65,55,41,134,319,45,63,83,293,45,120,53,123,46,83,322,123,128,586,62,78,87,575,18,337,125,61,97,266,55,127,44,49,86,44,64,122,64,51,24,500,254,166,62,58,110,44,90,124,87,123,59,120,61,61,130,89,529,119,64,25,155,732,51,53,59,242,124,416,84,220,41,66,52,51,70,34,79,62,67,44,57,44,423,42,96,25,63,121,283,130,61,574,68,190,51,201,61,17,62,298,210,61,49,19,123,269,17,26,25,64,25,140,321,65,36,44,108,59,359,28,42,88,26,60,450,213,90,123,121,300,59,123,41,45,346,122,41,63,26,61,42,361,260,62,396,9,310,128,62,342,218,16,366,186,275,59,689,95,261,92,55,174,233,281,123,368,45,350,92,62,44,19,54,123,658,644,54,31,62,124,739,663,63,19,259,31,9,184,123,42,52,82,108,403,128,112,278,42,82,80,48,492,206,45,232,45,70,26,571,16,54,126,33,94,61,124,93,129,89,465,173,347,271,41,531,107,115,127,62,236,131,761,120,64,125,62,46,44,61,110,679,795,67,84,53,137,65,42,256,50,348,130,202,535,57,122,42,9,45,47,58,188,122,61,43,82,61,15,51,817,26,366,809,26,232,597,45,122,46,107,26,128,61,70,67,61,44,143,58,63,47,355,115,558,95,229,60,841,129,43,274,385,93,86,82,130,126,280,125,156,50,15,42,62,29,38,126,124,26,29,30,54,39,256,277,86,483,64,59,33,171,36,63,271,65,63,123,88,265,63,40,276,276,106,237,36,43,70,193,62,121,259,59,698,49,79,88,42,119,123,63,127,24,359,54,129,40,452,61,122,112,327,52,234,35,104,48,316,123,423,89,541,16,9,174,59,64,249,222,80,62,123,90,270,728,62,126,129,53,83,64,89,124,45,53,149,63,87,60,119,159,35,123,130,20,277,496,59,197,64,107,121,165,53,210,122,34,126,145,261,276,51,24,154,44,115,63,61,33,61,46,286,74,270,465,123,348,209,92,365,33,360,444,198,377,344,396,92,253,174,56,123,126,122,60,442,119,234,48,34,120,237,87,126,125,220,63,53,309,104,27,367,293,64,66,37,28,121,45,423,60,114,273,34,395,191,62,355,25,117,63,282,35,44,220,428,254,502,121,514,254,351,436,66,126,249,360,34,284,499,117,376,61,62,165,25,73,271,65,396,130,104,30,26,352,70,62,44,388,693,83,236,41,368,108,694,168,20,390,92,63,127,90,154,64,259,63,108,62,85
2026-02-13,125,317,75,271,57,117,44,254,135,38,687,149,57,38,29,45,193,57,226,348,19,37,28,285,59,333,205,20,402,98,122,720,50,506,124,221,162,61,80,58,46,39,120,288,39,58,79,252,49,115,48,117,35,75,319,111,119,603,59,79,106,530,23,285,117,57,72,246,45,112,48,44,79,49,57,115,59,48,31,504,247,164,60,67,92,50,75,118,79,122,57,115,62,54,121,95,560,112,58,30,154,694,47,47,55,282,120,375,79,121,38,59,50,61,72,37,80,56,58,48,51,37,345,52,71,20,59,122,256,113,57,431,58,183,45,171,57,8,58,217,204,56,61,23,116,244,9,20,30,57,30,152,351,61,37,36,94,60,343,29,40,98,19,57,397,224,101,116,109,264,58,110,40,47,354,123,39,76,32,57,49,335,211,58,372,11,267,119,58,306,180,9,358,145,268,57,650,79,237,75,50,182,219,277,68,322,46,320,75,59,49,22,48,106,522,615,58,30,59,122,684,642,60,19,230,29,11,215,119,40,65,77,96,364,118,116,264,51,84,76,49,435,206,50,247,56,81,30,504,20,46,120,18,82,57,109,100,113,97,489,196,326,258,42,418,99,96,114,59,209,119,673,115,60,117,58,51,54,59,142,593,742,58,78,48,177,59,41,234,38,275,115,140,481,57,113,41,12,51,38,56,188,118,59,41,75,58,20,40,754,21,309,744,19,211,487,38,115,49,134,33,114,55,60,61,56,48,147,58,82,50,282,140,424,74,207,61,733,118,41,267,303,114,79,78,116,102,265,115,119,62,21,40,57,30,28,124,116,20,30,29,46,26,222,285,96,415,60,61,43,172,38,56,283,57,61,113,104,289,61,39,232,267,95,225,37,38,57,178,59,120,230,58,723,46,72,100,40,116,115,57,113,31,316,49,109,36,435,57,114,99,326,42,196,18,97,62,329,64,410,93,504,20,11,138,55,58,239,175,80,59,115,73,284,704,63,120,116,41,81,61,95,116,39,47,129,61,77,59,93,134,26,116,128,18,222,476,59,215,55,92,114,131,47,209,118,29,117,159,260,305,38,30,144,53,97,56,60,29,59,61,268,73,246,398,127,270,202,93,304,30,342,376,179,359,364,367,77,246,147,47,103,117,112,58,483,120,206,41,30,128,246,82,112,116,198,56,47,326,88,21,335,233,57,55,26,31,112,51,370,58,92,344,18,390,205,56,324,19,96,59,253,38,40,188,376,250,466,122,467,259,318,382,57,117,223,276,31,262,446,87,352,59,61,202,30,73,268,79,365,113,111,30,31,331,36,56,41,331,678,89,252,38,395,94,673,186,17,413,72,56,121,102,173,58,260,58,97,61,80
2026-02-14,0,0,0,0,0,0,0,0,0,0,0,0,0,0,0,0,0,0,0,0,0,0,0,0,0,0,0,0,0,0,0,0,0,0,0,0,0,0,0,0,0,0,0,0,0,0,0,0,0,0,0,0,0,0,0,0,0,0,0,0,0,0,0,0,0,0,0,0,0,0,0,0,0,0,0,0,0,0,0,0,0,0,0,0,0,0,0,0,0,0,0,0,0,0,0,0,0,0,0,0,0,0,0,0,0,0,0,0,0,0,0,0,0,0,0,0,0,0,0,0,0,0,0,0,0,0,0,0,0,0,0,0,0,0,0,0,0,0,0,0,0,0,0,0,0,0,0,0,0,0,0,0,0,0,0,0,0,0,0,0,0,0,0,0,0,0,0,0,0,0,0,0,0,0,0,0,0,0,0,0,0,0,0,0,0,0,0,0,0,0,0,0,0,0,0,0,0,0,0,0,0,0,0,0,0,0,0,0,0,0,0,0,0,0,0,0,0,0,0,0,0,0,0,0,0,0,0,0,0,0,0,0,0,0,0,0,0,0,0,0,0,0,0,0,0,0,0,0,0,0,0,0,0,0,0,0,0,0,0,0,0,0,0,0,0,0,0,0,0,0,0,0,0,0,0,0,0,0,0,0,0,0,0,0,0,0,0,0,0,0,0,0,0,0,0,0,0,0,0,0,0,0,0,0,0,0,0,0,0,0,0,0,0,0,0,0,0,0,0,0,0,0,0,0,0,0,0,0,0,0,0,0,0,0,0,0,0,0,0,0,0,0,0,0,0,0,0,0,0,0,0,0,0,0,0,0,0,0,0,0,0,0,0,0,0,0,0,0,0,0,0,0,0,0,0,0,0,0,0,0,0,0,0,0,0,0,0,0,0,0,0,0,0,0,0,0,0,0,0,0,0,0,0,0,0,0,0,0,0,0,0,0,0,0,0,0,0,0,0,0,0,0,0,0,0,0,0,0,0,0,0,0,0,0,0,0,0,0,0,0,0,0,0,0,0,0,0,0,0,0,0,0,0,0,0,0,0,0,0,0,0,0,0,0,0,0,0,0,0,0,0,0,0,0,0,0,0,0,0,0,0,0,0,0,0,0,0,0,0,0,0,0,0,0,0,0,0,0,0,0,0,0,0,0,0,0,0,0,0,0,0,0,0,0,0,0,0,0,0,0,0,0,0,0,0,0,0,0,0,0,0,0,0,0,0,0,0,0,0,0,0,0,0,0,0,0,0,0,0,0,0,0,0,0,0,0,0,0,0,0,0,0,0,0,0,0,0,0,0,0,0,0,0,0,0,0,0,0,0,0,0,0,0,0,0,0,0,0,0,0,0,0,0,0,0,0,0,0,0,0
2026-02-15,0,0,0,0,0,0,0,0,0,0,0,0,0,0,0,0,0,0,0,0,0,0,0,0,0,0,0,0,0,0,0,0,0,0,0,0,0,0,0,0,0,0,0,0,0,0,0,0,0,0,0,0,0,0,0,0,0,0,0,0,0,0,0,0,0,0,0,0,0,0,0,0,0,0,0,0,0,0,0,0,0,0,0,0,0,0,0,0,0,0,0,0,0,0,0,0,0,0,0,0,0,0,0,0,0,0,0,0,0,0,0,0,0,0,0,0,0,0,0,0,0,0,0,0,0,0,0,0,0,0,0,0,0,0,0,0,0,0,0,0,0,0,0,0,0,0,0,0,0,0,0,0,0,0,0,0,0,0,0,0,0,0,0,0,0,0,0,0,0,0,0,0,0,0,0,0,0,0,0,0,0,0,0,0,0,0,0,0,0,0,0,0,0,0,0,0,0,0,0,0,0,0,0,0,0,0,0,0,0,0,0,0,0,0,0,0,0,0,0,0,0,0,0,0,0,0,0,0,0,0,0,0,0,0,0,0,0,0,0,0,0,0,0,0,0,0,0,0,0,0,0,0,0,0,0,0,0,0,0,0,0,0,0,0,0,0,0,0,0,0,0,0,0,0,0,0,0,0,0,0,0,0,0,0,0,0,0,0,0,0,0,0,0,0,0,0,0,0,0,0,0,0,0,0,0,0,0,0,0,0,0,0,0,0,0,0,0,0,0,0,0,0,0,0,0,0,0,0,0,0,0,0,0,0,0,0,0,0,0,0,0,0,0,0,0,0,0,0,0,0,0,0,0,0,0,0,0,0,0,0,0,0,0,0,0,0,0,0,0,0,0,0,0,0,0,0,0,0,0,0,0,0,0,0,0,0,0,0,0,0,0,0,0,0,0,0,0,0,0,0,0,0,0,0,0,0,0,0,0,0,0,0,0,0,0,0,0,0,0,0,0,0,0,0,0,0,0,0,0,0,0,0,0,0,0,0,0,0,0,0,0,0,0,0,0,0,0,0,0,0,0,0,0,0,0,0,0,0,0,0,0,0,0,0,0,0,0,0,0,0,0,0,0,0,0,0,0,0,0,0,0,0,0,0,0,0,0,0,0,0,0,0,0,0,0,0,0,0,0,0,0,0,0,0,0,0,0,0,0,0,0,0,0,0,0,0,0,0,0,0,0,0,0,0,0,0,0,0,0,0,0,0,0,0,0,0,0,0,0,0,0,0,0,0,0,0,0,0,0,0,0,0,0,0,0,0,0,0,0,0,0,0,0,0,0,0,0,0,0,0,0,0,0,0,0,0,0,0,0,0,0,0,0,0,0,0,0,0,0,0,0,0,0,0,0,0,0,0,0,0
2026-02-16,114,272,97,246,59,112,35,247,150,40,698,173,59,44,30,51,144,61,230,408,23,47,27,317,60,396,224,14,377,87,115,731,51,617,145,233,141,59,70,59,51,33,118,300,44,56,65,272,46,120,51,117,42,71,320,112,110,630,56,71,73,520,15,304,120,54,72,224,50,108,45,52,72,45,56,116,59,51,22,497,234,158,54,49,98,46,86,112,73,114,55,118,54,58,107,93,563,117,57,21,155,697,50,52,59,258,110,373,68,165,46,60,51,42,69,38,68,55,56,45,45,47,439,44,91,21,60,119,229,120,56,541,53,185,48,192,61,14,56,320,179,59,45,16,115,253,13,21,22,60,22,153,301,61,35,46,101,58,335,32,35,90,20,55,429,216,92,121,113,258,61,116,36,45,371,113,35,56,22,55,43,356,247,56,334,8,262,120,57,332,185,13,362,176,231,60,706,90,258,84,48,183,210,280,93,344,42,349,85,59,46,16,51,117,586,599,41,31,58,120,641,619,61,21,239,27,8,150,121,36,46,70,102,351,112,122,278,46,70,91,44,375,201,47,223,40,75,24,527,14,52,118,27,87,57,115,84,114,92,496,181,315,258,34,467,94,97,121,54,212,106,756,112,57,115,59,46,48,58,108,641,682,59,72,53,116,53,35,247,42,364,110,200,462,55,114,36,8,44,46,57,147,120,58,35,68,58,14,42,762,21,376,744,21,217,557,46,117,42,93,22,118,59,55,58,56,46,132,58,54,44,317,92,547,84,226,56,773,117,34,254,333,84,86,68,112,143,269,115,158,44,14,33,58,31,35,117,118,20,32,32,50,38,199,252,89,443,58,55,27,164,35,57,236,58,56,118,75,279,59,33,256,220,99,211,36,45,73,156,59,116,247,61,732,52,97,89,34,116,108,58,117,22,331,53,117,45,450,56,112,99,322,41,218,26,95,43,306,86,413,85,516,14,8,168,57,57,239,194,69,59,118,90,261,701,55,120,122,43,75,58,90,112,41,51,119,59,85,60,94,154,35,115,123,24,292,476,59,221,59,96,123,136,50,227,109,26,112,144,218,262,43,22,144,46,94,58,56,27,54,43,265,71,269,460,112,337,205,91,302,26,326,355,214,364,338,394,88,234,143,50,115,119,117,55,440,113,221,44,28,117,237,67,117,116,201,60,51,336,109,22,342,317,59,52,34,33,114,47,409,54,93,309,27,327,211,56,338,21,99,61,282,36,35,207,368,312,477,119,493,240,352,407,59,124,248,305,26,277,466,95,340,63,61,136,22,78,272,57,370,121,106,31,22,288,53,57,34,353,665,71,237,36,342,102,633,151,24,393,87,58,109,91,174,57,241,61,101,57,91
2026-02-17,106,225,71,192,49,94,32,201,141,26,581,146,50,39,24,45,111,53,188,363,17,35,27,267,48,413,160,12,330,70,103,592,44,545,126,216,125,45,68,49,43,32,95,255,39,47,63,222,33,93,44,100,37,63,267,103,98,450,48,61,56,476,12,274,94,48,79,195,46,98,34,45,65,33,49,100,48,43,17,413,203,128,48,35,78,34,76,92,60,99,51,95,48,48,101,69,412,97,49,17,113,614,41,44,51,193,110,333,62,189,34,50,42,34,55,27,62,49,52,34,42,39,369,33,73,21,48,99,213,103,50,471,53,156,43,168,51,14,49,275,153,48,34,11,100,208,15,20,18,51,17,122,254,47,28,40,86,50,298,25,33,68,20,49,367,148,69,95,95,221,49,94,32,36,283,103,33,42,17,48,35,287,207,50,302,6,244,103,48,265,170,15,307,149,212,50,545,72,207,77,46,126,181,212,103,303,34,293,76,47,33,13,41,93,494,567,34,23,51,98,564,525,50,17,197,27,6,118,94,34,32,63,87,316,102,98,241,34,62,67,35,394,157,35,173,29,55,16,478,11,43,94,29,73,49,96,69,97,67,349,132,302,215,30,421,87,87,104,51,188,99,639,100,50,101,49,34,34,50,83,508,644,49,60,44,86,50,32,198,38,305,101,174,407,49,96,32,6,35,40,47,142,104,51,33,64,47,11,43,638,22,331,627,21,195,521,37,98,34,70,17,97,51,52,51,49,35,111,48,47,35,302,78,497,77,192,49,647,99,32,201,310,63,74,62,98,114,224,97,130,35,11,33,48,24,32,101,99,22,22,24,43,32,187,212,63,371,47,51,22,137,27,50,203,48,50,103,55,193,50,32,233,205,87,200,28,38,58,146,49,98,210,43,594,41,73,69,31,94,104,49,104,17,270,43,93,32,355,47,94,84,242,42,192,31,85,35,250,106,365,67,420,11,6,152,49,48,210,190,66,49,102,77,206,582,48,100,94,42,66,47,71,91,38,40,120,48,72,47,90,119,35,100,99,17,223,404,45,170,52,93,95,124,43,161,98,27,95,112,205,192,41,17,131,33,94,51,50,24,51,35,230,53,231,375,100,283,168,73,266,25,251,347,158,309,262,344,72,209,131,44,85,99,106,49,323,98,187,39,25,96,177,65,96,95,187,50,43,251,94,22,309,235,48,50,31,23,97,34,346,48,82,224,32,283,151,46,288,21,93,47,244,29,34,186,330,234,419,95,389,190,285,331,46,94,193,297,26,227,373,104,295,49,46,109,16,60,227,41,320,91,82,22,17,262,63,49,33,294,541,68,184,33,251,85,555,124,17,337,74,47,106,68,119,53,200,49,83,50,77
2026-02-18,101,235,85,217,52,104,35,231,165,29,625,166,54,49,29,45,90,52,225,404,19,37,24,321,54,438,205,9,395,75,112,714,46,617,155,249,129,54,68,54,46,33,111,276,47,55,72,245,37,111,46,109,43,67,286,106,112,476,55,73,60,486,18,277,105,57,93,205,46,99,37,48,69,39,56,102,55,46,18,459,218,123,53,54,90,37,95,105,69,107,56,100,53,54,103,77,487,110,56,18,125,651,45,46,52,238,100,370,69,205,39,54,45,38,59,30,69,57,51,39,49,46,430,37,94,25,54,117,218,111,54,550,48,162,46,194,57,15,54,301,159,53,36,18,111,235,17,26,18,53,17,117,253,55,31,46,94,52,314,27,34,75,25,56,398,173,78,109,96,236,56,104,35,40,346,108,34,59,18,56,36,333,234,53,341,9,258,100,53,290,167,17,349,181,221,55,666,91,230,85,43,143,182,238,111,358,40,339,91,54,38,18,48,112,486,614,37,32,53,105,623,566,52,20,214,23,9,123,109,32,35,65,94,324,107,104,269,38,73,84,38,349,164,39,201,45,56,18,517,9,46,113,32,86,55,110,81,110,74,405,145,320,229,33,521,92,88,106,56,208,109,655,104,56,106,55,36,38,56,80,609,721,51,71,46,99,55,37,206,44,340,107,185,425,52,113,35,9,41,45,57,151,109,53,36,71,57,9,50,696,25,379,683,25,195,589,45,107,38,107,17,108,52,47,54,51,39,120,52,37,41,330,63,553,88,201,55,763,111,34,218,309,63,88,69,111,120,237,105,149,35,9,35,55,29,36,109,109,25,29,30,44,38,203,228,74,430,55,56,18,145,29,53,218,53,55,115,58,254,58,33,267,218,91,214,29,43,73,150,57,110,247,59,637,43,79,77,34,109,101,51,109,18,307,45,107,41,409,55,112,89,335,51,201,32,92,37,309,104,417,77,482,9,9,158,50,55,229,213,69,57,106,91,229,699,54,110,106,48,68,53,79,106,45,46,112,53,88,53,111,157,34,108,104,20,278,418,60,210,52,89,108,157,45,202,107,23,112,130,202,232,50,18,155,38,92,57,56,27,48,27,247,59,238,397,110,309,199,77,288,25,299,362,205,335,281,363,87,228,135,46,120,113,115,51,377,105,206,45,26,104,185,67,109,109,196,57,45,268,95,25,321,278,58,49,36,31,112,40,441,54,102,266,31,327,189,55,335,26,87,53,245,31,33,191,356,246,487,113,452,203,313,356,55,111,217,351,24,234,415,118,322,51,54,114,19,58,251,37,337,110,106,29,18,268,65,55,34,328,591,64,206,34,282,93,565,129,19,377,90,54,108,76,139,53,218,52,89,51,90
2026-02-19,120,328,119,306,58,116,33,273,157,41,791,184,62,46,36,55,133,61,242,445,29,54,26,325,64,493,250,12,396,97,126,825,53,644,165,284,139,67,71,59,55,33,123,334,51,63,71,281,48,129,58,122,48,67,339,124,130,617,58,66,70,601,14,344,126,58,77,204,52,122,46,59,72,48,64,121,66,54,19,487,264,175,62,42,111,50,97,128,73,124,64,118,61,62,130,104,620,129,64,21,167,798,55,56,59,287,109,426,69,183,58,60,54,38,88,43,69,61,51,48,57,47,488,49,95,21,64,123,222,115,64,574,50,203,53,224,57,13,61,346,164,61,38,15,129,267,14,20,22,64,19,170,346,58,40,51,117,64,405,35,32,101,22,64,517,224,104,124,124,271,68,131,33,50,385,119,35,49,21,60,47,386,264,60,412,7,247,125,59,352,182,15,409,206,252,59,764,97,275,97,55,186,241,288,95,456,46,368,99,64,48,13,52,127,653,712,40,35,64,123,735,688,62,28,258,27,7,143,121,34,42,70,108,373,131,119,293,49,71,110,48,385,216,48,236,34,79,21,593,12,53,124,29,96,65,123,99,128,97,526,192,370,253,34,506,106,111,123,60,250,125,799,124,62,131,63,46,46,61,101,653,756,60,67,54,106,61,35,279,50,397,115,222,469,61,119,35,7,50,48,64,149,123,60,33,71,65,13,45,756,20,411,836,21,231,629,48,125,48,87,20,125,62,52,59,64,49,160,58,51,51,376,85,572,96,226,63,825,123,34,257,375,75,101,69,121,164,281,120,181,41,13,34,62,35,39,131,121,20,35,36,55,40,200,276,93,492,61,60,26,186,41,61,261,60,61,124,63,299,62,34,308,206,110,243,41,47,81,154,62,128,255,67,799,58,108,95,34,122,125,64,117,21,355,55,126,55,464,67,117,106,370,40,231,28,119,40,325,102,447,101,531,13,6,192,61,61,246,185,70,61,118,98,286,789,61,123,127,41,64,58,90,129,49,53,130,59,95,61,92,171,41,126,133,28,293,519,66,246,65,108,120,131,53,245,129,26,127,145,210,298,42,19,159,47,101,62,62,27,62,41,287,82,281,478,126,360,204,99,336,27,333,370,230,394,376,449,94,259,136,58,135,126,122,64,492,138,230,47,27,124,252,70,124,118,232,64,56,309,109,21,375,388,62,55,44,35,125,48,453,64,85,315,27,310,231,66,350,21,101,61,295,40,34,240,442,363,525,128,536,253,394,442,61,126,245,300,27,312,514,102,349,66,62,125,21,83,293,51,385,128,123,35,19,277,57,59,34,384,739,67,273,34,359,104,671,159,29,412,94,61,126,95,178,64,286,59,112,61,105
2026-02-20,103,274,70,228,48,99,31,207,124,30,601,139,50,36,26,42,148,50,192,305,18,33,24,259,51,306,178,15,363,85,101,623,38,484,113,204,134,51,68,52,40,32,90,253,36,52,66,226,43,109,40,101,35,63,272,96,106,512,50,65,76,435,18,245,99,50,60,212,40,105,40,39,68,41,49,100,49,42,23,438,220,151,50,52,84,40,70,98,65,100,50,99,52,50,97,82,476,102,48,24,147,580,37,41,48,238,100,351,64,113,33,50,42,48,61,32,64,48,48,42,40,34,335,41,70,18,52,99,207,108,47,426,49,156,40,158,50,9,52,208,171,49,44,19,104,209,9,17,23,51,24,131,293,52,33,37,83,50,276,25,33,80,18,48,336,186,83,97,101,225,49,100,35,42,288,95,33,66,25,51,42,336,199,48,313,9,227,102,47,264,155,9,318,138,211,52,572,67,227,71,42,160,179,225,62,283,43,271,75,50,41,18,39,94,476,523,49,27,51,104,586,515,49,17,206,23,9,165,101,34,50,61,82,307,97,97,242,43,66,69,41,368,174,42,199,44,65,23,461,15,40,104,17,65,49,98,81,99,80,401,163,288,231,32,398,84,82,99,51,180,99,576,103,48,106,48,40,37,48,110,547,644,51,65,40,131,50,33,202,33,274,104,138,402,49,103,32,9,40,34,49,149,97,49,32,72,50,15,34,653,17,284,641,18,185,452,35,99,45,111,24,102,47,50,49,47,40,128,47,57,40,265,104,439,73,187,48,677,102,32,224,293,93,70,65,104,97,229,96,113,46,15,33,51,25,27,96,99,19,25,25,43,27,185,240,81,380,49,50,31,151,32,53,231,50,48,101,83,243,50,34,203,204,82,191,34,34,51,150,46,101,218,52,573,42,68,82,32,99,89,51,107,25,284,39,103,35,368,51,101,84,304,37,179,17,77,51,268,64,355,87,426,15,9,134,52,47,202,152,61,50,95,67,238,620,51,106,97,35,69,51,81,105,37,42,102,51,74,51,84,130,26,105,103,17,207,384,50,184,51,82,103,119,42,191,100,23,99,131,213,240,36,24,122,39,80,50,51,24,49,50,225,61,233,333,99,257,174,79,260,24,276,312,175,333,327,308,70,200,123,39,102,104,97,49,376,102,183,35,24,100,211,66,103,97,190,46,39,300,83,18,310,247,51,49,26,25,99,41,332,51,78,275,19,314,180,52,268,18,84,53,217,32,32,171,328,220,440,98,420,212,305,335,49,106,190,259,23,231,406,80,313,47,49,144,23,65,222,61,335,103,92,25,23,260,36,49,33,293,542,65,205,31,314,81,579,149,16,333,72,51,97,78,142,50,211,51,78,51,69
2026-02-21,0,0,0,0,0,0,0,0,0,0,0,0,0,0,0,0,0,0,0,0,0,0,0,0,0,0,0,0,0,0,0,0,0,0,0,0,0,0,0,0,0,0,0,0,0,0,0,0,0,0,0,0,0,0,0,0,0,0,0,0,0,0,0,0,0,0,0,0,0,0,0,0,0,0,0,0,0,0,0,0,0,0,0,0,0,0,0,0,0,0,0,0,0,0,0,0,0,0,0,0,0,0,0,0,0,0,0,0,0,0,0,0,0,0,0,0,0,0,0,0,0,0,0,0,0,0,0,0,0,0,0,0,0,0,0,0,0,0,0,0,0,0,0,0,0,0,0,0,0,0,0,0,0,0,0,0,0,0,0,0,0,0,0,0,0,0,0,0,0,0,0,0,0,0,0,0,0,0,0,0,0,0,0,0,0,0,0,0,0,0,0,0,0,0,0,0,0,0,0,0,0,0,0,0,0,0,0,0,0,0,0,0,0,0,0,0,0,0,0,0,0,0,0,0,0,0,0,0,0,0,0,0,0,0,0,0,0,0,0,0,0,0,0,0,0,0,0,0,0,0,0,0,0,0,0,0,0,0,0,0,0,0,0,0,0,0,0,0,0,0,0,0,0,0,0,0,0,0,0,0,0,0,0,0,0,0,0,0,0,0,0,0,0,0,0,0,0,0,0,0,0,0,0,0,0,0,0,0,0,0,0,0,0,0,0,0,0,0,0,0,0,0,0,0,0,0,0,0,0,0,0,0,0,0,0,0,0,0,0,0,0,0,0,0,0,0,0,0,0,0,0,0,0,0,0,0,0,0,0,0,0,0,0,0,0,0,0,0,0,0,0,0,0,0,0,0,0,0,0,0,0,0,0,0,0,0,0,0,0,0,0,0,0,0,0,0,0,0,0,0,0,0,0,0,0,0,0,0,0,0,0,0,0,0,0,0,0,0,0,0,0,0,0,0,0,0,0,0,0,0,0,0,0,0,0,0,0,0,0,0,0,0,0,0,0,0,0,0,0,0,0,0,0,0,0,0,0,0,0,0,0,0,0,0,0,0,0,0,0,0,0,0,0,0,0,0,0,0,0,0,0,0,0,0,0,0,0,0,0,0,0,0,0,0,0,0,0,0,0,0,0,0,0,0,0,0,0,0,0,0,0,0,0,0,0,0,0,0,0,0,0,0,0,0,0,0,0,0,0,0,0,0,0,0,0,0,0,0,0,0,0,0,0,0,0,0,0,0,0,0,0,0,0,0,0,0,0,0,0,0,0,0,0,0,0,0,0,0,0,0,0,0,0,0,0,0,0,0,0,0,0,0,0,0,0,0,0,0,0,0,0,0,0,0,0,0,0,0,0,0
2026-02-22,0,0,0,0,0,0,0,0,0,0,0,0,0,0,0,0,0,0,0,0,0,0,0,0,0,0,0,0,0,0,0,0,0,0,0,0,0,0,0,0,0,0,0,0,0,0,0,0,0,0,0,0,0,0,0,0,0,0,0,0,0,0,0,0,0,0,0,0,0,0,0,0,0,0,0,0,0,0,0,0,0,0,0,0,0,0,0,0,0,0,0,0,0,0,0,0,0,0,0,0,0,0,0,0,0,0,0,0,0,0,0,0,0,0,0,0,0,0,0,0,0,0,0,0,0,0,0,0,0,0,0,0,0,0,0,0,0,0,0,0,0,0,0,0,0,0,0,0,0,0,0,0,0,0,0,0,0,0,0,0,0,0,0,0,0,0,0,0,0,0,0,0,0,0,0,0,0,0,0,0,0,0,0,0,0,0,0,0,0,0,0,0,0,0,0,0,0,0,0,0,0,0,0,0,0,0,0,0,0,0,0,0,0,0,0,0,0,0,0,0,0,0,0,0,0,0,0,0,0,0,0,0,0,0,0,0,0,0,0,0,0,0,0,0,0,0,0,0,0,0,0,0,0,0,0,0,0,0,0,0,0,0,0,0,0,0,0,0,0,0,0,0,0,0,0,0,0,0,0,0,0,0,0,0,0,0,0,0,0,0,0,0,0,0,0,0,0,0,0,0,0,0,0,0,0,0,0,0,0,0,0,0,0,0,0,0,0,0,0,0,0,0,0,0,0,0,0,0,0,0,0,0,0,0,0,0,0,0,0,0,0,0,0,0,0,0,0,0,0,0,0,0,0,0,0,0,0,0,0,0,0,0,0,0,0,0,0,0,0,0,0,0,0,0,0,0,0,0,0,0,0,0,0,0,0,0,0,0,0,0,0,0,0,0,0,0,0,0,0,0,0,0,0,0,0,0,0,0,0,0,0,0,0,0,0,0,0,0,0,0,0,0,0,0,0,0,0,0,0,0,0,0,0,0,0,0,0,0,0,0,0,0,0,0,0,0,0,0,0,0,0,0,0,0,0,0,0,0,0,0,0,0,0,0,0,0,0,0,0,0,0,0,0,0,0,0,0,0,0,0,0,0,0,0,0,0,0,0,0,0,0,0,0,0,0,0,0,0,0,0,0,0,0,0,0,0,0,0,0,0,0,0,0,0,0,0,0,0,0,0,0,0,0,0,0,0,0,0,0,0,0,0,0,0,0,0,0,0,0,0,0,0,0,0,0,0,0,0,0,0,0,0,0,0,0,0,0,0,0,0,0,0,0,0,0,0,0,0,0,0,0,0,0,0,0,0,0,0,0,0,0,0,0,0,0,0,0,0,0,0,0,0,0,0,0,0,0,0,0,0
2026-02-23,75,186,41,129,40,83,28,164,111,19,500,128,38,31,21,29,86,39,161,266,10,20,20,239,41,227,148,9,294,62,78,512,27,428,105,177,118,40,59,39,31,29,81,176,32,40,55,191,29,79,29,85,34,59,206,83,79,333,40,60,71,289,23,164,76,42,76,182,30,77,31,29,62,30,41,82,40,29,20,321,164,89,39,70,58,29,62,77,60,82,40,81,40,40,85,62,331,79,41,20,106,469,28,29,41,164,80,235,59,123,20,39,28,40,40,20,58,40,38,30,29,30,305,28,60,20,41,77,190,83,37,368,39,103,26,138,42,10,41,171,150,38,39,22,79,183,9,21,20,41,20,76,172,39,20,31,58,41,206,22,29,58,20,41,263,127,60,82,83,181,40,84,31,32,236,80,30,78,20,38,29,250,136,40,249,11,205,79,40,177,119,10,242,113,173,39,456,65,159,64,28,116,142,188,65,232,30,238,62,39,31,23,27,74,331,427,41,21,41,85,473,421,41,10,158,20,11,136,81,30,39,59,56,227,83,78,192,30,60,37,31,300,120,30,149,55,37,20,327,9,30,77,20,61,40,77,62,82,62,230,129,241,184,29,340,57,56,80,38,123,80,423,80,40,79,41,30,31,43,88,389,495,41,58,28,112,41,29,126,30,225,81,110,328,38,78,30,11,31,32,39,126,79,40,30,61,40,9,44,534,22,257,496,21,156,411,31,76,31,134,20,79,40,38,40,43,31,96,41,35,31,229,61,389,63,160,38,560,82,30,164,227,71,67,58,85,69,184,79,78,40,9,31,37,21,21,78,79,20,21,21,29,20,182,174,59,326,40,39,17,90,19,39,174,44,39,80,73,186,41,30,191,193,61,151,19,31,38,138,37,84,179,44,476,29,42,62,29,76,81,39,78,22,228,28,80,20,280,42,84,57,260,44,129,20,58,41,225,69,281,55,331,9,11,111,37,37,162,173,60,40,79,57,162,503,42,80,82,43,59,41,58,85,31,30,91,40,66,39,96,115,20,84,81,10,195,328,43,149,41,56,80,146,29,152,78,19,79,92,175,187,44,19,115,29,68,40,38,19,38,26,171,36,161,262,82,216,154,60,216,20,224,258,132,243,224,229,65,164,119,31,87,78,80,40,276,76,157,34,18,82,146,62,82,77,125,40,28,208,59,22,240,140,41,38,20,22,82,29,279,42,96,194,19,296,152,40,220,21,67,42,167,19,30,119,260,125,326,78,307,162,236,235,41,79,175,292,19,173,336,96,239,41,41,126,21,39,181,36,276,83,91,21,21,217,40,38,30,253,452,61,131,32,224,55,426,112,10,274,63,38,78,60,103,42,162,41,60,39,62
2026-02-24,128,323,107,263,71,143,42,276,181,39,855,222,67,54,43,51,125,68,256,512,27,53,24,406,67,428,264,12,483,109,131,886,55,743,180,302,169,68,80,66,51,41,145,298,56,65,80,302,57,135,50,139,55,80,354,126,140,636,64,85,100,556,28,322,132,68,96,242,52,140,52,51,82,52,64,140,66,51,28,553,274,163,68,104,101,56,113,138,78,131,68,128,67,68,139,109,657,131,68,27,189,781,49,50,68,319,104,411,81,168,57,69,49,55,76,38,82,66,48,51,50,53,513,55,108,30,63,135,250,139,71,633,51,202,49,238,67,13,68,325,200,65,57,32,132,283,13,30,28,70,28,151,339,67,39,56,105,65,353,41,39,109,29,67,431,245,106,140,131,304,66,126,41,52,390,137,42,109,29,63,54,405,250,66,451,16,300,130,68,331,171,12,436,219,270,63,778,114,304,113,49,210,235,293,97,459,54,375,112,68,52,31,47,134,606,727,59,43,65,134,728,738,73,25,263,25,16,199,131,42,58,82,96,411,136,136,310,54,86,100,53,374,231,55,242,79,76,27,575,11,48,133,28,111,65,131,100,133,107,482,210,376,286,40,590,103,106,133,70,229,137,758,139,65,142,67,55,54,69,117,730,838,66,76,48,155,72,41,232,54,414,135,221,522,66,135,40,15,55,57,70,187,128,66,39,80,68,12,61,850,29,428,828,29,240,726,55,137,55,188,28,140,62,49,65,67,53,179,66,48,52,411,88,635,112,244,72,924,122,41,290,383,95,112,84,135,142,303,144,166,57,12,44,67,40,39,142,134,29,41,43,51,39,224,287,109,546,64,65,24,182,38,66,340,68,65,145,99,337,70,42,349,264,103,235,38,54,72,178,71,136,288,83,775,48,101,113,42,131,125,69,130,29,387,51,131,47,466,70,134,94,480,54,229,25,103,56,376,91,474,107,624,12,16,194,67,65,286,241,89,68,126,103,338,762,65,141,129,58,80,68,116,138,53,51,118,68,110,64,135,213,41,142,134,27,348,517,84,295,62,108,124,185,50,303,135,24,130,180,287,327,55,26,199,55,92,69,66,25,65,36,311,75,280,433,131,389,254,103,364,25,366,332,270,407,421,389,114,268,162,52,165,128,130,63,511,134,255,52,24,142,260,79,139,135,215,65,52,396,102,30,372,368,64,50,40,43,132,59,527,68,129,372,26,412,288,66,380,29,88,65,288,39,43,212,446,356,566,137,571,270,444,408,65,134,295,396,25,305,544,126,418,64,64,165,28,79,301,45,426,131,164,40,29,344,52,66,41,379,743,84,248,39,419,103,693,198,27,420,108,71,133,101,192,70,266,66,105,68,104
2026-02-25,87,253,80,238,44,92,23,196,113,32,581,126,42,31,28,40,116,42,175,279,21,42,16,227,43,291,181,12,308,81,87,517,38,417,95,196,90,43,44,45,38,23,86,244,33,44,48,199,38,87,38,87,34,48,251,82,86,509,46,49,58,372,12,234,84,43,36,148,38,80,38,40,46,39,45,89,44,39,18,394,190,135,44,35,78,39,63,91,44,86,42,86,44,44,89,76,483,87,46,18,138,534,37,39,39,230,71,321,44,66,40,42,39,36,66,34,46,45,34,40,38,35,308,40,64,11,42,84,153,90,44,368,35,145,38,154,43,5,42,207,111,43,36,12,89,192,5,12,18,41,18,127,299,42,33,33,78,43,283,26,23,77,11,44,326,185,79,82,89,201,44,87,22,38,247,86,22,41,18,45,38,258,188,47,267,6,140,90,40,238,112,5,269,129,197,42,507,65,202,62,40,154,177,207,36,274,40,255,67,45,40,12,38,88,435,487,38,26,46,94,488,470,44,20,184,18,6,125,93,23,36,46,81,260,83,89,224,40,49,86,39,248,166,41,176,31,68,18,420,12,39,89,10,64,45,84,83,86,80,436,157,246,177,25,340,78,78,87,41,180,86,573,87,43,86,46,38,38,43,86,438,570,45,43,38,90,45,21,181,32,239,86,136,347,45,90,24,6,36,31,45,103,91,44,24,48,46,12,23,566,10,245,560,11,145,430,31,91,39,72,19,86,44,33,44,46,37,124,46,48,40,250,87,380,62,163,45,589,86,21,189,251,66,64,43,89,100,202,86,123,37,12,23,44,27,26,86,88,11,27,28,37,26,117,217,76,352,44,45,25,152,31,42,229,43,44,90,60,233,45,24,193,144,74,164,32,34,51,110,46,87,168,55,551,37,84,70,24,88,86,44,87,18,223,37,91,40,356,43,88,75,282,23,172,10,75,37,245,37,314,74,382,12,6,127,47,43,173,90,45,46,88,62,232,577,46,94,87,22,48,46,75,85,31,34,75,45,65,44,51,111,27,92,89,22,197,388,55,204,46,74,86,71,38,190,89,18,88,120,153,223,22,17,106,39,56,43,41,16,46,36,216,69,200,335,91,233,151,76,250,18,246,230,182,281,306,320,67,177,84,37,115,91,86,45,370,93,171,33,17,89,186,46,88,91,161,44,38,284,75,11,251,285,43,33,26,27,94,40,319,45,50,250,10,215,183,45,246,11,54,46,208,32,24,157,293,272,383,88,355,170,247,311,42,86,184,154,17,192,339,47,247,40,45,111,18,67,201,49,283,90,90,28,17,197,21,44,24,249,522,47,219,23,319,74,445,144,21,292,62,45,85,78,131,45,196,45,79,43,66
2026-02-26,79,196,58,159,40,80,29,168,119,22,528,131,45,31,21,33,90,39,154,300,14,28,19,245,39,286,161,9,280,61,87,474,32,420,109,196,109,42,55,38,34,26,78,190,33,39,53,186,29,79,35,85,31,52,207,82,84,397,43,54,56,351,15,207,81,42,63,177,32,79,31,33,53,31,39,80,42,32,17,339,172,98,42,47,68,31,63,86,55,78,41,82,42,43,89,63,377,82,39,17,103,540,31,30,42,179,76,261,55,129,28,40,33,35,46,23,53,41,39,33,34,31,317,31,61,18,42,81,178,81,44,368,37,121,32,149,43,10,40,219,128,39,34,16,83,172,10,19,18,42,18,91,203,40,23,34,69,42,229,22,28,61,17,39,302,143,60,88,82,174,38,82,26,30,263,84,27,56,17,44,31,249,158,42,246,8,199,80,42,209,123,10,260,120,179,42,477,63,179,63,33,122,140,178,71,255,31,223,65,43,31,17,31,80,388,426,33,22,39,84,495,452,42,14,170,19,8,120,84,27,35,58,66,247,85,84,191,33,52,57,32,285,147,31,155,38,46,17,388,9,31,88,21,63,40,82,58,81,65,306,111,226,179,28,373,71,65,84,41,141,86,478,86,40,80,39,30,30,42,78,449,544,43,54,35,92,42,26,148,33,240,81,125,336,41,85,25,8,31,33,37,113,87,39,27,54,40,9,38,524,17,269,491,18,149,419,31,80,31,94,17,84,42,40,42,42,31,101,42,37,32,231,64,372,62,165,44,563,79,28,182,238,65,59,55,79,90,190,80,93,34,8,27,41,22,24,83,79,19,22,21,33,24,158,192,61,326,41,40,18,108,22,39,180,42,41,85,59,189,40,28,200,176,70,148,24,33,46,117,40,85,178,44,491,33,57,66,28,81,84,42,77,16,246,31,81,27,315,42,83,70,230,37,149,20,62,33,231,70,285,60,354,9,8,120,39,44,169,159,54,41,84,66,183,502,41,81,79,37,55,40,60,81,32,33,84,42,67,40,75,109,25,86,78,14,206,339,42,160,41,67,84,113,33,156,79,19,82,106,167,189,35,18,109,31,63,41,41,20,41,25,187,47,181,294,78,221,145,63,210,20,228,246,151,253,250,249,66,157,113,32,91,77,77,41,289,87,160,32,19,79,142,55,80,88,142,42,33,227,65,16,262,217,41,38,22,23,82,32,282,40,86,187,20,256,146,40,243,18,64,40,185,22,29,139,277,192,340,79,340,170,236,260,40,85,164,245,18,195,344,81,248,40,42,104,17,45,189,36,269,84,86,22,18,215,41,41,25,241,456,53,161,27,228,69,464,111,13,276,64,41,85,62,106,44,166,43,66,45,63
2026-02-27,107,259,75,259,55,113,36,231,131,35,647,140,58,39,25,52,173,56,212,320,17,37,31,258,57,395,158,17,368,83,110,671,48,530,133,215,152,54,76,55,48,38,112,299,36,50,72,241,39,108,47,106,39,76,299,109,113,504,56,72,75,549,10,296,113,54,75,253,54,112,41,50,73,43,57,111,58,51,22,463,239,151,53,32,97,40,75,114,79,106,56,111,57,56,116,81,482,107,55,21,140,691,48,51,53,236,124,435,74,184,34,57,51,44,71,37,73,59,62,41,50,38,389,39,78,20,57,109,261,108,56,452,64,191,48,176,57,15,58,309,179,57,44,10,111,223,14,18,22,53,22,137,321,59,37,40,100,55,350,24,38,76,20,52,440,192,82,108,103,259,56,102,37,40,337,116,37,34,22,54,41,357,238,55,345,5,257,107,54,315,205,15,319,149,239,55,623,81,238,76,50,158,210,256,108,293,40,296,76,52,42,10,51,110,579,569,46,23,55,114,654,587,56,18,239,33,5,150,110,38,44,76,97,332,113,110,272,42,74,73,41,481,178,39,219,24,66,22,579,16,51,108,31,75,55,113,85,112,82,455,163,317,233,37,429,98,100,106,55,213,109,748,108,54,107,54,39,39,57,106,584,660,56,73,49,125,53,38,233,37,278,110,186,461,56,115,36,5,40,40,56,165,108,52,38,70,55,17,40,712,20,329,719,19,205,475,39,111,43,60,23,105,55,65,58,53,41,125,56,68,38,287,119,478,76,211,56,751,116,36,225,340,83,74,71,108,120,221,115,141,44,16,37,55,23,32,108,110,21,22,23,51,33,202,241,79,444,53,55,35,154,34,57,212,56,58,104,72,246,51,38,250,235,107,222,33,39,68,177,54,111,229,46,662,51,75,82,38,111,107,55,116,22,343,48,109,35,478,55,105,101,248,40,214,29,96,43,294,107,385,79,487,17,5,147,55,55,206,180,75,57,110,83,245,696,56,108,107,39,73,58,81,112,40,52,141,54,71,52,90,126,33,114,106,19,240,424,46,155,52,96,109,129,50,156,113,32,113,129,230,250,43,22,123,41,110,55,55,33,53,51,246,75,253,427,109,281,194,85,303,33,286,444,156,363,315,382,76,214,151,50,90,109,107,54,412,107,199,37,32,108,211,77,113,107,212,54,49,273,102,21,360,258,57,64,33,23,109,42,369,55,83,262,30,350,147,57,332,20,105,51,286,36,37,212,388,246,490,111,454,233,296,404,51,115,205,296,32,257,414,94,339,57,59,139,20,71,254,67,352,108,76,23,21,342,64,58,38,333,655,72,228,38,332,108,605,140,18,371,75,54,116,77,143,55,231,57,108,55,75
2026-02-28,0,0,0,0,0,0,0,0,0,0,0,0,0,0,0,0,0,0,0,0,0,0,0,0,0,0,0,0,0,0,0,0,0,0,0,0,0,0,0,0,0,0,0,0,0,0,0,0,0,0,0,0,0,0,0,0,0,0,0,0,0,0,0,0,0,0,0,0,0,0,0,0,0,0,0,0,0,0,0,0,0,0,0,0,0,0,0,0,0,0,0,0,0,0,0,0,0,0,0,0,0,0,0,0,0,0,0,0,0,0,0,0,0,0,0,0,0,0,0,0,0,0,0,0,0,0,0,0,0,0,0,0,0,0,0,0,0,0,0,0,0,0,0,0,0,0,0,0,0,0,0,0,0,0,0,0,0,0,0,0,0,0,0,0,0,0,0,0,0,0,0,0,0,0,0,0,0,0,0,0,0,0,0,0,0,0,0,0,0,0,0,0,0,0,0,0,0,0,0,0,0,0,0,0,0,0,0,0,0,0,0,0,0,0,0,0,0,0,0,0,0,0,0,0,0,0,0,0,0,0,0,0,0,0,0,0,0,0,0,0,0,0,0,0,0,0,0,0,0,0,0,0,0,0,0,0,0,0,0,0,0,0,0,0,0,0,0,0,0,0,0,0,0,0,0,0,0,0,0,0,0,0,0,0,0,0,0,0,0,0,0,0,0,0,0,0,0,0,0,0,0,0,0,0,0,0,0,0,0,0,0,0,0,0,0,0,0,0,0,0,0,0,0,0,0,0,0,0,0,0,0,0,0,0,0,0,0,0,0,0,0,0,0,0,0,0,0,0,0,0,0,0,0,0,0,0,0,0,0,0,0,0,0,0,0,0,0,0,0,0,0,0,0,0,0,0,0,0,0,0,0,0,0,0,0,0,0,0,0,0,0,0,0,0,0,0,0,0,0,0,0,0,0,0,0,0,0,0,0,0,0,0,0,0,0,0,0,0,0,0,0,0,0,0,0,0,0,0,0,0,0,0,0,0,0,0,0,0,0,0,0,0,0,0,0,0,0,0,0,0,0,0,0,0,0,0,0,0,0,0,0,0,0,0,0,0,0,0,0,0,0,0,0,0,0,0,0,0,0,0,0,0,0,0,0,0,0,0,0,0,0,0,0,0,0,0,0,0,0,0,0,0,0,0,0,0,0,0,0,0,0,0,0,0,0,0,0,0,0,0,0,0,0,0,0,0,0,0,0,0,0,0,0,0,0,0,0,0,0,0,0,0,0,0,0,0,0,0,0,0,0,0,0,0,0,0,0,0,0,0,0,0,0,0,0,0,0,0,0,0,0,0,0,0,0,0,0,0,0,0,0,0,0,0,0,0,0,0,0,0,0,0,0,0,0,0,0,0,0,0
2026-03-01,0,0,0,0,0,0,0,0,0,0,0,0,0,0,0,0,0,0,0,0,0,0,0,0,0,0,0,0,0,0,0,0,0,0,0,0,0,0,0,0,0,0,0,0,0,0,0,0,0,0,0,0,0,0,0,0,0,0,0,0,0,0,0,0,0,0,0,0,0,0,0,0,0,0,0,0,0,0,0,0,0,0,0,0,0,0,0,0,0,0,0,0,0,0,0,0,0,0,0,0,0,0,0,0,0,0,0,0,0,0,0,0,0,0,0,0,0,0,0,0,0,0,0,0,0,0,0,0,0,0,0,0,0,0,0,0,0,0,0,0,0,0,0,0,0,0,0,0,0,0,0,0,0,0,0,0,0,0,0,0,0,0,0,0,0,0,0,0,0,0,0,0,0,0,0,0,0,0,0,0,0,0,0,0,0,0,0,0,0,0,0,0,0,0,0,0,0,0,0,0,0,0,0,0,0,0,0,0,0,0,0,0,0,0,0,0,0,0,0,0,0,0,0,0,0,0,0,0,0,0,0,0,0,0,0,0,0,0,0,0,0,0,0,0,0,0,0,0,0,0,0,0,0,0,0,0,0,0,0,0,0,0,0,0,0,0,0,0,0,0,0,0,0,0,0,0,0,0,0,0,0,0,0,0,0,0,0,0,0,0,0,0,0,0,0,0,0,0,0,0,0,0,0,0,0,0,0,0,0,0,0,0,0,0,0,0,0,0,0,0,0,0,0,0,0,0,0,0,0,0,0,0,0,0,0,0,0,0,0,0,0,0,0,0,0,0,0,0,0,0,0,0,0,0,0,0,0,0,0,0,0,0,0,0,0,0,0,0,0,0,0,0,0,0,0,0,0,0,0,0,0,0,0,0,0,0,0,0,0,0,0,0,0,0,0,0,0,0,0,0,0,0,0,0,0,0,0,0,0,0,0,0,0,0,0,0,0,0,0,0,0,0,0,0,0,0,0,0,0,0,0,0,0,0,0,0,0,0,0,0,0,0,0,0,0,0,0,0,0,0,0,0,0,0,0,0,0,0,0,0,0,0,0,0,0,0,0,0,0,0,0,0,0,0,0,0,0,0,0,0,0,0,0,0,0,0,0,0,0,0,0,0,0,0,0,0,0,0,0,0,0,0,0,0,0,0,0,0,0,0,0,0,0,0,0,0,0,0,0,0,0,0,0,0,0,0,0,0,0,0,0,0,0,0,0,0,0,0,0,0,0,0,0,0,0,0,0,0,0,0,0,0,0,0,0,0,0,0,0,0,0,0,0,0,0,0,0,0,0,0,0,0,0,0,0,0,0,0,0,0,0,0,0,0,0,0,0,0,0,0,0,0,0,0,0,0,0,0,0,0
2026-03-02,111,290,97,280,51,102,30,221,136,36,678,155,57,39,31,46,150,53,196,353,23,45,23,282,57,364,222,16,355,89,112,665,47,523,115,242,126,54,61,55,48,33,115,299,37,56,62,236,46,109,45,106,40,61,292,109,108,621,56,64,78,482,17,287,110,57,57,186,44,110,46,46,60,44,53,98,50,44,23,463,221,164,59,48,92,46,82,107,61,101,49,112,57,54,107,90,557,110,53,25,155,659,47,46,54,270,93,369,63,109,44,55,46,45,76,38,66,55,43,48,48,40,362,48,75,16,55,109,190,113,54,450,44,183,46,182,55,8,52,256,157,56,46,16,108,227,8,16,23,55,23,159,343,55,37,39,93,53,330,33,30,95,16,51,406,195,93,112,116,246,56,108,32,47,327,113,32,54,22,54,44,330,220,56,342,8,222,111,57,289,147,8,342,166,227,51,633,78,235,79,46,194,197,245,54,321,46,298,81,55,49,16,45,109,584,527,48,31,54,108,611,585,54,23,230,23,8,158,113,32,45,67,91,309,109,104,253,47,62,91,42,371,193,46,217,40,74,24,503,15,46,107,15,79,54,113,102,113,90,502,182,282,236,31,408,94,93,105,56,214,107,706,103,51,105,55,46,47,55,113,594,702,54,60,45,123,55,31,223,37,283,116,157,419,58,107,31,8,46,39,55,143,104,53,33,67,54,15,31,670,15,334,720,16,195,546,39,108,46,97,22,104,54,46,54,54,49,151,53,62,48,289,102,455,78,205,51,723,110,31,246,297,85,82,62,110,119,259,100,138,46,15,32,55,31,32,108,110,15,30,32,48,32,171,260,92,398,53,54,30,176,39,53,267,52,58,109,72,269,56,31,245,198,99,189,36,39,63,138,51,110,221,62,656,48,92,87,33,110,105,56,112,23,300,43,108,43,411,51,110,85,313,33,207,17,89,44,284,56,377,88,491,13,8,145,52,56,246,136,58,54,108,74,274,681,53,112,112,32,57,55,97,104,39,43,97,51,78,54,70,131,32,102,109,23,233,451,61,225,56,91,104,102,47,210,111,23,111,146,209,271,32,24,127,47,77,54,53,23,56,45,259,81,254,389,112,289,181,93,302,24,287,298,206,314,363,369,84,213,120,44,118,108,103,56,435,108,183,38,22,106,228,63,110,107,206,52,47,325,97,17,325,319,55,40,32,30,109,48,387,56,69,310,16,312,214,53,311,15,75,52,242,39,30,191,349,293,495,107,422,231,337,392,55,108,224,236,24,251,445,69,315,52,53,158,23,76,253,62,339,105,108,31,23,265,31,53,32,326,611,60,242,30,343,90,558,170,24,347,78,52,107,99,163,57,231,54,96,52,82
2026-03-03,101,232,76,173,52,105,32,219,157,26,606,172,52,43,30,43,72,51,212,407,19,37,21,317,50,406,191,6,381,73,102,660,40,629,149,207,124,49,64,53,41,31,103,233,43,51,62,249,37,109,43,103,44,64,286,107,101,439,51,65,62,419,19,259,95,50,91,202,41,106,36,43,65,36,52,104,53,42,17,426,217,117,51,59,84,37,88,108,65,100,49,99,48,52,97,69,410,106,52,17,129,621,42,43,49,212,91,320,66,190,39,51,38,35,54,26,65,50,44,33,44,46,418,37,84,26,53,104,205,100,52,511,43,153,41,199,52,15,53,289,165,50,34,19,101,210,15,23,17,50,18,103,221,48,26,45,82,51,288,29,32,73,23,53,371,156,66,102,103,237,51,103,31,35,307,102,32,71,17,51,36,315,204,51,315,10,230,109,49,251,150,16,322,165,212,52,640,85,220,85,44,145,172,224,104,356,38,284,80,51,35,20,41,94,462,586,36,29,52,100,560,507,50,19,208,23,10,125,102,33,35,65,85,306,107,103,242,35,64,78,38,331,144,37,192,52,50,17,456,7,40,101,31,79,51,100,69,105,72,343,154,298,218,31,503,85,79,109,52,175,99,581,97,50,98,52,34,35,51,75,535,643,49,62,41,94,51,33,184,43,331,99,177,427,50,105,31,10,35,41,51,137,102,51,32,65,50,7,49,664,24,364,610,25,198,572,45,105,38,126,16,100,52,44,51,48,37,118,48,30,37,321,49,563,79,191,50,706,104,32,204,300,58,94,67,98,115,235,106,150,34,7,33,53,29,33,102,106,25,28,28,42,34,193,235,75,398,53,52,14,125,25,52,215,49,55,104,62,219,50,31,266,217,82,198,27,45,67,139,54,100,207,58,600,41,75,68,31,99,100,50,104,17,272,44,106,40,396,51,107,85,307,49,183,30,78,34,282,99,372,73,443,7,10,176,54,51,213,229,63,49,105,93,216,657,50,108,99,52,61,51,71,103,43,39,104,48,83,52,109,153,34,106,104,19,266,447,59,214,52,81,112,157,40,195,99,23,104,111,201,221,48,17,154,36,79,52,50,19,52,21,228,51,214,370,99,331,176,74,270,22,282,295,191,306,294,296,91,195,128,43,111,102,101,50,339,105,201,45,23,101,184,62,100,102,168,50,41,231,84,27,315,248,48,46,34,28,99,35,393,48,108,243,30,315,192,52,291,23,78,52,228,26,31,175,330,232,442,100,423,220,315,337,51,105,204,370,22,238,419,116,282,49,51,102,16,51,247,28,330,103,108,29,17,241,61,47,31,297,580,63,171,32,286,81,519,124,18,347,92,51,105,73,129,53,209,50,83,49,83
2026-03-04,97,222,87,209,51,105,29,232,143,31,594,152,50,42,25,48,93,49,201,396,21,44,22,274,54,433,183,9,359,75,105,656,43,570,142,211,120,49,59,51,45,29,101,273,43,53,59,235,38,101,47,99,37,57,283,103,101,485,49,56,44,477,10,290,108,50,75,173,45,109,38,49,57,36,50,104,52,47,13,414,210,135,52,29,94,36,85,102,56,102,51,99,52,52,105,75,477,105,48,14,134,637,46,44,51,219,91,367,54,206,45,46,47,28,66,30,58,54,49,38,47,42,397,36,86,19,51,104,188,105,52,517,48,164,48,186,51,15,48,325,137,48,28,10,101,212,15,20,13,52,14,132,271,49,31,42,94,51,318,28,30,75,19,52,405,168,67,104,97,221,53,104,30,36,298,101,30,36,13,51,35,307,214,51,327,5,218,100,54,308,164,15,313,162,216,51,560,85,222,87,45,141,188,251,100,360,36,290,77,53,36,10,48,98,561,606,28,28,53,103,615,537,49,21,205,24,5,97,106,32,30,55,93,293,109,102,236,36,57,84,37,330,163,34,190,25,62,15,499,9,48,104,30,83,49,107,68,103,72,395,141,285,222,28,468,88,93,104,52,212,104,655,105,53,103,51,38,35,53,70,529,663,53,56,46,74,51,28,209,44,324,103,187,388,55,104,29,5,37,44,48,126,95,50,30,56,53,10,40,604,22,366,646,20,186,554,44,99,35,59,12,98,51,46,50,50,38,116,54,38,39,306,63,555,86,186,52,699,103,30,217,285,52,82,58,100,131,231,107,152,29,9,29,53,26,37,106,100,20,30,26,47,39,180,239,72,378,49,49,18,150,30,49,199,52,54,110,48,214,50,29,245,195,94,205,32,41,73,125,52,108,211,54,582,46,91,75,30,100,99,50,108,15,301,47,101,46,409,50,103,90,290,40,218,31,93,28,282,106,363,69,459,9,5,170,51,55,205,193,60,51,107,87,215,657,51,99,98,42,57,52,71,103,40,46,104,50,89,50,82,124,38,98,97,24,259,408,57,193,50,92,101,128,47,190,106,23,99,111,167,213,40,14,136,36,90,51,51,25,50,26,232,60,232,393,97,308,183,71,273,25,280,348,189,317,273,366,84,197,128,46,106,103,98,48,350,100,196,43,26,103,185,60,101,106,187,49,45,258,92,19,303,282,54,47,35,27,92,36,399,45,83,255,31,269,171,50,314,20,88,50,264,31,29,192,341,289,451,107,424,206,286,388,49,103,210,287,24,241,399,94,329,51,48,88,14,63,239,37,322,106,89,26,14,247,60,52,30,336,589,57,203,29,280,93,529,120,22,343,87,50,101,71,127,54,216,50,92,53,82
2026-03-05,95,250,91,224,50,100,26,217,131,32,601,150,53,38,30,41,109,50,194,351,23,43,20,256,46,358,185,12,344,77,94,616,43,516,129,219,111,50,56,51,42,27,100,263,37,53,55,220,39,95,43,95,36,53,278,102,94,509,52,55,60,426,13,283,96,47,58,160,41,98,40,43,55,38,49,100,47,42,18,370,200,155,49,41,85,42,74,95,54,93,54,102,50,45,102,80,505,95,47,18,149,568,39,42,54,241,76,338,53,107,46,50,46,38,65,33,55,50,38,41,43,40,362,41,74,16,48,102,177,96,49,440,37,149,42,179,51,9,49,265,136,49,37,14,99,215,9,17,19,49,18,131,289,47,32,38,85,52,299,28,28,81,17,50,346,183,79,99,93,210,48,103,27,39,313,94,28,49,18,50,39,269,201,52,331,7,187,98,48,254,131,9,317,166,214,47,581,79,219,75,43,169,190,232,63,316,40,278,76,49,41,14,40,98,518,539,36,31,52,97,559,511,50,23,184,19,7,125,89,27,35,54,78,293,99,102,242,40,55,87,35,296,168,41,195,33,64,18,472,11,45,100,18,72,52,98,82,98,73,461,155,273,212,27,420,81,86,101,48,185,95,583,96,52,100,49,40,39,48,86,513,622,49,53,41,97,50,27,201,36,284,99,165,370,50,102,27,7,43,39,51,122,93,50,27,53,48,11,31,618,16,305,619,15,181,537,38,92,40,86,18,98,48,40,51,49,40,128,50,44,41,286,74,431,72,173,53,649,98,27,204,286,67,78,57,98,112,228,99,136,36,11,27,45,29,30,101,99,16,28,29,41,30,159,241,85,371,50,51,22,151,32,50,240,49,49,96,64,244,48,27,237,169,86,177,34,36,61,130,50,98,201,55,595,42,88,81,28,100,101,51,98,18,287,41,89,44,375,51,103,86,322,32,189,18,85,37,257,64,354,78,433,11,7,146,45,51,201,135,52,52,98,74,231,630,47,98,98,32,51,50,77,101,36,40,84,53,77,51,70,138,32,99,103,22,227,410,55,209,48,84,100,102,43,203,103,20,99,129,179,242,33,18,128,42,70,49,48,19,47,34,235,66,235,376,103,272,175,75,274,20,264,264,205,329,310,349,75,198,106,42,115,96,102,48,398,101,182,39,20,96,200,51,100,99,185,50,44,279,82,16,291,310,51,37,31,28,92,40,348,49,70,280,18,253,186,48,278,15,67,49,228,35,27,182,341,292,426,101,397,197,290,332,49,103,219,224,20,232,383,75,301,49,49,125,18,67,230,43,322,97,102,29,17,220,36,47,28,279,600,57,219,27,304,88,515,134,22,317,77,50,96,82,141,50,225,48,87,48,75
2026-03-06,145,310,130,304,72,141,38,309,211,45,872,235,70,63,45,65,106,65,285,587,32,67,29,425,68,590,291,10,494,108,150,922,63,847,201,335,147,70,79,73,62,40,141,375,65,74,80,314,53,137,63,139,60,72,396,144,147,707,72,71,68,631,19,394,144,69,108,234,58,142,51,61,67,51,70,136,67,64,21,586,282,187,69,53,124,51,120,145,79,140,73,137,69,70,140,107,679,138,72,19,177,853,62,60,72,308,117,494,76,247,65,72,59,40,90,42,79,68,60,51,64,61,571,48,118,30,70,146,260,141,66,708,63,224,65,266,74,20,70,417,193,70,38,17,145,280,18,27,19,70,19,176,364,73,44,61,123,72,427,43,37,107,28,68,550,245,110,139,129,323,71,143,41,54,435,146,41,60,19,67,49,424,305,68,463,9,291,146,73,397,191,20,448,264,297,72,836,124,310,123,59,207,246,307,141,502,51,393,121,73,52,19,64,152,656,813,39,43,72,140,814,780,71,33,288,29,9,128,147,39,38,81,128,411,144,141,343,53,78,132,53,406,233,51,260,46,84,19,667,10,60,144,37,110,67,148,99,149,105,561,206,400,329,42,689,119,124,143,76,265,146,882,139,69,145,71,55,52,70,87,753,929,68,75,57,112,72,37,312,59,494,143,279,559,69,140,39,9,51,61,71,161,138,70,39,75,70,10,58,890,29,489,898,27,279,805,59,136,53,112,19,138,72,56,70,71,50,169,76,43,49,456,72,755,120,263,73,1003,146,36,293,415,65,126,81,144,197,320,132,220,37,10,36,73,42,50,146,137,28,43,43,63,52,226,312,100,533,72,79,21,212,40,76,305,68,73,140,67,309,69,36,374,253,124,278,43,63,102,169,74,146,325,82,861,59,136,99,39,139,142,74,144,20,405,60,139,65,535,71,140,131,428,54,298,36,132,38,370,129,562,101,659,10,9,229,69,72,296,253,80,75,138,121,321,892,71,148,143,55,72,72,107,135,58,62,142,72,120,71,120,197,51,142,135,33,359,564,85,304,74,126,138,170,61,299,135,30,140,169,225,307,53,19,205,52,105,73,75,29,71,30,332,89,323,572,146,449,260,101,370,29,386,416,293,472,428,481,118,279,153,61,173,141,140,70,532,136,300,63,30,143,255,83,144,145,259,75,62,354,132,29,428,460,70,57,51,40,141,53,578,69,116,354,37,351,251,69,398,28,105,75,351,44,37,262,459,448,597,139,593,301,429,506,69,137,297,389,29,337,576,137,410,69,76,115,20,88,334,42,444,138,151,42,19,278,77,73,40,431,795,77,294,39,392,121,798,175,31,463,122,66,143,105,181,71,311,69,131,72,133
2026-03-07,0,0,0,0,0,0,0,0,0,0,0,0,0,0,0,0,0,0,0,0,0,0,0,0,0,0,0,0,0,0,0,0,0,0,0,0,0,0,0,0,0,0,0,0,0,0,0,0,0,0,0,0,0,0,0,0,0,0,0,0,0,0,0,0,0,0,0,0,0,0,0,0,0,0,0,0,0,0,0,0,0,0,0,0,0,0,0,0,0,0,0,0,0,0,0,0,0,0,0,0,0,0,0,0,0,0,0,0,0,0,0,0,0,0,0,0,0,0,0,0,0,0,0,0,0,0,0,0,0,0,0,0,0,0,0,0,0,0,0,0,0,0,0,0,0,0,0,0,0,0,0,0,0,0,0,0,0,0,0,0,0,0,0,0,0,0,0,0,0,0,0,0,0,0,0,0,0,0,0,0,0,0,0,0,0,0,0,0,0,0,0,0,0,0,0,0,0,0,0,0,0,0,0,0,0,0,0,0,0,0,0,0,0,0,0,0,0,0,0,0,0,0,0,0,0,0,0,0,0,0,0,0,0,0,0,0,0,0,0,0,0,0,0,0,0,0,0,0,0,0,0,0,0,0,0,0,0,0,0,0,0,0,0,0,0,0,0,0,0,0,0,0,0,0,0,0,0,0,0,0,0,0,0,0,0,0,0,0,0,0,0,0,0,0,0,0,0,0,0,0,0,0,0,0,0,0,0,0,0,0,0,0,0,0,0,0,0,0,0,0,0,0,0,0,0,0,0,0,0,0,0,0,0,0,0,0,0,0,0,0,0,0,0,0,0,0,0,0,0,0,0,0,0,0,0,0,0,0,0,0,0,0,0,0,0,0,0,0,0,0,0,0,0,0,0,0,0,0,0,0,0,0,0,0,0,0,0,0,0,0,0,0,0,0,0,0,0,0,0,0,0,0,0,0,0,0,0,0,0,0,0,0,0,0,0,0,0,0,0,0,0,0,0,0,0,0,0,0,0,0,0,0,0,0,0,0,0,0,0,0,0,0,0,0,0,0,0,0,0,0,0,0,0,0,0,0,0,0,0,0,0,0,0,0,0,0,0,0,0,0,0,0,0,0,0,0,0,0,0,0,0,0,0,0,0,0,0,0,0,0,0,0,0,0,0,0,0,0,0,0,0,0,0,0,0,0,0,0,0,0,0,0,0,0,0,0,0,0,0,0,0,0,0,0,0,0,0,0,0,0,0,0,0,0,0,0,0,0,0,0,0,0,0,0,0,0,0,0,0,0,0,0,0,0,0,0,0,0,0,0,0,0,0,0,0,0,0,0,0,0,0,0,0,0,0,0,0,0,0,0,0,0,0,0,0,0,0,0,0,0,0,0,0,0,0,0,0,0,0,0
2026-03-08,0,0,0,0,0,0,0,0,0,0,0,0,0,0,0,0,0,0,0,0,0,0,0,0,0,0,0,0,0,0,0,0,0,0,0,0,0,0,0,0,0,0,0,0,0,0,0,0,0,0,0,0,0,0,0,0,0,0,0,0,0,0,0,0,0,0,0,0,0,0,0,0,0,0,0,0,0,0,0,0,0,0,0,0,0,0,0,0,0,0,0,0,0,0,0,0,0,0,0,0,0,0,0,0,0,0,0,0,0,0,0,0,0,0,0,0,0,0,0,0,0,0,0,0,0,0,0,0,0,0,0,0,0,0,0,0,0,0,0,0,0,0,0,0,0,0,0,0,0,0,0,0,0,0,0,0,0,0,0,0,0,0,0,0,0,0,0,0,0,0,0,0,0,0,0,0,0,0,0,0,0,0,0,0,0,0,0,0,0,0,0,0,0,0,0,0,0,0,0,0,0,0,0,0,0,0,0,0,0,0,0,0,0,0,0,0,0,0,0,0,0,0,0,0,0,0,0,0,0,0,0,0,0,0,0,0,0,0,0,0,0,0,0,0,0,0,0,0,0,0,0,0,0,0,0,0,0,0,0,0,0,0,0,0,0,0,0,0,0,0,0,0,0,0,0,0,0,0,0,0,0,0,0,0,0,0,0,0,0,0,0,0,0,0,0,0,0,0,0,0,0,0,0,0,0,0,0,0,0,0,0,0,0,0,0,0,0,0,0,0,0,0,0,0,0,0,0,0,0,0,0,0,0,0,0,0,0,0,0,0,0,0,0,0,0,0,0,0,0,0,0,0,0,0,0,0,0,0,0,0,0,0,0,0,0,0,0,0,0,0,0,0,0,0,0,0,0,0,0,0,0,0,0,0,0,0,0,0,0,0,0,0,0,0,0,0,0,0,0,0,0,0,0,0,0,0,0,0,0,0,0,0,0,0,0,0,0,0,0,0,0,0,0,0,0,0,0,0,0,0,0,0,0,0,0,0,0,0,0,0,0,0,0,0,0,0,0,0,0,0,0,0,0,0,0,0,0,0,0,0,0,0,0,0,0,0,0,0,0,0,0,0,0,0,0,0,0,0,0,0,0,0,0,0,0,0,0,0,0,0,0,0,0,0,0,0,0,0,0,0,0,0,0,0,0,0,0,0,0,0,0,0,0,0,0,0,0,0,0,0,0,0,0,0,0,0,0,0,0,0,0,0,0,0,0,0,0,0,0,0,0,0,0,0,0,0,0,0,0,0,0,0,0,0,0,0,0,0,0,0,0,0,0,0,0,0,0,0,0,0,0,0,0,0,0,0,0,0,0,0,0,0,0,0,0,0,0,0,0,0,0,0,0,0,0,0,0,0,0,0
2026-03-09,108,260,71,187,51,108,35,232,165,27,700,177,57,47,31,37,87,56,216,410,19,36,22,328,54,352,226,9,388,85,103,720,41,598,139,251,139,52,69,52,42,34,112,227,48,55,70,258,39,106,40,103,46,73,285,108,104,455,52,71,84,419,29,245,110,53,96,206,41,107,40,40,68,41,53,109,55,37,23,422,229,114,54,86,87,39,90,113,73,108,50,108,52,54,103,79,489,102,54,22,139,656,37,40,56,231,87,310,70,167,36,54,42,48,51,26,77,53,43,40,40,47,427,42,92,27,52,110,232,109,54,541,46,140,40,210,55,13,52,265,176,58,48,28,108,209,13,28,24,52,22,105,241,56,27,44,85,52,275,34,37,80,26,55,335,172,81,105,109,240,56,104,35,39,326,111,36,98,23,52,40,336,189,55,339,14,262,110,55,252,145,14,332,170,232,53,655,90,229,90,41,162,198,246,92,359,42,335,85,55,36,27,40,114,454,569,44,31,58,105,591,572,54,18,206,21,13,152,109,36,44,75,80,322,103,115,242,41,71,73,41,304,169,40,205,74,53,23,443,9,38,112,26,86,52,105,81,105,82,366,169,301,227,37,493,78,81,111,52,185,110,550,103,56,107,54,39,40,53,101,558,707,55,71,43,130,56,34,185,44,344,107,174,437,53,112,36,14,41,45,53,160,109,52,35,74,56,9,54,725,28,349,679,26,190,613,44,108,42,169,22,112,51,46,54,54,40,130,53,35,44,340,62,519,84,202,53,721,107,38,233,306,80,89,73,105,117,240,105,136,47,9,36,55,31,29,99,109,28,30,33,41,30,203,256,83,445,55,55,18,127,26,53,237,56,56,109,85,245,56,38,259,235,79,209,28,46,60,166,54,108,233,58,645,38,71,78,34,105,112,53,104,23,316,40,117,36,390,55,107,83,374,55,174,27,78,46,302,92,398,79,466,9,14,165,54,52,224,226,75,52,114,92,244,638,53,104,103,50,72,53,87,112,44,42,99,53,91,55,121,156,31,105,100,18,277,451,68,226,56,85,111,172,43,221,105,22,106,129,222,233,54,23,168,43,82,57,52,22,51,27,237,53,228,353,109,327,201,85,273,21,286,289,203,347,316,300,89,206,157,42,121,109,106,55,368,106,201,46,22,111,213,70,107,109,155,54,39,255,75,27,331,250,56,43,30,32,108,42,410,54,123,273,27,353,231,53,291,27,83,56,226,28,35,173,369,223,429,108,430,229,315,310,55,106,222,396,21,236,465,122,337,54,52,138,24,52,251,36,344,110,121,33,24,277,55,52,37,319,613,73,186,36,326,81,579,140,19,386,84,51,104,81,151,55,221,59,75,54,94
2026-03-10,125,311,113,324,65,123,35,273,166,47,790,191,63,49,34,58,162,61,229,428,30,58,32,338,65,525,232,17,424,104,130,828,63,674,154,283,140,65,72,62,62,36,133,363,48,66,71,291,47,123,60,134,50,68,364,127,133,637,65,67,66,619,8,357,130,64,77,239,60,129,52,60,70,49,66,124,63,61,20,536,290,206,68,25,118,47,101,132,74,133,62,143,65,63,133,104,614,126,64,20,187,733,61,56,67,275,129,492,71,197,53,64,60,39,91,49,77,61,64,51,64,47,460,51,97,21,69,139,250,129,63,607,60,220,61,237,66,15,63,393,178,70,42,8,127,274,15,19,19,66,20,187,389,64,45,51,125,66,437,32,37,101,20,68,573,231,100,126,126,298,65,130,36,51,403,125,35,27,19,62,47,418,280,67,405,4,260,126,65,396,199,15,396,202,263,63,768,99,292,94,59,201,238,286,110,385,48,364,98,63,52,8,61,129,702,719,39,33,64,127,740,684,66,28,272,31,4,140,133,39,42,70,126,386,124,134,306,49,73,116,49,477,205,51,273,21,91,20,665,15,58,127,30,100,62,126,99,121,98,584,192,385,258,35,466,127,122,128,66,251,129,881,129,66,128,65,50,51,66,99,715,785,66,75,61,103,71,36,294,47,391,129,236,532,65,130,36,4,48,49,62,160,115,66,36,66,63,17,39,863,21,419,821,20,242,675,49,140,47,49,20,132,63,61,65,64,52,144,64,63,49,382,111,588,100,272,67,907,127,34,290,374,78,94,72,131,161,294,131,194,43,15,35,70,34,47,128,131,20,34,33,62,45,224,288,93,499,63,65,31,217,44,62,257,64,67,130,68,299,66,34,308,241,124,261,45,49,92,160,64,123,276,63,741,61,116,97,38,124,127,61,127,19,368,60,121,58,500,64,121,121,351,45,262,32,114,39,324,115,483,102,593,16,4,191,64,64,255,194,74,64,135,93,305,817,62,131,128,38,75,62,97,128,48,60,147,65,97,65,85,156,44,126,138,29,289,536,67,230,64,124,140,121,64,234,127,34,132,152,229,290,38,20,146,48,110,62,65,33,66,49,300,86,280,548,124,390,219,103,371,31,357,457,227,425,389,466,103,262,138,60,131,133,134,61,486,137,243,46,32,134,242,72,131,130,259,62,66,351,125,20,399,411,66,66,47,34,129,52,432,63,85,333,34,353,216,64,395,19,108,64,333,43,35,258,454,400,571,123,554,266,396,461,62,133,245,274,33,307,495,93,378,63,64,135,20,92,291,63,428,129,109,33,20,310,65,57,34,366,737,76,317,36,398,121,743,164,28,427,100,65,132,94,180,66,288,66,122,65,100
2026-03-11,113,248,89,235,51,107,33,219,146,36,689,159,54,45,27,50,117,54,222,393,22,45,26,312,53,453,205,12,368,79,105,706,51,577,147,247,134,54,66,58,50,34,116,256,42,55,66,232,41,110,50,101,43,67,296,120,111,515,56,69,60,516,12,298,111,54,76,214,47,106,42,50,64,40,57,111,54,48,19,492,233,146,56,39,104,39,83,107,69,104,54,113,53,58,113,81,470,111,53,18,138,678,50,47,59,244,116,400,68,195,44,54,50,38,69,33,65,57,53,41,47,43,407,42,87,22,57,111,208,110,55,549,56,184,50,199,54,15,53,327,165,54,36,12,114,226,15,21,18,57,18,133,293,54,34,42,96,57,357,26,33,80,20,55,412,181,78,115,113,250,57,114,34,41,339,115,33,45,17,56,42,346,240,59,359,6,244,116,57,318,172,15,360,172,233,55,648,86,228,85,48,170,199,245,101,349,42,336,85,55,40,12,48,111,553,601,35,26,57,112,637,580,55,22,226,26,6,130,114,33,36,65,99,356,102,107,277,40,68,84,41,391,168,42,202,31,68,19,542,12,49,107,29,86,56,112,79,111,77,441,169,324,247,33,473,93,97,111,56,210,115,698,109,54,108,55,39,41,57,82,564,717,56,68,50,95,54,32,225,44,323,107,203,427,53,108,34,6,41,40,52,144,106,52,35,64,55,12,40,694,21,347,667,22,212,599,45,107,39,72,17,109,54,54,54,57,40,132,54,51,41,319,80,544,79,216,55,736,102,30,224,328,65,88,66,115,132,239,113,149,37,12,31,55,29,39,107,108,22,27,28,50,37,192,254,80,442,57,51,23,147,35,55,221,56,52,113,56,235,51,32,262,215,101,214,34,45,75,146,55,112,227,57,678,48,89,76,32,119,118,56,110,18,306,49,110,44,406,54,108,96,287,42,218,30,94,36,288,108,410,87,494,13,6,161,56,55,227,184,70,56,109,89,239,646,52,110,103,41,66,57,82,112,42,48,116,55,83,53,90,142,39,107,105,22,258,448,57,208,54,96,120,127,50,195,110,28,105,119,210,230,42,18,150,39,100,54,53,27,54,37,243,66,256,421,113,320,206,82,300,25,316,377,178,347,302,376,91,235,130,50,114,115,107,53,391,113,205,45,27,116,209,68,107,110,206,56,50,281,100,21,309,296,56,55,36,28,110,40,400,57,94,268,32,321,178,54,290,21,94,54,309,35,32,203,373,288,498,113,467,213,327,375,54,112,213,299,29,249,436,102,340,56,52,109,18,71,262,47,353,120,92,28,17,284,60,51,34,336,631,70,229,33,313,95,605,130,23,360,88,57,114,77,136,55,234,54,95,54,87
2026-03-12,111,254,70,244,59,112,40,228,138,33,699,148,59,41,24,52,157,59,215,377,18,38,33,312,53,414,176,15,377,82,112,685,50,598,136,224,153,58,80,60,48,41,111,319,40,57,75,255,38,114,53,115,42,78,305,117,121,511,58,78,71,573,11,302,107,62,76,239,49,112,37,56,75,38,57,115,58,48,22,498,243,154,60,32,100,39,87,113,82,111,57,118,60,56,116,78,495,111,59,23,136,665,50,52,59,228,131,417,76,227,35,58,50,45,66,34,79,58,68,41,50,39,381,39,84,23,56,122,254,119,59,517,65,191,48,180,58,17,56,290,186,57,45,12,114,236,17,23,22,56,22,137,309,59,36,42,99,58,348,24,38,83,23,54,441,183,80,115,107,268,58,106,42,40,340,115,41,40,21,59,39,343,236,57,340,6,300,112,54,328,228,18,346,166,241,54,644,83,244,85,50,154,208,259,118,317,40,317,81,59,41,11,53,117,615,624,44,23,59,118,729,630,57,18,243,33,6,159,115,39,43,81,95,363,109,115,271,40,81,73,40,501,169,39,224,33,70,22,562,16,52,117,34,81,60,121,82,113,83,402,159,312,252,41,447,101,97,117,55,219,113,739,116,57,112,57,41,41,55,102,607,648,56,78,51,114,57,41,237,41,307,116,185,467,59,113,38,6,39,41,59,158,115,60,40,75,58,16,46,769,24,352,773,22,230,515,40,121,42,72,21,110,56,68,60,60,39,126,56,63,40,301,114,556,84,217,57,740,111,38,243,332,79,79,75,113,125,231,120,139,45,15,37,58,24,37,116,110,23,25,23,50,36,223,264,84,457,53,58,35,155,34,57,224,54,57,112,70,233,56,40,259,250,102,216,35,42,76,176,58,120,245,49,704,50,71,83,38,113,116,57,107,21,341,48,117,38,449,60,108,103,265,47,230,35,101,45,291,116,407,76,480,16,6,152,57,60,231,212,78,56,114,82,234,702,55,118,115,45,75,59,80,113,40,51,144,57,83,59,102,132,35,114,108,18,253,470,49,178,58,103,115,153,53,173,122,32,112,130,229,227,45,22,140,38,110,62,58,33,56,48,259,66,246,452,109,310,208,78,302,34,307,458,163,380,294,376,78,238,165,52,97,116,116,55,383,110,215,41,34,108,188,74,112,113,223,58,52,273,99,24,364,267,60,65,37,25,114,38,347,60,105,270,34,363,159,54,321,23,116,57,278,35,38,217,402,246,500,111,522,229,320,412,57,107,220,315,31,263,476,105,366,57,58,143,22,68,257,61,356,106,83,26,22,325,71,55,40,375,668,83,221,37,315,95,628,145,18,391,78,56,107,81,135,59,233,59,97,59,85
2026-03-13,127,300,118,260,67,123,33,284,176,40,795,191,64,51,35,54,114,66,251,455,27,56,27,355,64,523,259,12,429,91,131,812,53,747,180,283,147,65,69,66,55,34,131,331,49,64,72,285,47,125,56,128,51,67,336,129,127,636,62,68,64,571,17,348,123,61,87,212,56,126,47,53,72,48,60,124,63,54,19,534,262,172,63,46,108,46,106,127,69,124,67,127,60,64,131,90,600,125,65,18,162,749,57,56,67,266,109,436,69,204,57,65,55,39,76,39,70,62,54,45,58,53,501,48,98,24,63,133,223,129,63,576,56,215,57,235,65,15,65,358,171,63,40,17,121,266,16,24,19,59,19,152,348,68,39,55,109,64,387,38,37,93,23,66,490,220,92,126,125,267,58,123,34,46,390,124,35,56,19,65,46,367,257,61,400,8,249,128,60,333,171,15,381,212,264,65,725,103,282,109,54,180,241,298,114,408,47,356,98,60,47,15,58,130,617,703,39,36,64,129,722,670,64,28,248,27,8,129,127,33,38,69,113,401,119,125,295,47,68,108,49,381,198,47,236,40,81,19,606,11,57,137,33,102,62,128,94,126,93,501,183,349,265,33,566,104,107,136,64,243,129,787,131,66,126,61,43,45,62,79,659,797,61,71,55,100,59,36,264,53,414,121,227,486,64,129,33,8,45,52,61,140,127,61,32,72,63,11,48,789,23,449,783,24,240,623,47,126,47,93,19,127,68,52,64,63,46,144,64,46,50,382,75,675,100,246,66,807,123,36,255,361,67,111,68,127,162,286,126,180,38,11,34,62,36,46,124,124,24,35,38,58,44,214,271,91,515,58,62,22,186,41,65,261,62,65,112,66,284,64,33,294,226,117,247,38,52,87,157,64,124,270,75,744,58,108,96,33,125,127,61,126,19,359,59,130,54,497,67,124,104,357,46,257,32,100,40,332,111,458,98,557,12,7,211,70,64,257,212,70,64,122,107,282,843,65,124,122,48,70,66,94,128,51,54,125,60,99,63,104,175,41,121,121,26,309,505,68,264,65,112,125,153,56,241,125,27,127,147,219,293,46,18,174,44,95,62,67,27,61,33,269,76,256,489,129,402,215,93,327,28,355,382,246,420,353,440,100,245,141,58,148,122,133,66,443,126,236,52,28,129,225,68,126,129,236,61,54,343,112,24,382,375,63,54,44,37,125,48,495,67,107,328,31,332,233,62,359,24,97,61,325,40,34,245,456,350,557,126,475,255,390,467,62,124,247,335,27,285,508,120,340,60,62,117,20,75,303,44,416,123,130,35,19,278,64,65,33,386,693,68,263,33,379,111,658,174,28,436,103,61,124,94,176,65,269,63,104,62,102
2026-03-14,0,0,0,0,0,0,0,0,0,0,0,0,0,0,0,0,0,0,0,0,0,0,0,0,0,0,0,0,0,0,0,0,0,0,0,0,0,0,0,0,0,0,0,0,0,0,0,0,0,0,0,0,0,0,0,0,0,0,0,0,0,0,0,0,0,0,0,0,0,0,0,0,0,0,0,0,0,0,0,0,0,0,0,0,0,0,0,0,0,0,0,0,0,0,0,0,0,0,0,0,0,0,0,0,0,0,0,0,0,0,0,0,0,0,0,0,0,0,0,0,0,0,0,0,0,0,0,0,0,0,0,0,0,0,0,0,0,0,0,0,0,0,0,0,0,0,0,0,0,0,0,0,0,0,0,0,0,0,0,0,0,0,0,0,0,0,0,0,0,0,0,0,0,0,0,0,0,0,0,0,0,0,0,0,0,0,0,0,0,0,0,0,0,0,0,0,0,0,0,0,0,0,0,0,0,0,0,0,0,0,0,0,0,0,0,0,0,0,0,0,0,0,0,0,0,0,0,0,0,0,0,0,0,0,0,0,0,0,0,0,0,0,0,0,0,0,0,0,0,0,0,0,0,0,0,0,0,0,0,0,0,0,0,0,0,0,0,0,0,0,0,0,0,0,0,0,0,0,0,0,0,0,0,0,0,0,0,0,0,0,0,0,0,0,0,0,0,0,0,0,0,0,0,0,0,0,0,0,0,0,0,0,0,0,0,0,0,0,0,0,0,0,0,0,0,0,0,0,0,0,0,0,0,0,0,0,0,0,0,0,0,0,0,0,0,0,0,0,0,0,0,0,0,0,0,0,0,0,0,0,0,0,0,0,0,0,0,0,0,0,0,0,0,0,0,0,0,0,0,0,0,0,0,0,0,0,0,0,0,0,0,0,0,0,0,0,0,0,0,0,0,0,0,0,0,0,0,0,0,0,0,0,0,0,0,0,0,0,0,0,0,0,0,0,0,0,0,0,0,0,0,0,0,0,0,0,0,0,0,0,0,0,0,0,0,0,0,0,0,0,0,0,0,0,0,0,0,0,0,0,0,0,0,0,0,0,0,0,0,0,0,0,0,0,0,0,0,0,0,0,0,0,0,0,0,0,0,0,0,0,0,0,0,0,0,0,0,0,0,0,0,0,0,0,0,0,0,0,0,0,0,0,0,0,0,0,0,0,0,0,0,0,0,0,0,0,0,0,0,0,0,0,0,0,0,0,0,0,0,0,0,0,0,0,0,0,0,0,0,0,0,0,0,0,0,0,0,0,0,0,0,0,0,0,0,0,0,0,0,0,0,0,0,0,0,0,0,0,0,0,0,0,0,0,0,0,0,0,0,0,0,0,0,0,0,0,0,0,0,0
2026-03-15,0,0,0,0,0,0,0,0,0,0,0,0,0,0,0,0,0,0,0,0,0,0,0,0,0,0,0,0,0,0,0,0,0,0,0,0,0,0,0,0,0,0,0,0,0,0,0,0,0,0,0,0,0,0,0,0,0,0,0,0,0,0,0,0,0,0,0,0,0,0,0,0,0,0,0,0,0,0,0,0,0,0,0,0,0,0,0,0,0,0,0,0,0,0,0,0,0,0,0,0,0,0,0,0,0,0,0,0,0,0,0,0,0,0,0,0,0,0,0,0,0,0,0,0,0,0,0,0,0,0,0,0,0,0,0,0,0,0,0,0,0,0,0,0,0,0,0,0,0,0,0,0,0,0,0,0,0,0,0,0,0,0,0,0,0,0,0,0,0,0,0,0,0,0,0,0,0,0,0,0,0,0,0,0,0,0,0,0,0,0,0,0,0,0,0,0,0,0,0,0,0,0,0,0,0,0,0,0,0,0,0,0,0,0,0,0,0,0,0,0,0,0,0,0,0,0,0,0,0,0,0,0,0,0,0,0,0,0,0,0,0,0,0,0,0,0,0,0,0,0,0,0,0,0,0,0,0,0,0,0,0,0,0,0,0,0,0,0,0,0,0,0,0,0,0,0,0,0,0,0,0,0,0,0,0,0,0,0,0,0,0,0,0,0,0,0,0,0,0,0,0,0,0,0,0,0,0,0,0,0,0,0,0,0,0,0,0,0,0,0,0,0,0,0,0,0,0,0,0,0,0,0,0,0,0,0,0,0,0,0,0,0,0,0,0,0,0,0,0,0,0,0,0,0,0,0,0,0,0,0,0,0,0,0,0,0,0,0,0,0,0,0,0,0,0,0,0,0,0,0,0,0,0,0,0,0,0,0,0,0,0,0,0,0,0,0,0,0,0,0,0,0,0,0,0,0,0,0,0,0,0,0,0,0,0,0,0,0,0,0,0,0,0,0,0,0,0,0,0,0,0,0,0,0,0,0,0,0,0,0,0,0,0,0,0,0,0,0,0,0,0,0,0,0,0,0,0,0,0,0,0,0,0,0,0,0,0,0,0,0,0,0,0,0,0,0,0,0,0,0,0,0,0,0,0,0,0,0,0,0,0,0,0,0,0,0,0,0,0,0,0,0,0,0,0,0,0,0,0,0,0,0,0,0,0,0,0,0,0,0,0,0,0,0,0,0,0,0,0,0,0,0,0,0,0,0,0,0,0,0,0,0,0,0,0,0,0,0,0,0,0,0,0,0,0,0,0,0,0,0,0,0,0,0,0,0,0,0,0,0,0,0,0,0,0,0,0,0,0,0,0,0,0,0,0,0,0,0,0,0,0,0,0,0,0,0,0,0,0,0
2026-03-16,116,275,91,258,56,108,31,232,141,35,672,164,58,43,29,51,135,54,217,348,23,45,25,283,55,399,214,13,381,91,111,724,48,555,139,240,139,54,66,54,46,32,109,291,43,53,66,249,46,109,50,107,41,63,300,107,107,575,55,62,68,518,14,285,111,59,66,198,49,112,43,47,67,43,55,111,54,48,19,426,235,161,54,40,97,44,86,108,65,108,57,108,55,53,110,93,567,115,54,20,157,695,47,48,54,254,101,382,64,161,47,54,48,41,77,34,65,53,52,44,51,41,398,44,77,18,54,115,209,114,57,500,50,181,49,196,53,12,56,301,166,55,39,14,110,234,12,19,20,57,21,143,311,55,37,42,98,49,346,28,33,88,18,58,411,187,86,112,112,230,53,111,31,39,348,120,33,47,20,55,43,334,221,54,364,7,230,111,53,291,160,12,354,179,221,52,622,84,246,85,47,188,192,267,83,343,43,323,85,53,40,13,51,110,578,618,38,29,57,107,614,591,55,24,225,22,7,146,111,34,42,65,95,355,119,106,256,47,61,94,42,378,172,42,212,34,70,21,531,13,46,110,24,87,57,112,83,105,91,470,170,320,246,33,444,92,95,115,55,222,117,705,108,57,100,56,45,45,57,92,555,671,58,62,46,108,56,33,240,43,322,106,170,417,55,107,31,7,44,42,57,143,107,56,34,61,55,12,38,712,18,345,716,19,210,527,42,109,42,86,20,108,54,50,51,58,45,137,54,52,43,329,87,551,83,217,54,699,110,31,239,330,76,76,70,105,123,259,113,149,39,12,31,54,29,37,104,112,20,31,32,50,36,187,238,87,414,56,51,26,161,34,56,243,56,52,116,64,240,54,35,266,208,98,216,37,43,69,145,52,108,246,58,671,51,91,81,32,104,103,56,113,21,320,49,110,45,418,55,112,89,312,36,209,25,94,41,284,93,409,86,484,13,7,165,53,55,216,168,63,58,108,81,260,680,53,109,109,39,64,58,89,111,43,48,109,53,86,54,81,147,34,114,106,22,257,464,55,228,56,85,109,124,48,200,114,25,109,131,192,254,40,21,134,44,92,56,55,26,56,41,234,72,235,416,113,314,200,84,298,25,321,330,197,342,328,393,91,221,126,48,122,106,113,56,406,110,214,41,24,105,222,65,118,111,204,59,48,292,96,20,359,336,57,52,34,30,105,41,392,50,79,289,25,312,195,54,323,18,82,52,263,35,32,201,368,306,442,107,431,219,328,399,54,115,233,267,25,251,458,85,330,54,55,131,20,72,244,53,351,109,103,31,20,272,49,53,33,343,601,63,239,31,338,96,594,150,22,368,80,53,108,87,154,56,227,56,95,56,78
2026-03-17,122,321,111,317,63,118,34,278,159,45,739,178,62,48,35,58,153,62,241,424,27,54,30,310,64,472,240,15,384,102,128,760,60,678,156,263,143,64,71,63,55,35,132,346,46,61,74,283,49,129,56,121,45,75,340,125,118,629,62,68,68,570,10,365,129,64,68,213,61,130,49,56,64,50,61,121,62,60,22,537,276,193,58,31,114,50,95,129,64,125,58,128,58,64,121,97,672,123,62,21,173,830,56,58,66,296,118,464,66,172,59,61,57,43,93,44,68,62,60,48,57,46,472,50,88,18,60,121,231,128,61,521,58,215,57,220,62,12,61,353,168,64,42,10,125,269,13,18,21,63,21,167,385,61,46,46,116,65,429,34,34,98,18,56,501,229,101,121,125,284,60,125,32,48,391,126,34,33,22,65,49,371,290,63,382,5,235,126,64,339,187,13,407,192,259,66,706,93,264,93,56,197,213,282,86,382,49,353,96,63,47,10,59,125,643,674,41,33,66,127,679,651,63,28,258,28,5,146,119,33,43,64,110,369,134,127,326,49,70,110,50,427,202,47,237,25,92,22,622,16,55,126,28,85,60,119,97,127,92,575,181,346,280,36,506,122,113,115,62,254,123,811,136,63,120,60,48,48,64,98,638,771,63,68,59,114,62,34,289,45,337,127,223,516,62,125,34,5,48,46,64,153,121,60,33,68,62,16,37,774,18,393,799,19,240,620,48,127,47,62,21,131,63,56,62,59,49,153,61,64,48,350,112,578,94,232,64,870,119,33,264,362,80,92,70,123,148,283,125,179,41,16,34,57,32,42,115,127,19,34,33,59,40,193,295,98,468,62,60,30,204,43,61,275,60,60,128,67,308,60,35,280,218,119,236,43,47,80,161,63,127,256,68,752,55,109,100,33,119,125,61,124,21,345,58,126,55,501,63,127,111,328,37,254,25,111,41,327,90,480,97,575,16,5,177,62,63,253,163,68,63,118,88,308,815,62,121,124,36,69,62,97,124,48,59,133,58,91,58,74,151,40,123,121,27,283,522,66,244,62,109,126,110,55,228,127,28,127,153,218,283,36,22,140,49,95,63,64,29,59,50,287,87,277,522,121,333,215,99,355,30,338,387,227,424,393,459,92,241,142,57,126,128,126,60,472,125,236,46,31,122,230,67,128,121,232,61,58,341,108,18,378,404,62,60,40,33,116,50,421,62,79,326,27,312,205,63,371,18,101,60,307,46,34,234,428,379,521,117,518,265,353,459,61,125,240,243,28,295,525,84,379,58,66,140,21,87,301,61,390,126,111,33,21,297,47,62,35,392,740,66,294,34,375,109,688,169,28,420,85,61,132,98,176,61,268,63,118,62,87
2026-03-18,128,295,90,285,63,126,42,269,153,41,763,166,63,44,30,52,181,63,250,403,22,44,31,334,63,400,235,19,444,102,130,743,52,588,146,274,161,63,82,62,50,43,128,307,48,62,78,289,47,123,52,121,46,82,336,132,127,638,63,81,92,571,19,322,129,67,83,249,49,121,49,55,78,51,63,125,62,55,28,551,284,173,66,65,102,51,87,124,78,129,65,131,64,64,134,101,574,126,63,28,176,720,52,53,68,275,123,438,80,167,45,61,54,53,81,41,79,66,66,51,53,45,425,50,89,22,64,128,265,126,61,557,60,199,52,197,62,13,67,288,209,64,53,20,131,256,13,22,26,62,28,153,331,67,38,42,104,64,377,31,42,99,23,64,459,225,102,129,129,271,63,124,41,52,382,125,40,68,29,62,49,395,255,63,397,10,278,129,63,342,190,12,383,188,272,63,770,91,275,85,51,208,220,304,91,351,48,357,94,64,49,21,51,124,596,701,58,31,63,129,752,630,58,24,269,30,10,192,127,42,57,83,107,395,125,125,315,48,83,88,48,448,209,51,243,51,82,27,560,18,55,121,25,96,62,134,97,123,99,495,210,341,284,42,498,109,96,122,61,227,121,711,126,64,127,64,52,50,64,126,638,821,59,81,55,155,62,39,256,44,340,125,194,514,65,124,43,10,50,46,63,187,123,64,39,80,64,18,48,823,22,353,772,23,244,577,44,126,51,113,27,129,69,64,65,64,49,159,64,77,51,351,125,554,90,245,63,865,124,40,270,380,106,87,83,126,126,277,124,151,55,17,44,65,34,34,121,122,23,31,31,50,32,255,301,96,504,58,66,35,192,42,62,294,63,64,126,92,295,64,43,283,262,112,222,39,48,71,190,67,129,246,63,744,52,90,105,40,125,127,64,125,28,346,56,135,45,472,67,127,111,362,46,224,27,107,57,347,91,469,94,584,19,10,181,62,60,253,187,81,63,123,92,283,751,62,124,119,46,83,64,101,130,43,50,142,65,89,65,101,158,34,126,127,22,287,503,65,239,61,113,126,152,58,238,125,31,116,157,260,308,47,29,145,51,103,64,63,31,61,55,289,77,279,484,132,341,211,94,338,31,345,412,216,402,399,406,92,255,156,57,122,127,126,62,485,117,234,42,32,131,266,79,125,120,224,63,52,363,110,22,397,334,62,63,37,31,123,49,422,62,106,336,27,413,206,60,399,23,103,63,293,40,38,202,444,298,528,129,521,267,383,426,61,129,271,319,30,293,488,107,381,64,65,178,27,79,270,72,382,128,116,33,28,351,49,61,44,386,734,83,272,43,368,115,695,179,22,434,92,65,126,97,161,61,256,64,114,61,86
2026-03-19,134,277,119,297,63,124,32,269,176,40,758,196,64,50,33,59,126,58,226,463,30,61,28,345,62,544,244,13,401,97,123,773,52,685,164,272,131,57,65,61,56,32,129,377,48,59,62,282,44,126,56,133,53,62,351,126,120,643,64,60,51,631,8,390,127,65,78,216,56,118,46,59,62,44,62,130,62,59,17,557,263,173,58,24,121,48,109,128,62,123,59,125,60,63,119,86,596,130,62,16,174,751,58,60,63,278,110,464,64,199,60,61,61,31,80,44,64,61,57,43,56,53,488,47,103,20,61,127,217,121,63,614,56,223,58,226,62,15,60,372,153,60,33,8,126,244,16,20,16,62,16,165,368,60,42,47,117,64,422,35,32,87,19,60,525,215,90,124,126,288,64,122,33,50,377,123,31,26,17,65,49,358,280,64,393,4,240,126,62,361,171,16,389,224,262,63,751,102,276,98,52,184,216,283,115,430,42,356,101,64,45,8,59,126,670,778,33,32,60,116,700,686,61,29,263,28,4,116,119,31,34,62,115,381,120,125,305,47,65,115,45,421,202,46,249,20,88,16,636,12,59,127,31,102,61,121,88,120,98,553,191,349,258,31,535,111,111,119,66,254,125,830,122,63,121,63,49,44,63,77,679,791,63,64,58,84,56,33,285,50,386,127,252,494,64,125,31,4,45,49,60,126,128,58,31,63,61,12,37,734,21,401,803,20,217,654,48,126,46,51,16,121,63,54,61,64,42,141,62,47,45,391,87,603,99,237,59,871,118,32,252,372,59,102,63,118,163,272,123,196,31,12,33,60,33,46,124,123,21,34,34,56,47,195,266,90,465,63,63,24,204,40,61,251,64,62,134,49,270,64,32,290,192,112,237,43,51,90,143,63,124,261,67,717,61,116,91,33,124,122,60,129,16,337,61,127,62,475,59,119,118,358,39,286,32,116,32,311,109,486,95,545,12,4,197,63,61,249,185,66,63,125,101,291,797,63,127,130,41,62,61,95,130,48,61,129,63,101,61,85,166,46,131,123,30,317,534,69,252,64,123,121,125,57,238,123,28,126,145,185,260,40,16,161,44,99,61,61,28,60,35,308,84,296,491,121,350,205,98,344,28,365,388,237,418,366,447,101,250,126,62,139,120,130,64,475,117,240,48,28,127,226,61,121,123,259,65,58,314,109,19,371,442,63,53,47,34,125,47,451,62,83,313,32,302,202,64,352,19,103,62,327,45,31,241,430,387,527,122,499,243,370,472,62,130,260,276,29,302,478,93,365,61,63,103,16,88,303,48,384,126,108,33,17,277,66,66,33,353,736,62,264,32,351,114,664,156,31,408,104,64,123,91,159,64,267,61,112,62,98
2026-03-20,107,216,52,154,55,105,40,206,167,22,624,172,51,42,26,40,86,56,202,405,13,25,28,316,53,384,177,9,387,69,102,706,42,611,157,228,168,53,81,51,40,44,101,238,42,50,82,240,34,106,41,105,44,82,274,113,108,403,53,83,78,432,27,233,99,54,111,256,40,107,33,39,85,36,55,103,52,41,22,417,210,102,51,79,79,36,88,99,80,109,52,106,52,57,104,73,408,116,52,24,112,616,40,39,56,193,107,304,86,227,27,49,41,44,44,24,79,52,55,37,40,45,416,36,88,32,54,105,260,103,54,622,53,144,39,195,52,18,56,276,200,52,43,27,109,225,19,31,21,53,22,87,191,53,22,45,81,52,282,27,38,69,30,54,347,142,69,108,101,234,52,110,40,34,329,104,39,85,22,54,37,340,182,55,334,13,295,105,53,283,168,19,325,167,227,52,614,95,228,88,40,140,177,239,115,336,34,288,90,53,36,27,39,103,461,552,44,25,56,105,606,559,52,12,210,27,13,155,104,39,45,86,86,299,110,104,252,34,79,50,36,373,150,36,200,65,43,22,423,9,42,106,35,88,55,100,69,111,70,292,143,337,238,39,493,80,86,109,53,172,109,540,105,55,108,51,34,34,49,98,574,708,50,80,39,128,55,38,184,44,335,107,180,454,54,110,41,13,37,43,54,172,102,55,39,82,52,9,62,697,31,356,633,31,206,580,44,106,37,146,23,109,54,53,55,51,34,110,52,36,36,319,64,538,84,196,55,699,98,39,225,339,77,92,86,107,109,232,108,122,44,9,40,54,27,31,110,105,30,27,26,40,31,232,234,67,417,52,53,17,99,21,54,211,52,53,104,77,198,49,42,268,246,85,213,21,43,62,187,51,106,232,56,658,40,50,67,39,99,107,53,109,22,333,39,108,27,395,52,110,76,296,60,169,36,79,44,295,127,406,71,425,9,13,162,49,53,227,246,78,50,103,90,204,660,52,107,105,65,81,52,72,104,45,39,129,53,88,53,130,157,32,104,102,13,271,457,51,185,52,79,108,204,42,184,108,25,107,122,257,219,60,22,161,36,99,53,54,28,54,26,238,43,221,363,101,342,207,70,268,28,315,380,168,328,281,335,95,207,162,40,101,111,107,56,331,106,198,43,28,110,179,79,102,102,171,55,37,236,74,30,325,177,50,51,32,25,103,36,396,50,134,240,35,389,191,52,311,31,103,51,238,22,38,171,334,171,421,108,432,218,327,312,55,104,204,434,28,243,434,143,322,54,54,124,21,46,235,36,336,106,106,26,22,335,75,52,38,326,599,73,144,38,264,79,598,129,13,369,87,51,105,73,120,54,191,55,84,55,92
2026-03-21,0,0,0,0,0,0,0,0,0,0,0,0,0,0,0,0,0,0,0,0,0,0,0,0,0,0,0,0,0,0,0,0,0,0,0,0,0,0,0,0,0,0,0,0,0,0,0,0,0,0,0,0,0,0,0,0,0,0,0,0,0,0,0,0,0,0,0,0,0,0,0,0,0,0,0,0,0,0,0,0,0,0,0,0,0,0,0,0,0,0,0,0,0,0,0,0,0,0,0,0,0,0,0,0,0,0,0,0,0,0,0,0,0,0,0,0,0,0,0,0,0,0,0,0,0,0,0,0,0,0,0,0,0,0,0,0,0,0,0,0,0,0,0,0,0,0,0,0,0,0,0,0,0,0,0,0,0,0,0,0,0,0,0,0,0,0,0,0,0,0,0,0,0,0,0,0,0,0,0,0,0,0,0,0,0,0,0,0,0,0,0,0,0,0,0,0,0,0,0,0,0,0,0,0,0,0,0,0,0,0,0,0,0,0,0,0,0,0,0,0,0,0,0,0,0,0,0,0,0,0,0,0,0,0,0,0,0,0,0,0,0,0,0,0,0,0,0,0,0,0,0,0,0,0,0,0,0,0,0,0,0,0,0,0,0,0,0,0,0,0,0,0,0,0,0,0,0,0,0,0,0,0,0,0,0,0,0,0,0,0,0,0,0,0,0,0,0,0,0,0,0,0,0,0,0,0,0,0,0,0,0,0,0,0,0,0,0,0,0,0,0,0,0,0,0,0,0,0,0,0,0,0,0,0,0,0,0,0,0,0,0,0,0,0,0,0,0,0,0,0,0,0,0,0,0,0,0,0,0,0,0,0,0,0,0,0,0,0,0,0,0,0,0,0,0,0,0,0,0,0,0,0,0,0,0,0,0,0,0,0,0,0,0,0,0,0,0,0,0,0,0,0,0,0,0,0,0,0,0,0,0,0,0,0,0,0,0,0,0,0,0,0,0,0,0,0,0,0,0,0,0,0,0,0,0,0,0,0,0,0,0,0,0,0,0,0,0,0,0,0,0,0,0,0,0,0,0,0,0,0,0,0,0,0,0,0,0,0,0,0,0,0,0,0,0,0,0,0,0,0,0,0,0,0,0,0,0,0,0,0,0,0,0,0,0,0,0,0,0,0,0,0,0,0,0,0,0,0,0,0,0,0,0,0,0,0,0,0,0,0,0,0,0,0,0,0,0,0,0,0,0,0,0,0,0,0,0,0,0,0,0,0,0,0,0,0,0,0,0,0,0,0,0,0,0,0,0,0,0,0,0,0,0,0,0,0,0,0,0,0,0,0,0,0,0,0,0,0,0,0,0,0,0,0,0,0,0,0,0,0,0,0,0,0,0,0,0,0,0,0
2026-03-22,0,0,0,0,0,0,0,0,0,0,0,0,0,0,0,0,0,0,0,0,0,0,0,0,0,0,0,0,0,0,0,0,0,0,0,0,0,0,0,0,0,0,0,0,0,0,0,0,0,0,0,0,0,0,0,0,0,0,0,0,0,0,0,0,0,0,0,0,0,0,0,0,0,0,0,0,0,0,0,0,0,0,0,0,0,0,0,0,0,0,0,0,0,0,0,0,0,0,0,0,0,0,0,0,0,0,0,0,0,0,0,0,0,0,0,0,0,0,0,0,0,0,0,0,0,0,0,0,0,0,0,0,0,0,0,0,0,0,0,0,0,0,0,0,0,0,0,0,0,0,0,0,0,0,0,0,0,0,0,0,0,0,0,0,0,0,0,0,0,0,0,0,0,0,0,0,0,0,0,0,0,0,0,0,0,0,0,0,0,0,0,0,0,0,0,0,0,0,0,0,0,0,0,0,0,0,0,0,0,0,0,0,0,0,0,0,0,0,0,0,0,0,0,0,0,0,0,0,0,0,0,0,0,0,0,0,0,0,0,0,0,0,0,0,0,0,0,0,0,0,0,0,0,0,0,0,0,0,0,0,0,0,0,0,0,0,0,0,0,0,0,0,0,0,0,0,0,0,0,0,0,0,0,0,0,0,0,0,0,0,0,0,0,0,0,0,0,0,0,0,0,0,0,0,0,0,0,0,0,0,0,0,0,0,0,0,0,0,0,0,0,0,0,0,0,0,0,0,0,0,0,0,0,0,0,0,0,0,0,0,0,0,0,0,0,0,0,0,0,0,0,0,0,0,0,0,0,0,0,0,0,0,0,0,0,0,0,0,0,0,0,0,0,0,0,0,0,0,0,0,0,0,0,0,0,0,0,0,0,0,0,0,0,0,0,0,0,0,0,0,0,0,0,0,0,0,0,0,0,0,0,0,0,0,0,0,0,0,0,0,0,0,0,0,0,0,0,0,0,0,0,0,0,0,0,0,0,0,0,0,0,0,0,0,0,0,0,0,0,0,0,0,0,0,0,0,0,0,0,0,0,0,0,0,0,0,0,0,0,0,0,0,0,0,0,0,0,0,0,0,0,0,0,0,0,0,0,0,0,0,0,0,0,0,0,0,0,0,0,0,0,0,0,0,0,0,0,0,0,0,0,0,0,0,0,0,0,0,0,0,0,0,0,0,0,0,0,0,0,0,0,0,0,0,0,0,0,0,0,0,0,0,0,0,0,0,0,0,0,0,0,0,0,0,0,0,0,0,0,0,0,0,0,0,0,0,0,0,0,0,0,0,0,0,0,0,0,0,0,0,0,0,0,0,0,0,0,0,0,0,0,0,0,0,0,0,0,0,0,0
2026-03-23,102,216,60,194,52,109,39,210,148,29,626,144,56,40,20,46,130,58,213,386,15,29,34,298,52,414,150,13,390,68,110,670,48,582,143,223,163,54,77,51,46,39,115,287,41,51,81,235,32,109,49,114,41,78,279,114,107,437,53,77,60,517,12,292,113,52,99,245,45,108,34,52,80,34,54,107,49,47,18,457,212,128,56,37,92,34,81,109,78,104,56,105,55,55,106,64,414,107,54,19,118,641,49,51,53,200,127,363,81,264,30,53,49,37,55,28,79,54,63,33,47,40,410,34,88,26,56,111,272,101,56,511,64,171,49,185,53,19,54,298,190,55,37,12,104,241,20,26,19,50,19,114,248,56,29,43,100,53,337,21,39,74,26,55,418,151,74,108,109,256,54,104,39,33,334,108,40,44,19,57,34,319,218,52,333,6,285,112,54,304,222,21,332,157,238,53,602,79,225,81,48,135,191,249,145,290,35,306,78,57,33,13,49,103,561,614,38,20,58,110,681,557,54,15,218,35,6,132,109,40,40,73,100,334,110,105,257,35,80,56,33,417,154,33,216,29,53,18,507,12,47,104,40,82,53,103,67,109,71,365,140,304,232,39,487,101,93,103,54,195,103,655,106,54,109,54,34,36,53,88,579,684,50,79,48,101,51,40,222,41,323,111,189,439,51,103,42,6,34,42,52,164,109,53,39,74,56,13,52,723,27,384,718,26,229,547,40,105,35,71,20,112,52,65,54,53,34,107,54,49,34,318,88,540,84,209,54,737,110,37,240,332,75,84,79,108,118,231,106,146,37,13,40,53,22,37,108,113,27,21,22,49,34,230,236,74,456,52,56,25,126,28,54,191,53,55,105,65,192,55,39,241,251,98,225,27,41,70,175,54,106,237,41,676,48,62,68,38,116,109,56,112,20,312,49,112,32,411,54,112,97,236,48,205,40,99,38,288,138,411,68,466,13,6,159,54,55,225,242,73,55,109,82,204,676,53,109,105,52,73,52,66,105,39,47,148,52,85,55,105,137,36,103,114,15,259,442,42,149,53,93,111,161,49,151,113,35,110,103,236,205,53,19,130,35,116,55,53,34,52,39,244,57,249,414,109,310,194,66,295,35,308,458,139,326,253,384,87,205,170,47,80,103,103,54,326,105,203,41,33,108,174,77,105,104,201,55,44,244,93,25,352,207,54,69,34,21,111,33,374,55,110,244,39,370,131,52,307,27,116,57,280,28,42,197,369,191,458,111,449,215,302,382,54,107,207,362,31,252,448,117,347,52,55,125,19,56,253,51,340,110,80,21,18,315,80,53,38,342,637,79,181,39,274,99,578,126,15,354,85,50,108,72,110,56,205,55,100,56,84
2026-03-24,133,265,61,223,67,121,51,264,191,30,794,202,65,50,29,54,143,66,260,474,16,30,36,366,66,455,205,15,463,86,127,867,52,754,166,281,208,60,97,64,51,50,132,299,50,64,97,289,43,137,53,127,51,98,341,126,128,524,64,100,91,593,27,314,126,60,125,299,50,123,43,52,93,42,64,129,65,54,26,550,283,140,69,84,104,43,101,124,103,129,68,128,64,68,132,90,467,132,63,25,145,781,52,54,67,242,145,404,101,282,32,67,52,55,61,30,96,66,72,42,50,51,504,42,105,34,62,127,306,128,70,628,71,173,54,231,65,22,71,339,234,63,52,26,135,279,22,34,27,66,28,123,264,63,29,52,103,67,360,29,47,84,32,66,450,188,82,132,134,287,66,135,50,41,391,129,49,91,25,65,42,414,238,64,405,14,365,126,65,340,227,23,406,194,274,66,773,102,286,99,52,176,232,286,149,398,41,365,106,65,41,25,52,136,593,694,53,28,63,130,786,664,65,16,244,36,13,187,129,48,56,97,102,386,132,134,323,42,105,66,42,528,186,44,221,65,60,28,556,15,55,134,45,109,71,131,81,126,81,391,183,367,287,48,574,103,105,130,62,221,128,764,131,66,122,64,44,44,67,128,730,795,66,99,48,156,64,49,231,51,382,129,213,561,67,132,46,14,41,51,62,210,133,63,49,100,66,14,72,850,35,437,820,36,245,633,52,130,43,159,28,126,67,71,63,68,45,134,65,53,40,377,91,613,105,237,61,853,133,49,280,398,95,97,97,122,128,277,138,141,52,13,48,62,29,38,133,132,36,28,30,52,37,277,276,84,535,62,62,28,132,29,62,254,65,68,130,93,247,61,48,305,336,108,267,30,52,78,214,67,129,277,58,784,50,64,90,47,130,136,64,138,27,378,52,134,30,472,62,130,111,355,70,220,47,101,54,368,165,488,83,559,14,13,188,63,69,278,304,97,65,132,99,240,846,65,130,125,69,101,67,82,127,53,55,170,66,100,69,164,183,38,136,133,17,315,495,59,204,61,99,124,230,55,219,138,36,136,148,305,248,72,27,174,40,133,61,64,35,66,44,284,59,288,453,125,381,239,86,349,37,344,533,195,432,332,396,102,261,201,53,112,127,127,65,417,132,235,51,34,135,208,91,128,122,217,62,53,310,105,34,386,224,63,70,37,28,132,44,450,65,154,266,43,452,190,63,355,35,135,65,298,31,49,210,408,207,539,130,502,258,365,387,66,135,249,492,35,304,492,163,379,66,63,160,26,57,301,54,437,133,113,27,29,420,91,66,50,384,778,102,196,50,350,103,756,152,16,414,108,67,126,82,144,65,249,68,104,67,103
2026-03-25,113,298,109,270,59,113,32,263,152,37,754,177,59,47,36,50,115,60,230,399,28,58,21,333,57,410,260,11,399,98,115,686,47,579,136,264,124,61,61,61,46,33,114,292,46,55,63,268,48,116,48,115,46,61,338,113,116,659,59,61,78,508,20,297,121,56,66,180,51,118,47,47,68,50,61,115,61,49,22,492,248,180,57,59,97,48,93,113,62,113,59,111,58,59,111,105,612,120,56,24,172,742,49,48,57,275,86,388,64,112,53,56,49,43,76,38,66,60,39,48,47,47,461,48,89,18,56,120,186,119,60,548,44,177,47,199,57,9,59,303,160,60,45,20,114,257,10,19,23,58,21,157,342,59,38,44,94,59,359,35,30,100,19,55,419,224,105,112,120,246,58,120,31,51,347,121,31,72,22,61,49,318,242,60,375,10,210,116,60,290,125,9,385,201,250,56,717,91,267,91,46,208,214,261,63,393,52,310,93,60,50,21,49,114,528,648,45,39,55,118,684,622,60,28,240,19,10,145,113,30,44,63,97,345,120,115,294,51,66,106,49,306,219,49,220,52,77,22,532,12,49,115,17,90,59,118,101,111,98,515,199,329,263,31,490,94,92,121,60,216,115,626,121,56,112,58,48,49,58,99,579,767,58,59,46,120,58,33,237,44,363,123,193,444,62,121,31,10,49,47,59,140,123,58,31,63,57,12,37,791,19,364,745,19,199,598,47,118,50,116,22,105,59,41,58,57,50,152,56,49,50,347,85,548,88,219,59,811,117,32,244,334,76,89,60,115,143,259,116,161,45,12,32,56,37,37,120,111,18,39,39,49,38,167,275,97,411,61,56,23,188,39,57,270,59,56,114,77,281,57,33,290,203,93,207,41,48,70,153,60,116,241,72,705,46,112,95,31,110,115,61,113,23,319,47,121,53,444,59,127,98,396,40,226,18,98,46,325,65,401,100,486,12,10,171,57,57,231,150,62,58,121,98,297,719,61,117,114,37,61,62,103,117,48,49,92,60,92,59,89,160,38,117,118,29,277,476,75,257,58,93,119,122,51,251,117,20,118,163,201,288,37,22,173,51,74,56,60,21,62,36,273,83,269,406,124,332,193,96,317,20,354,292,240,358,377,408,92,237,117,47,145,112,119,60,453,121,240,44,20,114,238,62,120,119,194,60,45,340,95,20,330,375,61,40,37,39,115,50,423,58,84,335,18,301,237,58,332,19,74,56,248,38,30,209,389,357,482,119,445,240,359,366,57,113,246,274,20,305,482,90,341,58,59,130,21,78,264,48,359,112,131,35,24,252,34,55,31,348,651,61,254,30,364,95,572,178,25,418,86,54,122,100,169,56,248,59,96,57,94
2026-03-26,101,226,72,202,52,100,34,217,138,30,603,140,49,38,22,45,125,49,185,363,17,38,30,264,47,399,156,12,349,68,103,590,46,520,139,202,131,52,64,50,46,30,94,253,33,49,65,216,33,100,47,100,39,66,268,102,98,457,47,62,53,506,8,285,101,51,75,208,48,98,35,47,67,35,47,106,50,45,16,435,211,134,49,23,93,33,76,99,65,100,50,101,48,50,96,68,439,103,49,16,120,586,49,44,49,190,112,378,66,206,36,47,45,30,57,30,62,52,58,34,45,37,369,35,76,20,50,100,219,103,51,481,57,160,49,168,48,16,51,287,155,51,32,8,104,216,15,21,17,51,16,120,264,51,30,36,97,48,312,21,32,67,20,51,404,158,67,98,100,222,51,105,34,34,305,100,33,29,15,49,33,325,231,48,316,4,242,97,51,269,191,16,302,147,198,53,613,78,227,78,44,137,175,230,119,336,36,291,76,49,35,8,44,101,512,528,34,20,47,100,561,564,51,18,200,28,4,106,99,30,32,70,93,298,99,94,234,34,67,70,34,405,136,35,200,20,56,16,508,11,47,99,32,76,51,101,68,101,72,398,138,283,213,30,409,87,91,104,51,201,98,679,101,49,103,49,34,33,53,75,558,627,48,67,48,87,50,30,228,40,291,95,186,404,52,103,32,4,37,39,51,142,99,48,32,61,47,12,42,616,19,326,631,21,192,510,38,98,33,49,17,95,49,57,51,49,31,103,50,47,35,307,82,472,73,196,49,668,98,33,209,289,57,78,66,100,125,223,100,140,31,12,31,53,22,34,98,104,21,23,22,45,33,189,223,68,408,49,49,24,138,31,51,184,52,49,102,53,202,52,32,225,212,87,205,31,37,68,143,49,106,217,43,641,47,73,66,33,104,105,52,99,16,296,44,102,33,362,53,95,98,217,39,197,33,89,33,256,120,406,64,438,11,4,143,52,46,203,190,65,48,100,80,206,642,52,100,99,41,65,52,70,104,37,42,127,51,75,52,84,122,34,95,103,18,248,384,46,168,48,94,103,124,45,159,95,28,101,111,210,211,37,17,121,35,99,51,49,28,53,35,230,58,213,404,99,297,176,69,267,27,286,400,154,326,258,380,73,190,133,45,93,95,100,53,321,99,184,39,30,106,179,67,100,101,183,50,45,235,92,21,319,253,51,54,34,23,94,34,362,50,87,234,32,307,136,50,291,20,100,50,256,29,31,186,352,231,420,97,442,208,297,373,49,102,193,275,27,229,405,92,296,53,50,103,16,61,229,45,311,95,79,21,16,258,66,48,31,334,576,65,205,31,252,84,543,112,17,352,75,47,96,67,114,52,213,50,95,48,81
2026-03-27,97,216,49,189,51,95,35,209,131,28,571,133,46,33,21,38,134,48,185,316,12,25,29,253,48,324,151,14,346,70,99,548,38,443,112,208,149,46,70,46,41,35,98,260,33,47,79,221,35,94,40,104,35,71,267,94,92,431,51,77,76,445,16,253,103,51,76,230,42,95,36,41,78,36,48,104,49,40,21,438,203,124,50,51,85,34,69,100,73,103,48,101,48,52,96,71,415,96,49,22,120,579,41,42,47,208,105,316,70,185,27,47,41,45,55,25,71,53,57,34,39,34,352,33,71,23,50,103,236,100,47,411,52,155,41,158,46,14,49,225,180,50,44,17,94,210,14,22,21,51,22,113,252,48,27,35,80,51,294,20,35,70,22,50,366,161,65,100,98,233,48,95,37,33,300,96,37,53,22,47,36,306,191,52,301,8,261,99,47,255,184,13,296,125,212,48,576,69,198,66,41,144,186,217,100,293,36,270,66,49,35,16,39,101,470,555,46,21,51,101,569,512,51,13,188,27,8,156,96,39,45,70,87,280,98,99,240,34,73,48,36,422,153,35,183,42,54,21,449,15,42,98,28,73,49,97,71,103,69,345,138,279,211,35,373,82,82,97,46,179,100,608,96,47,103,49,35,36,51,110,525,597,49,73,41,114,50,34,192,35,272,98,151,429,46,101,33,8,34,35,48,160,98,51,37,74,50,14,46,690,22,289,682,23,190,474,36,98,36,92,23,98,48,54,48,46,35,121,51,59,35,265,104,431,70,172,47,640,96,38,197,278,82,71,77,99,94,215,98,108,45,14,37,49,22,26,100,98,23,21,20,41,27,213,212,74,371,48,46,28,121,26,48,204,46,50,100,71,208,51,37,219,221,80,175,28,34,54,167,47,96,225,44,635,42,53,71,38,98,99,53,100,20,300,41,101,26,393,48,100,84,230,44,176,28,77,45,256,103,352,71,441,14,8,134,50,49,207,196,76,48,93,74,200,630,48,95,96,42,78,50,72,99,36,43,123,47,66,49,99,127,26,99,92,14,208,392,42,154,49,81,95,139,41,145,99,28,99,111,230,213,44,22,120,35,98,48,51,29,52,43,207,57,214,352,100,255,174,69,250,28,268,412,134,320,253,320,68,201,146,42,84,100,88,50,339,102,192,36,29,92,172,77,99,96,182,48,42,242,83,22,319,182,49,54,27,20,101,36,313,51,86,241,27,334,149,48,274,22,95,48,235,28,38,160,304,169,410,103,419,208,283,325,47,96,183,309,28,220,387,103,320,46,48,139,21,51,214,55,310,98,76,21,22,286,55,50,36,311,584,73,173,35,290,86,538,126,13,342,71,47,101,71,108,53,207,48,83,48,72
2026-03-28,0,0,0,0,0,0,0,0,0,0,0,0,0,0,0,0,0,0,0,0,0,0,0,0,0,0,0,0,0,0,0,0,0,0,0,0,0,0,0,0,0,0,0,0,0,0,0,0,0,0,0,0,0,0,0,0,0,0,0,0,0,0,0,0,0,0,0,0,0,0,0,0,0,0,0,0,0,0,0,0,0,0,0,0,0,0,0,0,0,0,0,0,0,0,0,0,0,0,0,0,0,0,0,0,0,0,0,0,0,0,0,0,0,0,0,0,0,0,0,0,0,0,0,0,0,0,0,0,0,0,0,0,0,0,0,0,0,0,0,0,0,0,0,0,0,0,0,0,0,0,0,0,0,0,0,0,0,0,0,0,0,0,0,0,0,0,0,0,0,0,0,0,0,0,0,0,0,0,0,0,0,0,0,0,0,0,0,0,0,0,0,0,0,0,0,0,0,0,0,0,0,0,0,0,0,0,0,0,0,0,0,0,0,0,0,0,0,0,0,0,0,0,0,0,0,0,0,0,0,0,0,0,0,0,0,0,0,0,0,0,0,0,0,0,0,0,0,0,0,0,0,0,0,0,0,0,0,0,0,0,0,0,0,0,0,0,0,0,0,0,0,0,0,0,0,0,0,0,0,0,0,0,0,0,0,0,0,0,0,0,0,0,0,0,0,0,0,0,0,0,0,0,0,0,0,0,0,0,0,0,0,0,0,0,0,0,0,0,0,0,0,0,0,0,0,0,0,0,0,0,0,0,0,0,0,0,0,0,0,0,0,0,0,0,0,0,0,0,0,0,0,0,0,0,0,0,0,0,0,0,0,0,0,0,0,0,0,0,0,0,0,0,0,0,0,0,0,0,0,0,0,0,0,0,0,0,0,0,0,0,0,0,0,0,0,0,0,0,0,0,0,0,0,0,0,0,0,0,0,0,0,0,0,0,0,0,0,0,0,0,0,0,0,0,0,0,0,0,0,0,0,0,0,0,0,0,0,0,0,0,0,0,0,0,0,0,0,0,0,0,0,0,0,0,0,0,0,0,0,0,0,0,0,0,0,0,0,0,0,0,0,0,0,0,0,0,0,0,0,0,0,0,0,0,0,0,0,0,0,0,0,0,0,0,0,0,0,0,0,0,0,0,0,0,0,0,0,0,0,0,0,0,0,0,0,0,0,0,0,0,0,0,0,0,0,0,0,0,0,0,0,0,0,0,0,0,0,0,0,0,0,0,0,0,0,0,0,0,0,0,0,0,0,0,0,0,0,0,0,0,0,0,0,0,0,0,0,0,0,0,0,0,0,0,0,0,0,0,0,0,0,0,0,0,0,0,0,0,0,0,0,0,0,0,0,0,0,0,0,0
2026-03-29,0,0,0,0,0,0,0,0,0,0,0,0,0,0,0,0,0,0,0,0,0,0,0,0,0,0,0,0,0,0,0,0,0,0,0,0,0,0,0,0,0,0,0,0,0,0,0,0,0,0,0,0,0,0,0,0,0,0,0,0,0,0,0,0,0,0,0,0,0,0,0,0,0,0,0,0,0,0,0,0,0,0,0,0,0,0,0,0,0,0,0,0,0,0,0,0,0,0,0,0,0,0,0,0,0,0,0,0,0,0,0,0,0,0,0,0,0,0,0,0,0,0,0,0,0,0,0,0,0,0,0,0,0,0,0,0,0,0,0,0,0,0,0,0,0,0,0,0,0,0,0,0,0,0,0,0,0,0,0,0,0,0,0,0,0,0,0,0,0,0,0,0,0,0,0,0,0,0,0,0,0,0,0,0,0,0,0,0,0,0,0,0,0,0,0,0,0,0,0,0,0,0,0,0,0,0,0,0,0,0,0,0,0,0,0,0,0,0,0,0,0,0,0,0,0,0,0,0,0,0,0,0,0,0,0,0,0,0,0,0,0,0,0,0,0,0,0,0,0,0,0,0,0,0,0,0,0,0,0,0,0,0,0,0,0,0,0,0,0,0,0,0,0,0,0,0,0,0,0,0,0,0,0,0,0,0,0,0,0,0,0,0,0,0,0,0,0,0,0,0,0,0,0,0,0,0,0,0,0,0,0,0,0,0,0,0,0,0,0,0,0,0,0,0,0,0,0,0,0,0,0,0,0,0,0,0,0,0,0,0,0,0,0,0,0,0,0,0,0,0,0,0,0,0,0,0,0,0,0,0,0,0,0,0,0,0,0,0,0,0,0,0,0,0,0,0,0,0,0,0,0,0,0,0,0,0,0,0,0,0,0,0,0,0,0,0,0,0,0,0,0,0,0,0,0,0,0,0,0,0,0,0,0,0,0,0,0,0,0,0,0,0,0,0,0,0,0,0,0,0,0,0,0,0,0,0,0,0,0,0,0,0,0,0,0,0,0,0,0,0,0,0,0,0,0,0,0,0,0,0,0,0,0,0,0,0,0,0,0,0,0,0,0,0,0,0,0,0,0,0,0,0,0,0,0,0,0,0,0,0,0,0,0,0,0,0,0,0,0,0,0,0,0,0,0,0,0,0,0,0,0,0,0,0,0,0,0,0,0,0,0,0,0,0,0,0,0,0,0,0,0,0,0,0,0,0,0,0,0,0,0,0,0,0,0,0,0,0,0,0,0,0,0,0,0,0,0,0,0,0,0,0,0,0,0,0,0,0,0,0,0,0,0,0,0,0,0,0,0,0,0,0,0,0,0,0,0,0,0,0,0,0,0,0,0,0,0,0,0,0
2026-03-30,119,238,69,212,58,120,43,244,154,29,723,157,60,46,24,44,130,60,236,393,16,34,32,310,56,443,185,13,396,78,110,745,48,598,158,261,166,57,82,58,49,41,120,285,47,57,83,275,39,114,50,117,47,84,298,117,112,490,57,81,77,558,17,299,113,61,103,256,50,117,40,50,85,38,60,117,60,51,22,486,242,137,57,57,94,40,86,113,80,111,59,118,58,57,125,84,444,118,59,23,132,711,50,50,58,235,129,373,82,247,35,59,52,45,60,29,83,57,69,40,49,44,421,37,87,29,57,119,261,122,57,561,71,175,50,190,60,18,59,313,204,58,45,19,113,229,18,27,23,54,22,116,247,54,31,47,102,58,340,26,40,76,29,60,420,185,79,109,123,273,57,113,42,38,368,121,41,68,21,61,38,350,248,56,368,9,310,116,58,314,208,19,352,173,248,62,698,94,243,90,51,159,204,270,138,373,38,312,90,56,41,18,49,120,534,643,44,28,59,114,647,619,57,17,240,32,9,165,115,43,44,81,100,349,119,114,286,42,82,69,40,470,166,38,211,42,61,22,509,12,50,120,37,89,58,121,81,117,74,383,160,336,248,39,492,96,96,117,56,213,120,724,116,55,111,62,39,41,58,99,634,695,58,81,51,114,56,43,223,47,344,116,196,514,57,116,41,9,38,48,59,172,120,61,41,83,57,14,57,758,28,394,758,29,220,577,43,116,38,105,21,114,60,69,54,60,44,128,57,53,38,324,91,577,92,215,55,730,110,41,251,349,81,91,82,113,134,248,118,145,43,13,42,59,26,36,108,119,28,26,26,48,36,231,255,76,457,58,60,28,140,30,59,218,57,55,116,79,238,58,39,285,257,93,240,28,46,73,190,62,122,260,49,693,50,67,80,40,121,112,57,115,22,330,49,107,33,448,58,121,88,286,55,209,38,101,47,302,130,443,77,521,12,9,178,54,59,251,262,83,58,115,93,225,679,59,111,107,59,83,61,80,108,46,45,143,59,90,58,119,147,37,121,108,17,268,448,50,192,60,104,104,193,52,178,116,31,118,123,239,255,54,22,156,38,116,61,58,33,53,39,258,60,252,412,120,320,214,79,316,32,309,447,181,393,286,381,93,226,184,50,105,117,117,57,388,116,222,45,32,119,190,79,115,119,213,59,53,265,96,28,361,224,57,64,37,26,112,40,412,58,117,249,37,374,179,58,348,28,114,57,283,30,43,215,399,221,499,119,486,228,347,372,57,115,232,368,32,274,489,125,372,61,57,131,22,62,274,51,377,117,94,26,22,306,69,56,40,362,666,84,198,40,307,98,640,139,17,394,87,56,113,75,138,60,230,59,94,58,87
2026-03-31,106,256,79,229,56,111,36,223,163,33,704,166,55,42,28,47,138,58,226,409,20,38,29,291,58,409,201,13,405,83,120,689,49,633,148,241,143,57,73,56,49,36,110,298,43,52,72,247,42,108,47,114,42,71,291,109,114,500,57,73,72,493,16,303,115,56,88,236,47,115,41,48,70,40,57,112,57,50,21,464,241,142,54,44,94,43,83,117,69,120,56,108,51,54,115,78,491,111,56,22,144,690,48,52,54,241,110,380,73,197,41,54,48,47,66,35,73,56,56,39,47,44,404,40,83,23,56,115,238,115,59,513,54,176,46,187,54,15,56,294,188,57,44,16,113,230,15,23,21,57,21,131,283,58,34,44,102,56,340,27,36,79,22,60,414,201,86,112,111,258,55,111,36,43,326,112,37,54,21,55,40,377,228,61,363,8,265,111,57,307,189,16,362,171,233,57,606,89,240,88,48,169,205,256,112,355,43,321,86,56,41,16,48,113,540,596,42,27,57,111,666,589,54,20,231,29,8,145,117,36,42,75,99,328,106,118,271,42,73,79,38,422,174,41,217,38,71,22,540,13,47,106,31,85,55,110,84,115,81,414,167,318,236,36,465,94,93,106,54,214,108,662,115,57,112,52,42,42,54,96,576,711,55,67,46,112,56,35,224,44,324,112,189,454,54,116,38,8,39,43,57,155,107,54,36,73,57,13,45,726,23,370,718,23,218,575,42,112,43,98,21,117,57,53,57,56,40,131,59,53,40,305,88,525,85,225,57,783,111,38,235,345,78,88,74,109,124,263,114,140,42,13,36,59,26,35,112,111,23,28,27,48,34,206,261,79,436,53,59,27,152,36,56,246,54,59,117,70,243,57,35,256,235,103,219,33,41,66,167,57,110,226,57,667,46,80,85,35,113,107,57,111,20,340,48,112,40,423,53,106,99,307,46,209,28,91,41,304,99,418,81,499,13,8,166,57,56,233,206,69,54,111,85,245,732,56,107,113,44,73,57,87,111,44,49,122,55,84,56,100,157,33,110,121,20,262,468,54,196,58,97,112,146,48,203,106,30,114,131,228,259,48,20,150,39,101,61,55,27,56,39,266,64,247,406,104,315,199,79,314,29,291,383,175,342,330,374,88,231,143,47,114,111,116,55,381,112,207,46,27,107,196,69,118,114,201,57,48,285,96,21,355,273,56,56,35,28,119,39,396,54,98,281,29,347,177,55,353,23,103,60,248,34,36,195,400,249,499,110,482,240,318,394,56,120,222,307,26,261,441,110,324,56,57,133,22,67,260,51,349,104,107,28,21,312,59,55,35,348,627,66,215,34,305,93,600,151,19,391,84,53,113,84,143,55,234,52,97,58,89
2026-04-01,100,241,85,221,48,95,28,206,144,33,624,162,49,40,27,42,100,52,204,365,21,41,23,287,52,379,199,10,323,78,96,631,41,500,134,226,122,50,58,49,42,29,101,255,40,52,61,235,38,96,43,103,41,61,284,103,99,504,52,56,57,459,15,259,93,52,70,176,42,97,37,45,58,40,48,98,51,43,17,401,218,126,49,41,87,39,88,97,61,108,53,103,50,50,102,72,480,102,49,18,136,632,44,42,49,217,85,343,60,153,40,51,41,35,61,30,58,47,44,39,43,40,393,39,80,21,53,106,185,105,50,496,45,167,44,180,48,12,51,264,142,50,32,15,103,213,12,19,16,51,17,122,265,49,31,38,86,50,292,29,30,72,19,50,382,187,79,100,100,202,54,103,30,38,293,100,29,49,18,47,40,295,190,48,325,7,204,103,50,260,145,12,319,148,210,50,542,84,222,80,44,153,169,227,79,318,36,294,79,54,38,14,44,105,507,535,35,28,49,98,602,549,49,20,196,22,7,116,107,29,35,59,88,301,100,98,236,37,55,80,36,316,157,42,193,34,61,18,464,10,42,103,24,80,49,103,75,106,76,418,153,289,233,28,428,83,87,96,49,200,100,630,101,49,99,51,34,39,49,82,505,626,51,55,42,89,47,30,205,41,313,97,182,395,50,97,29,7,36,38,52,133,100,48,30,57,50,10,36,641,19,337,627,19,185,547,41,104,37,85,17,100,50,45,49,50,39,115,49,41,37,307,71,479,80,187,52,665,97,29,207,292,66,81,58,102,126,234,96,145,35,10,28,49,29,35,101,104,19,27,28,45,32,171,228,77,366,50,47,20,156,31,51,217,52,50,95,57,228,48,31,248,187,86,183,30,41,67,130,51,100,216,55,600,45,84,77,29,96,97,51,96,17,284,45,98,42,388,51,99,87,292,38,187,24,85,32,258,84,369,74,459,11,7,161,50,48,229,178,58,50,102,83,242,586,52,104,102,39,58,48,79,106,39,43,96,48,76,50,84,131,33,98,102,20,250,400,58,196,51,83,101,120,44,199,101,20,101,125,182,227,39,17,141,37,87,46,48,22,54,30,235,62,227,397,93,277,174,77,273,22,270,306,184,327,284,316,81,204,112,45,107,97,101,48,366,98,196,38,22,97,189,59,99,97,191,52,43,253,90,19,299,301,52,45,32,27,90,38,370,54,84,247,25,282,182,50,284,18,77,48,233,30,29,177,338,257,427,102,402,208,299,330,53,101,203,252,22,238,396,85,305,50,50,109,17,64,235,39,306,91,97,28,17,244,47,49,28,312,588,58,210,29,288,84,551,127,21,343,79,53,100,80,136,47,213,50,85,47,84
2026-04-02,113,266,79,234,55,106,38,228,155,35,677,158,57,42,25,49,160,57,216,409,19,40,31,297,59,429,181,15,369,84,118,746,50,552,138,239,151,57,75,59,53,40,116,307,44,58,77,257,43,117,51,117,42,74,306,107,109,526,62,67,65,544,12,317,114,56,78,216,49,111,39,50,77,39,55,117,57,52,21,490,248,158,56,35,104,40,84,114,73,115,58,113,61,56,113,85,502,111,56,21,150,685,52,50,58,232,123,397,73,220,41,56,52,39,67,34,77,56,60,39,53,45,433,41,80,22,56,114,242,115,54,512,62,169,53,187,54,16,56,290,192,59,42,12,116,257,16,23,20,56,21,148,318,59,38,43,104,55,361,28,36,82,23,57,410,185,77,107,116,270,55,114,37,43,333,118,38,45,22,55,38,326,246,57,375,6,252,114,58,323,202,16,357,170,235,61,676,83,236,94,52,163,207,268,104,344,42,303,89,57,40,11,50,111,627,663,42,27,52,116,710,583,58,21,247,30,6,154,115,38,42,73,98,367,100,116,278,39,73,75,39,465,181,42,220,31,70,22,552,15,50,114,31,86,55,116,84,118,83,459,157,322,255,36,481,104,97,114,58,214,113,736,108,57,113,58,39,42,59,101,620,710,57,75,53,107,58,35,241,40,326,111,201,462,60,106,36,6,43,39,56,156,106,57,37,72,56,15,44,725,22,338,748,22,212,548,42,115,42,64,22,117,57,60,55,57,43,128,57,64,43,314,105,517,83,212,58,772,119,36,241,341,80,87,77,117,137,245,121,143,44,15,37,56,24,36,114,122,22,26,26,51,38,223,239,85,464,58,54,30,160,34,58,240,60,54,113,69,244,61,37,259,240,104,224,36,44,69,178,56,109,232,53,712,51,79,80,38,111,120,56,112,22,349,51,111,40,457,56,111,102,260,44,228,33,96,43,292,115,433,77,529,15,6,160,55,57,234,205,74,59,113,85,242,667,60,119,109,45,71,58,81,120,42,50,137,57,86,57,97,141,38,113,123,21,284,449,53,181,58,108,120,133,51,181,113,34,107,127,244,228,44,20,139,41,111,54,54,31,55,45,263,73,241,453,109,301,205,82,316,31,300,410,185,391,319,387,82,237,146,48,106,119,114,55,400,120,215,44,30,116,197,71,115,112,215,58,50,278,105,23,359,273,59,66,37,26,110,39,387,56,89,257,31,355,167,57,333,23,106,60,302,34,40,213,374,251,475,109,489,232,341,385,59,104,224,309,32,256,462,105,361,58,55,125,21,68,271,59,362,109,95,26,20,317,66,60,35,341,630,69,228,39,316,100,646,133,21,380,88,57,113,79,150,55,241,55,100,55,84
2026-04-03,134,314,108,305,69,132,43,303,180,42,773,195,69,47,32,65,178,64,260,448,28,51,35,336,71,548,217,17,434,100,139,844,64,676,170,281,166,66,76,70,60,40,131,375,52,64,78,302,50,137,65,134,52,81,334,127,134,641,66,84,69,657,10,367,143,66,83,244,65,135,52,63,80,51,69,129,68,61,23,611,283,202,70,30,132,46,96,136,83,129,71,126,72,68,134,100,651,136,67,21,173,807,62,60,68,290,143,529,77,237,53,65,61,45,91,45,79,61,68,51,63,52,488,45,103,23,66,138,285,134,65,645,70,218,62,240,67,19,69,385,200,65,43,11,131,286,19,23,22,69,22,183,392,67,46,52,118,68,432,33,40,101,24,64,548,237,97,137,144,292,67,136,43,49,399,143,41,35,22,69,48,395,290,67,433,5,293,127,70,402,217,17,417,202,273,68,726,103,305,100,62,199,251,311,129,412,48,354,103,64,50,10,62,134,652,702,45,31,64,138,782,689,69,27,271,36,5,146,136,41,44,80,129,427,124,145,343,51,81,109,51,523,212,47,261,25,89,22,704,17,61,136,34,108,62,136,97,135,101,559,205,378,294,41,523,116,120,134,65,279,136,881,127,69,132,69,50,48,69,96,704,859,63,77,63,115,66,40,280,47,380,134,237,546,65,134,40,5,49,49,64,157,130,69,40,77,65,17,47,880,24,416,915,24,250,655,51,139,51,61,23,127,67,73,67,70,49,152,66,67,49,368,120,645,102,248,63,825,133,40,299,384,85,102,80,137,163,292,143,192,44,17,40,65,32,45,132,136,22,31,31,63,43,230,308,103,503,66,71,34,195,43,62,278,68,68,130,71,287,67,41,318,270,125,265,47,49,92,185,69,133,270,62,824,64,106,101,40,123,134,66,129,20,404,61,139,52,512,65,131,121,337,43,264,38,127,46,360,124,510,99,629,17,5,208,67,73,290,205,78,65,135,100,309,785,68,134,124,47,82,68,93,134,51,66,158,71,96,71,96,163,45,138,129,27,323,551,63,217,67,124,130,142,61,217,135,35,136,150,249,296,43,21,168,49,124,67,67,35,69,50,320,85,312,576,135,375,237,104,348,37,361,484,222,422,414,493,95,281,153,64,125,139,123,70,510,131,255,49,33,131,252,83,134,133,283,67,60,333,122,23,421,377,71,69,47,31,136,49,462,70,92,344,36,371,207,67,404,23,121,66,349,46,41,253,456,354,546,140,584,275,400,463,66,138,268,312,36,291,512,111,430,67,67,139,22,91,325,68,438,135,108,32,23,341,77,68,41,411,770,80,273,40,374,123,719,171,26,448,100,69,131,96,164,67,294,69,124,69,101
2026-04-04,0,0,0,0,0,0,0,0,0,0,0,0,0,0,0,0,0,0,0,0,0,0,0,0,0,0,0,0,0,0,0,0,0,0,0,0,0,0,0,0,0,0,0,0,0,0,0,0,0,0,0,0,0,0,0,0,0,0,0,0,0,0,0,0,0,0,0,0,0,0,0,0,0,0,0,0,0,0,0,0,0,0,0,0,0,0,0,0,0,0,0,0,0,0,0,0,0,0,0,0,0,0,0,0,0,0,0,0,0,0,0,0,0,0,0,0,0,0,0,0,0,0,0,0,0,0,0,0,0,0,0,0,0,0,0,0,0,0,0,0,0,0,0,0,0,0,0,0,0,0,0,0,0,0,0,0,0,0,0,0,0,0,0,0,0,0,0,0,0,0,0,0,0,0,0,0,0,0,0,0,0,0,0,0,0,0,0,0,0,0,0,0,0,0,0,0,0,0,0,0,0,0,0,0,0,0,0,0,0,0,0,0,0,0,0,0,0,0,0,0,0,0,0,0,0,0,0,0,0,0,0,0,0,0,0,0,0,0,0,0,0,0,0,0,0,0,0,0,0,0,0,0,0,0,0,0,0,0,0,0,0,0,0,0,0,0,0,0,0,0,0,0,0,0,0,0,0,0,0,0,0,0,0,0,0,0,0,0,0,0,0,0,0,0,0,0,0,0,0,0,0,0,0,0,0,0,0,0,0,0,0,0,0,0,0,0,0,0,0,0,0,0,0,0,0,0,0,0,0,0,0,0,0,0,0,0,0,0,0,0,0,0,0,0,0,0,0,0,0,0,0,0,0,0,0,0,0,0,0,0,0,0,0,0,0,0,0,0,0,0,0,0,0,0,0,0,0,0,0,0,0,0,0,0,0,0,0,0,0,0,0,0,0,0,0,0,0,0,0,0,0,0,0,0,0,0,0,0,0,0,0,0,0,0,0,0,0,0,0,0,0,0,0,0,0,0,0,0,0,0,0,0,0,0,0,0,0,0,0,0,0,0,0,0,0,0,0,0,0,0,0,0,0,0,0,0,0,0,0,0,0,0,0,0,0,0,0,0,0,0,0,0,0,0,0,0,0,0,0,0,0,0,0,0,0,0,0,0,0,0,0,0,0,0,0,0,0,0,0,0,0,0,0,0,0,0,0,0,0,0,0,0,0,0,0,0,0,0,0,0,0,0,0,0,0,0,0,0,0,0,0,0,0,0,0,0,0,0,0,0,0,0,0,0,0,0,0,0,0,0,0,0,0,0,0,0,0,0,0,0,0,0,0,0,0,0,0,0,0,0,0,0,0,0,0,0,0,0,0,0,0,0,0,0,0,0,0,0,0,0,0,0,0,0,0,0,0,0,0,0
2026-04-05,0,0,0,0,0,0,0,0,0,0,0,0,0,0,0,0,0,0,0,0,0,0,0,0,0,0,0,0,0,0,0,0,0,0,0,0,0,0,0,0,0,0,0,0,0,0,0,0,0,0,0,0,0,0,0,0,0,0,0,0,0,0,0,0,0,0,0,0,0,0,0,0,0,0,0,0,0,0,0,0,0,0,0,0,0,0,0,0,0,0,0,0,0,0,0,0,0,0,0,0,0,0,0,0,0,0,0,0,0,0,0,0,0,0,0,0,0,0,0,0,0,0,0,0,0,0,0,0,0,0,0,0,0,0,0,0,0,0,0,0,0,0,0,0,0,0,0,0,0,0,0,0,0,0,0,0,0,0,0,0,0,0,0,0,0,0,0,0,0,0,0,0,0,0,0,0,0,0,0,0,0,0,0,0,0,0,0,0,0,0,0,0,0,0,0,0,0,0,0,0,0,0,0,0,0,0,0,0,0,0,0,0,0,0,0,0,0,0,0,0,0,0,0,0,0,0,0,0,0,0,0,0,0,0,0,0,0,0,0,0,0,0,0,0,0,0,0,0,0,0,0,0,0,0,0,0,0,0,0,0,0,0,0,0,0,0,0,0,0,0,0,0,0,0,0,0,0,0,0,0,0,0,0,0,0,0,0,0,0,0,0,0,0,0,0,0,0,0,0,0,0,0,0,0,0,0,0,0,0,0,0,0,0,0,0,0,0,0,0,0,0,0,0,0,0,0,0,0,0,0,0,0,0,0,0,0,0,0,0,0,0,0,0,0,0,0,0,0,0,0,0,0,0,0,0,0,0,0,0,0,0,0,0,0,0,0,0,0,0,0,0,0,0,0,0,0,0,0,0,0,0,0,0,0,0,0,0,0,0,0,0,0,0,0,0,0,0,0,0,0,0,0,0,0,0,0,0,0,0,0,0,0,0,0,0,0,0,0,0,0,0,0,0,0,0,0,0,0,0,0,0,0,0,0,0,0,0,0,0,0,0,0,0,0,0,0,0,0,0,0,0,0,0,0,0,0,0,0,0,0,0,0,0,0,0,0,0,0,0,0,0,0,0,0,0,0,0,0,0,0,0,0,0,0,0,0,0,0,0,0,0,0,0,0,0,0,0,0,0,0,0,0,0,0,0,0,0,0,0,0,0,0,0,0,0,0,0,0,0,0,0,0,0,0,0,0,0,0,0,0,0,0,0,0,0,0,0,0,0,0,0,0,0,0,0,0,0,0,0,0,0,0,0,0,0,0,0,0,0,0,0,0,0,0,0,0,0,0,0,0,0,0,0,0,0,0,0,0,0,0,0,0,0,0,0,0,0,0,0,0,0,0,0,0,0,0,0,0,0,0
2026-04-06,119,269,91,283,60,125,37,266,157,36,724,165,61,45,28,51,149,59,230,433,23,45,32,308,57,464,212,14,380,88,122,752,52,607,156,260,154,57,73,61,54,36,118,335,44,59,76,273,45,121,56,120,45,73,305,117,125,569,64,79,72,565,11,338,122,60,88,225,51,121,43,58,73,46,59,116,59,54,22,526,256,167,61,35,110,43,92,121,73,121,57,121,61,58,114,82,558,129,59,22,149,729,58,52,61,256,124,425,75,207,46,61,54,42,74,36,78,60,61,43,52,43,417,45,92,22,61,115,247,115,64,552,60,211,52,198,58,15,59,329,189,61,42,12,128,257,16,22,22,60,22,149,324,63,40,44,107,60,360,28,39,84,22,60,449,222,84,122,118,267,61,110,37,42,354,116,39,41,21,64,45,370,257,57,373,6,261,117,59,321,205,15,385,174,256,56,728,91,254,96,53,174,218,273,115,364,43,325,86,60,43,12,54,118,651,656,39,29,59,114,712,676,62,23,233,29,6,155,122,39,42,71,113,372,114,119,298,43,76,89,46,456,193,41,219,28,74,22,579,15,54,114,32,95,61,118,89,118,83,516,168,347,263,37,487,105,114,114,60,240,119,783,117,62,122,61,41,44,59,93,667,755,60,71,54,110,57,39,250,41,348,117,215,489,58,118,38,6,44,46,58,158,127,60,37,71,58,16,42,748,22,373,792,22,219,593,47,120,46,72,19,124,59,63,57,58,45,144,60,59,44,338,107,554,90,219,62,827,121,36,258,347,79,90,71,118,136,271,116,152,43,15,39,57,27,39,126,124,21,30,28,53,39,210,268,91,475,58,60,29,178,40,59,255,57,58,116,69,249,59,37,282,241,112,229,38,43,72,159,58,120,254,60,696,49,93,86,38,118,116,58,118,21,322,52,119,45,474,58,124,111,303,42,243,35,107,41,316,118,436,93,546,14,6,180,62,61,247,211,73,57,117,92,263,794,62,121,125,45,73,58,84,121,46,53,137,59,92,63,97,155,38,128,121,22,276,489,56,202,59,104,120,141,55,208,120,29,117,134,241,270,41,21,143,43,113,61,60,31,61,44,277,81,266,481,114,340,195,89,314,34,341,432,203,362,355,421,92,246,159,52,116,115,119,59,422,124,219,46,32,120,208,74,127,119,230,61,56,318,106,22,361,319,61,61,41,28,119,41,444,61,92,300,31,355,185,63,337,23,112,61,303,37,36,207,437,305,523,122,482,238,335,410,58,122,242,312,32,280,499,103,373,65,59,131,21,72,292,60,389,119,97,28,21,293,65,57,36,356,691,70,265,37,328,107,658,152,23,420,92,62,128,89,151,60,258,61,103,61,92
2026-04-07,120,278,117,286,58,119,33,279,173,40,776,184,62,49,34,56,118,65,225,458,28,54,31,330,63,543,233,12,407,87,117,772,57,677,166,266,128,61,68,60,62,32,122,349,51,62,64,266,45,123,56,123,52,67,340,129,122,598,64,65,52,614,7,365,121,60,78,215,59,125,46,59,67,45,64,119,60,60,15,529,256,177,61,23,118,44,100,121,66,126,65,126,62,58,122,96,608,119,58,16,165,701,56,56,64,267,112,483,68,215,58,64,60,33,84,41,65,60,57,45,58,51,476,41,100,20,63,123,218,127,63,586,58,222,59,222,63,16,63,370,165,64,30,8,122,268,18,21,15,63,17,164,354,64,40,49,120,62,414,32,33,85,21,66,475,223,91,126,122,279,60,124,33,49,372,128,33,27,15,64,46,354,282,61,398,4,246,120,59,373,188,17,376,213,251,62,694,98,280,99,59,177,236,282,120,420,45,322,101,63,46,8,58,129,645,729,32,34,63,125,703,652,65,27,254,29,4,112,123,34,32,66,106,382,125,126,292,43,68,113,45,414,191,48,248,21,82,17,621,12,57,122,37,96,63,126,89,124,92,537,175,336,258,31,542,121,121,117,63,260,124,853,115,67,129,58,42,46,59,80,646,777,63,68,60,82,61,31,274,47,407,118,241,481,61,125,31,4,44,55,62,152,118,59,34,66,62,12,41,751,21,437,771,22,236,669,50,130,43,47,15,125,58,62,62,60,46,141,63,49,46,355,83,647,102,229,65,772,125,33,263,357,62,100,66,127,168,267,128,191,34,12,35,62,34,44,130,116,21,33,33,59,48,195,264,94,505,61,63,24,196,41,61,246,65,63,123,52,246,63,33,289,219,116,249,41,50,98,149,61,126,270,65,811,57,115,91,33,129,119,65,116,16,341,56,119,61,477,62,128,116,341,44,258,35,123,33,291,118,458,89,525,12,4,186,63,65,258,189,68,67,126,95,272,778,63,123,121,42,62,63,87,127,50,55,134,62,105,61,78,159,45,122,126,29,300,546,64,233,60,112,124,134,63,227,118,28,120,139,194,275,40,15,164,47,105,60,63,28,63,34,302,81,283,499,118,379,230,89,348,30,340,392,220,421,347,473,99,242,142,59,133,126,122,65,464,123,250,52,29,124,228,64,122,124,247,63,61,313,117,20,366,403,65,53,48,33,114,47,476,62,89,295,33,316,219,59,363,22,109,61,315,40,33,233,441,376,558,127,544,238,367,484,63,121,241,273,31,281,492,101,364,67,64,102,15,81,306,46,408,129,108,35,17,286,68,64,32,386,680,64,272,34,320,114,699,150,31,422,103,60,117,89,161,62,269,61,112,62,99
2026-04-08,135,359,117,352,67,135,37,276,160,48,825,182,65,44,36,57,206,62,256,405,30,65,25,326,68,410,275,21,456,115,135,835,55,621,149,274,135,62,71,69,56,36,134,353,46,65,68,303,59,130,57,133,46,70,334,124,135,768,65,70,89,598,16,352,130,64,52,205,60,135,60,56,70,55,68,130,63,55,26,551,273,233,66,48,109,54,95,128,70,134,65,125,71,63,125,115,729,133,62,28,218,819,57,56,66,361,110,453,62,89,61,63,60,55,103,49,72,65,52,54,57,47,418,58,85,16,70,117,228,128,68,548,54,226,56,210,65,7,66,296,186,64,62,16,133,286,7,15,29,65,29,203,456,63,53,45,112,67,422,36,35,114,15,66,468,273,112,135,131,290,64,133,34,61,353,132,35,56,26,66,57,409,287,63,428,8,230,132,67,345,165,7,424,206,277,65,755,94,279,93,57,233,249,309,48,405,60,383,92,62,53,16,59,126,697,677,51,37,65,130,758,777,67,30,262,29,8,190,131,35,57,67,112,415,133,134,338,60,71,115,56,399,251,61,243,39,98,29,584,20,59,128,13,86,67,129,113,121,113,661,223,318,294,34,496,114,113,138,64,269,128,802,134,65,129,64,58,57,62,127,642,805,68,70,56,144,62,33,278,46,356,133,198,528,62,124,34,8,58,45,65,159,139,64,35,69,64,20,30,811,16,353,821,15,229,595,46,132,57,94,27,129,68,55,63,67,55,167,68,82,60,352,138,543,91,233,64,819,123,35,267,345,105,93,68,123,142,292,131,167,55,20,35,71,40,39,127,126,15,40,39,56,36,186,305,123,499,69,65,40,228,51,64,315,66,63,129,93,350,64,34,271,225,117,246,51,46,74,169,65,126,261,74,780,55,111,110,36,134,128,68,129,30,361,55,128,61,491,68,133,109,424,27,271,13,120,56,345,49,474,115,584,20,8,170,64,58,296,127,71,63,126,93,382,811,66,133,128,30,70,65,121,135,46,57,120,68,89,64,66,155,37,135,133,29,244,541,74,271,68,117,134,96,57,268,129,28,138,186,225,349,31,29,147,61,88,63,65,27,63,57,293,100,301,500,130,327,216,114,365,26,370,340,267,415,460,480,89,261,132,54,151,132,137,64,547,127,254,45,28,133,296,71,126,136,245,61,57,414,109,14,371,423,65,55,36,34,133,54,425,66,65,373,14,348,254,64,373,15,88,67,309,52,35,238,440,377,571,129,514,289,385,453,65,137,258,204,26,286,525,68,398,66,62,183,28,96,310,77,410,132,124,39,28,297,28,67,35,392,695,72,324,34,432,119,739,194,32,443,86,64,143,119,190,62,288,68,114,67,90
2026-04-09,97,269,86,209,47,104,30,199,145,31,572,153,51,41,30,38,91,47,194,367,22,41,18,311,52,340,227,8,358,80,99,606,37,567,138,227,108,48,59,49,39,30,105,223,43,49,58,230,41,97,39,98,41,57,274,100,96,521,53,53,73,410,22,256,99,51,72,166,40,100,41,40,57,42,50,103,50,38,19,389,206,123,50,70,79,39,82,100,58,95,51,96,51,51,100,82,476,97,52,19,142,610,41,38,46,232,73,311,55,117,41,53,38,41,62,30,58,52,36,40,41,42,375,42,81,21,50,101,179,97,50,464,36,150,41,191,49,9,49,259,136,51,40,22,97,200,9,20,20,49,20,125,252,48,29,40,76,49,273,31,28,80,19,48,354,182,86,93,96,223,51,105,30,42,315,97,28,75,20,48,39,300,180,49,321,11,208,99,51,236,117,9,340,165,212,50,590,85,207,79,39,160,188,244,65,334,40,275,81,50,41,23,40,99,449,555,41,32,50,102,557,570,50,21,201,18,11,147,104,28,40,58,78,301,101,101,238,41,61,83,41,277,168,40,192,52,66,20,422,10,38,99,19,80,49,98,76,99,83,388,156,286,222,29,442,76,79,104,49,187,101,540,97,52,106,49,40,42,48,88,542,623,49,62,37,111,49,29,191,40,304,102,165,380,49,106,28,11,40,42,47,132,103,50,28,55,47,9,40,648,20,299,626,20,180,544,42,98,42,132,21,98,52,35,51,50,44,135,52,35,44,320,59,498,79,201,52,681,101,31,197,285,66,82,57,104,114,232,104,135,39,9,29,48,32,28,101,105,19,30,30,40,31,167,228,82,396,49,49,17,151,29,50,243,50,51,102,73,226,53,28,240,176,76,188,32,41,61,138,51,105,229,65,574,42,83,82,29,101,101,49,104,19,272,38,92,44,377,50,100,77,367,38,177,20,81,41,286,65,354,83,457,9,12,158,51,51,201,170,60,51,102,82,246,605,48,95,101,40,60,49,82,103,41,41,81,48,89,50,89,144,29,94,94,21,246,394,64,228,49,75,103,134,39,221,100,19,99,129,183,236,40,20,140,42,61,50,50,18,49,27,230,58,223,331,100,299,180,83,269,19,281,255,218,297,303,320,82,207,112,40,129,94,99,46,369,99,189,41,18,99,203,57,109,99,163,50,41,289,76,20,285,277,50,36,29,33,105,40,399,50,90,286,18,272,217,44,274,21,59,49,204,30,30,172,311,273,420,102,370,203,301,301,48,99,223,289,18,218,411,83,309,52,51,113,20,58,236,36,340,103,116,32,21,237,38,50,30,307,563,54,200,30,318,78,538,139,21,336,84,48,98,78,150,50,202,52,81,46,81
2026-04-10,118,305,81,303,58,124,38,260,141,38,726,151,63,41,28,55,191,56,230,361,22,44,32,277,59,392,183,20,388,97,119,727,55,556,135,240,153,56,77,60,56,37,106,322,37,60,75,272,48,127,59,120,39,74,298,120,125,592,65,76,82,603,10,329,130,59,70,230,54,123,49,54,75,47,61,119,59,59,26,525,248,178,59,30,107,46,80,121,73,120,57,117,60,57,120,97,567,116,60,25,157,712,53,55,61,273,131,457,80,167,44,59,57,50,88,43,73,60,68,47,55,40,372,48,80,18,57,123,262,122,56,509,67,208,53,176,63,13,62,280,190,62,49,10,122,261,13,18,24,61,27,159,391,59,42,40,106,60,378,27,36,96,19,63,465,232,92,122,122,264,62,115,36,48,363,123,40,35,26,57,47,373,258,59,380,5,275,121,63,333,200,13,388,157,272,61,659,75,255,78,52,178,219,278,92,331,45,346,84,62,47,10,57,120,620,645,48,27,59,113,744,652,61,23,252,35,5,176,125,36,49,79,108,368,120,118,286,48,75,85,46,470,217,49,249,25,79,25,629,19,57,123,27,81,63,114,89,116,95,518,195,322,243,40,416,111,106,118,59,234,125,739,124,60,123,59,47,46,60,125,641,749,59,75,51,140,57,41,257,42,332,115,185,499,58,116,39,5,46,37,60,172,120,60,40,77,61,19,36,778,18,343,775,19,212,515,41,118,46,56,25,123,62,69,63,63,49,152,58,78,49,301,138,499,77,218,58,764,121,39,261,354,91,74,78,116,123,256,117,146,47,20,39,61,27,37,114,114,18,28,26,56,37,215,259,88,450,63,55,39,193,42,60,275,63,63,119,80,273,61,39,238,231,116,223,41,39,66,172,63,125,242,56,765,54,88,93,37,116,121,59,126,25,346,55,122,46,478,60,121,113,291,37,243,25,111,48,327,91,437,92,560,20,5,156,60,56,245,177,75,58,121,72,278,752,63,122,118,35,71,55,95,111,39,57,143,62,82,64,73,134,35,118,122,23,242,499,56,198,60,105,121,112,55,192,118,31,112,147,232,295,36,24,135,46,114,63,58,34,60,56,294,85,291,471,127,290,194,96,305,31,333,443,196,379,365,440,77,236,142,55,106,117,126,59,466,119,225,41,33,119,221,77,117,119,226,57,55,333,109,18,366,303,59,64,35,28,114,49,366,64,76,290,26,353,170,58,332,19,111,62,295,42,38,227,433,269,512,125,512,243,354,469,61,115,226,259,31,283,474,84,368,61,59,162,26,82,274,79,366,119,89,27,25,342,53,62,38,385,701,74,268,37,389,112,649,165,22,396,78,63,117,95,159,58,265,62,111,58,79
2026-04-11,0,0,0,0,0,0,0,0,0,0,0,0,0,0,0,0,0,0,0,0,0,0,0,0,0,0,0,0,0,0,0,0,0,0,0,0,0,0,0,0,0,0,0,0,0,0,0,0,0,0,0,0,0,0,0,0,0,0,0,0,0,0,0,0,0,0,0,0,0,0,0,0,0,0,0,0,0,0,0,0,0,0,0,0,0,0,0,0,0,0,0,0,0,0,0,0,0,0,0,0,0,0,0,0,0,0,0,0,0,0,0,0,0,0,0,0,0,0,0,0,0,0,0,0,0,0,0,0,0,0,0,0,0,0,0,0,0,0,0,0,0,0,0,0,0,0,0,0,0,0,0,0,0,0,0,0,0,0,0,0,0,0,0,0,0,0,0,0,0,0,0,0,0,0,0,0,0,0,0,0,0,0,0,0,0,0,0,0,0,0,0,0,0,0,0,0,0,0,0,0,0,0,0,0,0,0,0,0,0,0,0,0,0,0,0,0,0,0,0,0,0,0,0,0,0,0,0,0,0,0,0,0,0,0,0,0,0,0,0,0,0,0,0,0,0,0,0,0,0,0,0,0,0,0,0,0,0,0,0,0,0,0,0,0,0,0,0,0,0,0,0,0,0,0,0,0,0,0,0,0,0,0,0,0,0,0,0,0,0,0,0,0,0,0,0,0,0,0,0,0,0,0,0,0,0,0,0,0,0,0,0,0,0,0,0,0,0,0,0,0,0,0,0,0,0,0,0,0,0,0,0,0,0,0,0,0,0,0,0,0,0,0,0,0,0,0,0,0,0,0,0,0,0,0,0,0,0,0,0,0,0,0,0,0,0,0,0,0,0,0,0,0,0,0,0,0,0,0,0,0,0,0,0,0,0,0,0,0,0,0,0,0,0,0,0,0,0,0,0,0,0,0,0,0,0,0,0,0,0,0,0,0,0,0,0,0,0,0,0,0,0,0,0,0,0,0,0,0,0,0,0,0,0,0,0,0,0,0,0,0,0,0,0,0,0,0,0,0,0,0,0,0,0,0,0,0,0,0,0,0,0,0,0,0,0,0,0,0,0,0,0,0,0,0,0,0,0,0,0,0,0,0,0,0,0,0,0,0,0,0,0,0,0,0,0,0,0,0,0,0,0,0,0,0,0,0,0,0,0,0,0,0,0,0,0,0,0,0,0,0,0,0,0,0,0,0,0,0,0,0,0,0,0,0,0,0,0,0,0,0,0,0,0,0,0,0,0,0,0,0,0,0,0,0,0,0,0,0,0,0,0,0,0,0,0,0,0,0,0,0,0,0,0,0,0,0,0,0,0,0,0,0,0,0,0,0,0,0,0,0,0,0,0,0,0,0,0,0,0,0
2026-04-12,0,0,0,0,0,0,0,0,0,0,0,0,0,0,0,0,0,0,0,0,0,0,0,0,0,0,0,0,0,0,0,0,0,0,0,0,0,0,0,0,0,0,0,0,0,0,0,0,0,0,0,0,0,0,0,0,0,0,0,0,0,0,0,0,0,0,0,0,0,0,0,0,0,0,0,0,0,0,0,0,0,0,0,0,0,0,0,0,0,0,0,0,0,0,0,0,0,0,0,0,0,0,0,0,0,0,0,0,0,0,0,0,0,0,0,0,0,0,0,0,0,0,0,0,0,0,0,0,0,0,0,0,0,0,0,0,0,0,0,0,0,0,0,0,0,0,0,0,0,0,0,0,0,0,0,0,0,0,0,0,0,0,0,0,0,0,0,0,0,0,0,0,0,0,0,0,0,0,0,0,0,0,0,0,0,0,0,0,0,0,0,0,0,0,0,0,0,0,0,0,0,0,0,0,0,0,0,0,0,0,0,0,0,0,0,0,0,0,0,0,0,0,0,0,0,0,0,0,0,0,0,0,0,0,0,0,0,0,0,0,0,0,0,0,0,0,0,0,0,0,0,0,0,0,0,0,0,0,0,0,0,0,0,0,0,0,0,0,0,0,0,0,0,0,0,0,0,0,0,0,0,0,0,0,0,0,0,0,0,0,0,0,0,0,0,0,0,0,0,0,0,0,0,0,0,0,0,0,0,0,0,0,0,0,0,0,0,0,0,0,0,0,0,0,0,0,0,0,0,0,0,0,0,0,0,0,0,0,0,0,0,0,0,0,0,0,0,0,0,0,0,0,0,0,0,0,0,0,0,0,0,0,0,0,0,0,0,0,0,0,0,0,0,0,0,0,0,0,0,0,0,0,0,0,0,0,0,0,0,0,0,0,0,0,0,0,0,0,0,0,0,0,0,0,0,0,0,0,0,0,0,0,0,0,0,0,0,0,0,0,0,0,0,0,0,0,0,0,0,0,0,0,0,0,0,0,0,0,0,0,0,0,0,0,0,0,0,0,0,0,0,0,0,0,0,0,0,0,0,0,0,0,0,0,0,0,0,0,0,0,0,0,0,0,0,0,0,0,0,0,0,0,0,0,0,0,0,0,0,0,0,0,0,0,0,0,0,0,0,0,0,0,0,0,0,0,0,0,0,0,0,0,0,0,0,0,0,0,0,0,0,0,0,0,0,0,0,0,0,0,0,0,0,0,0,0,0,0,0,0,0,0,0,0,0,0,0,0,0,0,0,0,0,0,0,0,0,0,0,0,0,0,0,0,0,0,0,0,0,0,0,0,0,0,0,0,0,0,0,0,0,0,0,0,0,0,0,0,0,0,0,0,0,0,0,0,0,0,0,0
2026-04-13,140,329,94,247,67,143,45,284,187,40,883,220,73,55,38,51,137,71,286,513,24,54,30,404,68,491,253,15,488,99,137,870,57,697,190,323,188,68,86,72,57,45,134,351,59,71,89,340,53,139,60,134,54,93,368,141,137,631,69,91,95,606,25,351,139,70,107,266,57,133,52,55,94,56,66,141,73,54,25,592,310,164,71,74,112,50,115,134,91,149,68,137,71,71,153,104,613,144,76,27,186,866,59,59,64,297,126,424,90,236,50,69,57,55,82,39,93,72,66,52,57,53,536,50,108,30,72,142,284,143,74,658,62,209,56,252,73,18,65,356,224,71,58,25,137,280,19,32,27,67,27,167,354,70,39,57,113,65,392,37,47,103,32,73,531,235,100,143,143,315,72,135,46,52,428,135,47,95,26,72,50,442,251,71,453,13,322,136,68,362,208,17,429,226,279,71,853,108,305,113,56,200,260,319,128,459,53,425,112,67,55,25,56,131,656,741,54,38,68,147,776,716,70,24,280,31,13,194,142,44,56,93,115,382,141,144,330,54,89,98,51,481,232,53,253,69,79,28,631,13,57,135,37,116,65,141,106,140,104,508,185,399,296,46,642,110,127,136,72,261,143,813,143,65,143,70,50,51,71,129,807,848,68,88,56,154,70,43,271,53,425,141,230,579,71,133,47,12,53,56,68,194,141,72,44,89,68,15,63,911,32,424,872,30,267,731,56,135,51,161,26,139,74,64,68,70,52,171,67,57,52,439,97,727,111,285,69,929,134,44,290,390,98,113,93,141,156,310,136,177,54,14,46,69,36,44,144,136,31,36,36,59,43,274,295,109,555,74,70,26,184,38,64,292,71,71,132,91,311,67,43,347,285,111,268,39,57,79,208,70,145,300,76,846,54,103,111,43,137,140,71,136,25,412,57,146,50,506,70,135,116,435,64,246,36,112,52,375,127,515,101,615,14,14,206,70,72,322,273,88,67,134,104,311,843,68,138,139,60,88,70,106,134,57,57,157,72,115,70,130,194,44,141,142,24,335,600,78,278,69,117,144,202,56,256,143,32,139,181,293,316,62,27,193,53,116,76,67,31,70,41,312,78,323,493,136,418,241,109,369,32,367,458,254,457,402,446,113,283,184,57,156,143,135,72,488,133,268,55,33,132,263,91,144,133,255,68,60,354,115,31,398,345,73,65,42,40,139,52,541,71,139,345,35,442,250,72,414,33,115,71,305,37,46,231,479,336,582,133,581,281,415,461,71,137,283,436,31,333,540,140,417,66,67,149,27,81,329,58,446,148,145,38,27,373,75,72,43,424,829,90,260,44,414,117,749,180,24,477,113,72,134,101,178,70,292,74,113,68,114
2026-04-14,112,246,84,231,54,110,34,237,150,31,661,153,53,46,27,50,127,56,221,389,20,42,28,319,57,411,202,12,381,82,110,701,48,587,144,219,142,52,68,56,49,35,112,292,42,56,65,256,40,110,49,113,45,66,275,112,108,499,55,68,62,536,14,285,104,55,88,217,49,113,39,51,64,38,50,112,56,47,20,473,242,143,55,43,92,42,89,113,68,116,55,111,55,54,109,79,462,106,54,20,142,695,48,46,55,248,114,396,67,188,42,53,48,39,69,33,67,58,52,40,47,44,415,39,85,21,55,106,223,114,56,516,53,169,51,186,54,15,54,315,169,58,36,14,112,237,15,23,19,54,18,136,279,53,33,41,93,55,333,30,33,77,22,56,408,178,80,109,113,236,55,114,34,42,328,107,35,45,19,55,40,320,230,56,339,7,252,114,55,308,188,15,344,162,246,54,626,84,247,85,49,161,192,249,104,357,40,318,84,58,41,14,49,106,547,641,38,27,52,105,643,571,53,21,222,26,7,136,113,33,41,68,89,330,113,105,279,40,65,81,41,390,181,42,220,35,66,19,534,11,48,123,31,89,54,106,81,116,79,441,162,308,235,32,459,94,99,109,57,223,112,719,109,52,105,58,38,40,55,87,599,741,55,67,50,94,59,34,222,44,329,106,185,454,54,108,35,7,43,43,54,151,117,57,36,69,53,12,42,698,23,369,700,22,207,573,42,114,40,87,20,108,57,57,56,54,43,128,58,49,39,325,86,554,85,211,53,755,115,35,232,320,65,81,71,107,129,246,107,150,38,12,34,55,28,34,118,111,22,28,28,45,34,206,247,84,440,53,58,24,163,32,55,215,55,56,105,63,233,53,35,253,213,94,213,34,41,71,157,55,112,245,55,681,49,83,81,34,108,112,53,111,18,311,45,107,45,428,58,107,97,291,42,207,30,100,39,287,104,404,79,499,12,7,174,52,55,241,194,66,56,107,86,241,694,56,113,113,45,67,58,82,114,43,48,128,58,85,55,96,145,34,112,104,21,269,461,57,199,53,102,108,144,48,193,110,26,102,128,211,237,44,19,142,41,100,53,57,27,50,38,244,64,263,417,113,323,197,78,303,26,302,394,197,348,320,375,86,202,137,49,108,111,113,59,371,114,209,43,28,110,200,71,110,110,221,54,48,292,99,21,331,312,56,54,39,28,112,38,416,55,95,255,30,294,183,58,333,21,97,56,260,34,36,205,357,261,484,115,426,208,314,374,56,113,215,301,27,264,398,104,317,56,57,117,19,65,261,50,346,103,95,28,19,281,61,57,34,335,640,68,217,34,319,99,630,143,22,380,84,51,108,80,142,53,225,56,95,55,90
2026-04-15,151,351,115,309,76,144,50,309,242,45,878,255,71,66,40,63,153,78,318,547,26,53,36,463,78,522,314,15,550,114,153,907,62,857,205,342,179,76,96,78,62,49,150,368,66,74,95,357,57,147,65,152,62,92,402,150,154,730,73,99,105,699,28,384,149,80,119,314,58,159,55,59,95,57,77,156,79,63,30,629,314,193,72,86,126,58,122,153,96,154,78,152,73,74,145,119,662,151,77,29,197,943,64,62,79,328,131,518,90,267,57,77,60,57,86,45,99,82,71,57,64,62,577,54,127,34,77,160,328,152,74,795,68,230,62,283,78,20,76,420,217,77,58,30,152,326,20,33,28,75,28,173,374,75,44,60,126,75,445,44,49,120,34,77,544,263,114,154,154,326,76,153,49,56,459,157,49,95,29,76,57,495,300,82,491,14,332,157,79,420,229,21,457,237,327,79,908,130,332,123,65,228,278,347,137,513,57,452,131,76,60,27,63,153,770,831,59,42,78,156,930,808,76,28,302,38,14,186,164,48,59,96,133,448,154,150,360,57,93,108,59,526,244,56,280,66,86,28,712,15,68,149,40,122,76,147,111,157,111,569,225,458,329,51,706,132,122,154,77,264,156,896,149,79,142,79,54,56,73,134,856,991,78,103,63,154,78,47,310,62,490,153,253,631,83,160,52,14,59,61,78,197,153,76,47,90,81,15,68,1018,34,505,974,33,298,820,63,142,58,172,29,161,77,71,76,77,59,185,73,61,58,453,106,756,127,305,82,1067,148,50,332,428,102,124,99,152,176,360,159,199,57,14,44,75,43,49,157,143,34,41,41,65,45,271,350,118,602,80,79,31,193,45,78,334,74,73,154,105,331,76,51,378,296,123,305,43,61,92,208,78,146,317,85,925,63,115,113,53,149,150,80,162,29,428,61,155,56,566,75,154,119,470,70,288,40,123,56,423,139,539,114,680,15,14,236,82,82,311,277,98,77,157,125,340,936,77,161,158,66,99,80,115,153,61,61,154,74,121,73,144,216,50,155,158,27,370,676,85,321,75,114,158,226,66,312,162,33,150,186,271,342,66,30,220,57,123,72,75,35,74,43,356,85,322,528,154,428,278,118,422,33,399,475,271,484,456,475,129,299,213,60,175,151,157,77,551,147,295,65,36,155,305,102,163,145,267,77,64,395,125,33,475,386,79,68,48,40,158,56,580,72,147,401,39,440,287,77,438,34,130,82,358,42,50,248,496,339,658,155,622,297,468,518,72,162,308,454,35,340,602,145,477,79,79,189,29,83,351,62,484,150,155,41,30,385,84,77,48,453,844,101,280,48,441,123,834,207,28,530,125,78,150,120,210,77,314,78,133,78,123
2026-04-16,129,308,107,274,68,128,39,278,176,39,824,220,63,49,37,53,123,65,256,466,26,55,27,402,61,489,261,12,438,103,136,859,50,725,187,279,156,68,66,62,54,41,130,331,54,72,80,285,51,128,55,127,56,74,350,130,123,631,70,77,81,547,21,355,131,65,92,225,57,129,50,55,75,51,68,125,68,51,24,524,277,174,66,65,109,50,108,127,76,125,61,128,64,63,141,98,630,124,64,24,178,801,54,50,60,274,107,426,75,199,53,66,52,44,79,39,76,66,53,51,51,52,496,53,106,25,60,120,249,134,66,647,58,199,53,221,65,14,66,334,195,66,43,21,130,285,15,25,23,66,24,146,353,63,37,54,107,62,366,38,37,102,26,63,471,231,102,134,132,280,68,136,38,51,401,134,37,78,22,64,49,401,254,64,415,11,260,127,63,340,173,15,425,210,283,61,782,111,275,109,53,192,226,301,101,447,54,369,108,67,51,23,55,138,604,698,48,38,64,135,692,714,65,25,264,26,11,148,133,36,46,75,116,386,124,132,331,51,77,114,51,391,195,48,245,53,76,22,608,13,54,125,31,106,66,130,97,130,100,515,204,360,294,39,563,107,103,132,63,245,134,800,125,66,128,63,49,46,61,101,669,911,66,76,57,118,66,38,248,53,425,125,234,491,64,122,38,11,50,54,67,164,137,65,40,77,67,11,51,862,27,434,832,27,230,703,55,129,51,133,22,124,67,57,61,68,51,149,64,50,53,396,85,666,107,259,68,852,130,40,271,400,82,110,71,134,154,293,130,175,46,12,38,64,38,44,130,130,25,37,37,55,41,215,315,104,529,64,69,23,176,38,64,284,60,65,119,86,296,67,39,320,241,106,260,41,55,86,176,67,125,279,77,762,54,117,99,38,125,134,63,130,24,367,58,129,56,516,68,129,110,368,51,253,29,97,48,325,100,472,99,559,13,11,190,67,65,272,228,77,62,128,107,317,848,67,125,125,53,78,65,109,129,55,56,123,64,104,65,111,178,43,128,132,26,301,543,77,284,66,108,131,170,54,277,128,27,134,156,246,305,54,23,172,48,105,63,67,27,66,36,306,77,300,446,132,388,229,99,342,27,345,362,253,443,377,442,108,260,149,55,143,130,134,63,480,130,235,53,27,131,260,76,131,133,232,65,55,367,118,28,392,390,66,55,41,39,131,48,491,62,113,349,30,383,254,68,376,26,93,64,300,39,39,216,466,344,548,122,536,269,395,438,66,116,257,346,26,284,515,123,391,64,67,134,24,79,303,49,411,118,138,39,23,294,58,67,38,387,706,79,264,38,370,110,686,175,28,428,107,66,134,102,168,67,270,66,107,62,101
2026-04-17,101,251,73,196,53,103,37,213,145,26,650,166,54,41,33,38,107,52,209,359,17,36,21,301,54,301,215,12,384,91,103,688,39,562,133,239,148,52,73,54,35,37,97,230,42,53,70,243,43,103,37,101,39,69,281,103,103,525,51,68,92,390,28,225,109,53,83,200,38,102,43,39,70,45,50,101,53,37,26,397,223,120,57,96,75,42,82,105,67,101,54,105,54,52,98,82,474,101,49,27,135,638,38,37,51,245,81,286,69,116,33,51,37,52,57,26,70,51,39,44,38,40,370,41,84,24,52,108,212,109,53,436,42,139,39,181,54,9,51,209,174,49,51,30,108,227,9,25,25,51,28,109,233,53,29,41,78,51,248,32,34,84,24,47,357,179,92,114,107,242,50,108,34,42,308,107,34,102,25,53,41,322,181,52,339,14,224,102,52,244,128,9,321,157,217,53,627,86,222,85,35,175,184,243,62,335,44,299,78,51,43,31,39,102,433,528,51,31,56,94,558,569,52,17,203,19,15,185,109,34,50,73,74,297,107,101,242,42,72,65,42,284,184,45,196,72,58,26,386,12,37,103,18,78,53,104,87,116,88,380,162,300,236,34,479,73,73,107,53,168,98,513,102,50,104,52,46,43,51,120,544,650,50,69,35,152,52,33,171,41,298,105,127,423,52,100,34,15,44,40,52,141,105,52,36,73,53,11,49,676,24,290,656,22,184,522,41,105,44,178,27,105,53,39,49,50,45,139,51,40,43,325,83,503,77,197,50,693,101,34,220,287,91,84,71,102,90,241,98,107,53,11,35,54,33,27,102,105,23,33,32,38,26,197,251,87,413,50,51,22,126,28,50,250,50,53,106,93,259,51,36,239,221,76,185,27,42,52,171,54,104,228,65,592,38,72,90,34,109,105,55,102,24,267,39,106,32,372,50,99,74,379,48,165,18,77,54,274,60,367,89,476,12,15,153,50,53,216,202,70,54,103,82,244,654,52,104,105,51,69,54,89,109,41,37,92,53,81,54,110,151,26,115,98,18,244,410,63,248,53,74,109,164,36,220,112,20,103,157,234,250,48,26,152,46,69,51,53,21,54,32,245,57,216,325,104,288,193,89,275,19,300,273,210,329,318,304,83,211,141,36,124,104,107,51,411,105,196,40,21,105,215,70,106,109,161,53,37,318,72,25,306,232,52,41,26,33,113,45,385,51,112,282,20,349,221,52,308,24,70,52,204,28,34,148,322,217,434,107,420,213,305,284,53,112,214,348,21,231,448,105,290,53,56,148,26,56,236,45,354,105,124,31,25,259,34,49,34,329,536,70,181,35,329,79,537,155,17,358,80,51,106,87,145,54,219,53,71,53,80
2026-04-18,0,0,0,0,0,0,0,0,0,0,0,0,0,0,0,0,0,0,0,0,0,0,0,0,0,0,0,0,0,0,0,0,0,0,0,0,0,0,0,0,0,0,0,0,0,0,0,0,0,0,0,0,0,0,0,0,0,0,0,0,0,0,0,0,0,0,0,0,0,0,0,0,0,0,0,0,0,0,0,0,0,0,0,0,0,0,0,0,0,0,0,0,0,0,0,0,0,0,0,0,0,0,0,0,0,0,0,0,0,0,0,0,0,0,0,0,0,0,0,0,0,0,0,0,0,0,0,0,0,0,0,0,0,0,0,0,0,0,0,0,0,0,0,0,0,0,0,0,0,0,0,0,0,0,0,0,0,0,0,0,0,0,0,0,0,0,0,0,0,0,0,0,0,0,0,0,0,0,0,0,0,0,0,0,0,0,0,0,0,0,0,0,0,0,0,0,0,0,0,0,0,0,0,0,0,0,0,0,0,0,0,0,0,0,0,0,0,0,0,0,0,0,0,0,0,0,0,0,0,0,0,0,0,0,0,0,0,0,0,0,0,0,0,0,0,0,0,0,0,0,0,0,0,0,0,0,0,0,0,0,0,0,0,0,0,0,0,0,0,0,0,0,0,0,0,0,0,0,0,0,0,0,0,0,0,0,0,0,0,0,0,0,0,0,0,0,0,0,0,0,0,0,0,0,0,0,0,0,0,0,0,0,0,0,0,0,0,0,0,0,0,0,0,0,0,0,0,0,0,0,0,0,0,0,0,0,0,0,0,0,0,0,0,0,0,0,0,0,0,0,0,0,0,0,0,0,0,0,0,0,0,0,0,0,0,0,0,0,0,0,0,0,0,0,0,0,0,0,0,0,0,0,0,0,0,0,0,0,0,0,0,0,0,0,0,0,0,0,0,0,0,0,0,0,0,0,0,0,0,0,0,0,0,0,0,0,0,0,0,0,0,0,0,0,0,0,0,0,0,0,0,0,0,0,0,0,0,0,0,0,0,0,0,0,0,0,0,0,0,0,0,0,0,0,0,0,0,0,0,0,0,0,0,0,0,0,0,0,0,0,0,0,0,0,0,0,0,0,0,0,0,0,0,0,0,0,0,0,0,0,0,0,0,0,0,0,0,0,0,0,0,0,0,0,0,0,0,0,0,0,0,0,0,0,0,0,0,0,0,0,0,0,0,0,0,0,0,0,0,0,0,0,0,0,0,0,0,0,0,0,0,0,0,0,0,0,0,0,0,0,0,0,0,0,0,0,0,0,0,0,0,0,0,0,0,0,0,0,0,0,0,0,0,0,0,0,0,0,0,0,0,0,0,0,0,0,0,0,0,0,0,0,0,0,0,0,0,0,0,0
2026-04-19,0,0,0,0,0,0,0,0,0,0,0,0,0,0,0,0,0,0,0,0,0,0,0,0,0,0,0,0,0,0,0,0,0,0,0,0,0,0,0,0,0,0,0,0,0,0,0,0,0,0,0,0,0,0,0,0,0,0,0,0,0,0,0,0,0,0,0,0,0,0,0,0,0,0,0,0,0,0,0,0,0,0,0,0,0,0,0,0,0,0,0,0,0,0,0,0,0,0,0,0,0,0,0,0,0,0,0,0,0,0,0,0,0,0,0,0,0,0,0,0,0,0,0,0,0,0,0,0,0,0,0,0,0,0,0,0,0,0,0,0,0,0,0,0,0,0,0,0,0,0,0,0,0,0,0,0,0,0,0,0,0,0,0,0,0,0,0,0,0,0,0,0,0,0,0,0,0,0,0,0,0,0,0,0,0,0,0,0,0,0,0,0,0,0,0,0,0,0,0,0,0,0,0,0,0,0,0,0,0,0,0,0,0,0,0,0,0,0,0,0,0,0,0,0,0,0,0,0,0,0,0,0,0,0,0,0,0,0,0,0,0,0,0,0,0,0,0,0,0,0,0,0,0,0,0,0,0,0,0,0,0,0,0,0,0,0,0,0,0,0,0,0,0,0,0,0,0,0,0,0,0,0,0,0,0,0,0,0,0,0,0,0,0,0,0,0,0,0,0,0,0,0,0,0,0,0,0,0,0,0,0,0,0,0,0,0,0,0,0,0,0,0,0,0,0,0,0,0,0,0,0,0,0,0,0,0,0,0,0,0,0,0,0,0,0,0,0,0,0,0,0,0,0,0,0,0,0,0,0,0,0,0,0,0,0,0,0,0,0,0,0,0,0,0,0,0,0,0,0,0,0,0,0,0,0,0,0,0,0,0,0,0,0,0,0,0,0,0,0,0,0,0,0,0,0,0,0,0,0,0,0,0,0,0,0,0,0,0,0,0,0,0,0,0,0,0,0,0,0,0,0,0,0,0,0,0,0,0,0,0,0,0,0,0,0,0,0,0,0,0,0,0,0,0,0,0,0,0,0,0,0,0,0,0,0,0,0,0,0,0,0,0,0,0,0,0,0,0,0,0,0,0,0,0,0,0,0,0,0,0,0,0,0,0,0,0,0,0,0,0,0,0,0,0,0,0,0,0,0,0,0,0,0,0,0,0,0,0,0,0,0,0,0,0,0,0,0,0,0,0,0,0,0,0,0,0,0,0,0,0,0,0,0,0,0,0,0,0,0,0,0,0,0,0,0,0,0,0,0,0,0,0,0,0,0,0,0,0,0,0,0,0,0,0,0,0,0,0,0,0,0,0,0,0,0,0,0,0,0,0,0,0,0,0,0,0,0,0,0,0
2026-04-20,149,335,118,270,76,157,47,322,242,36,938,273,74,66,42,61,92,76,301,672,30,57,31,476,74,588,321,9,527,103,162,1011,62,931,233,350,193,74,90,75,63,49,160,364,68,80,98,362,57,153,56,149,66,97,399,157,158,685,73,106,92,598,32,393,153,75,138,292,63,151,50,57,96,56,74,148,76,59,25,642,329,156,74,93,125,56,138,150,98,156,72,148,78,76,151,109,668,160,79,27,181,936,59,59,74,304,122,465,93,309,59,75,63,47,80,40,99,76,67,54,61,65,675,56,134,40,74,152,307,144,77,785,63,231,60,304,74,23,79,442,242,79,50,33,158,324,24,39,27,75,24,146,319,71,37,68,118,77,387,50,50,111,40,78,547,239,110,147,146,354,78,154,49,50,474,153,51,108,26,80,55,492,308,79,499,17,349,156,79,395,222,23,483,278,315,76,939,137,332,141,62,217,257,328,158,572,51,432,133,76,53,31,62,149,701,820,50,43,80,158,852,802,81,29,308,33,16,163,158,48,46,102,119,477,163,155,361,56,99,114,53,452,224,53,271,78,77,24,659,10,56,144,49,141,78,149,103,158,109,491,215,448,344,48,745,116,131,157,80,263,168,891,154,72,150,79,54,55,75,108,830,949,77,92,61,152,75,46,268,68,491,165,285,626,74,145,47,16,53,69,76,210,145,78,47,95,73,9,79,926,39,577,957,40,281,838,71,165,54,193,26,151,72,67,76,78,56,173,80,36,55,486,69,851,139,303,80,1031,145,48,322,446,82,133,101,154,180,340,147,216,49,9,46,78,45,48,156,160,38,45,45,62,53,284,334,109,581,73,79,20,195,37,77,304,78,78,154,91,326,80,46,406,299,124,285,36,68,101,220,80,149,321,91,889,63,119,112,45,165,145,84,161,25,454,60,154,59,578,78,154,115,490,77,267,46,115,51,367,165,573,109,718,9,16,264,78,80,335,340,92,79,149,140,330,942,81,155,154,73,102,76,108,161,68,65,158,77,135,75,173,230,47,154,159,29,414,665,88,327,78,126,154,247,64,316,147,32,150,176,310,321,80,25,237,52,120,77,74,34,78,26,336,75,321,567,157,476,285,111,401,32,460,431,282,488,407,453,142,300,217,60,197,143,158,78,526,158,310,66,33,157,270,98,153,152,256,77,64,395,120,40,450,404,73,65,52,42,150,54,632,79,176,360,46,459,289,77,449,40,121,77,354,37,49,253,502,355,654,151,624,305,454,445,83,152,301,555,33,385,619,192,483,78,76,147,24,79,366,33,486,152,161,45,26,351,95,76,49,447,890,97,258,45,417,122,805,178,30,513,131,78,157,106,196,78,304,72,126,80,132
2026-04-21,132,273,94,267,62,132,40,280,181,39,813,198,62,52,34,59,112,65,245,494,27,50,32,354,65,550,212,12,428,91,123,870,58,739,185,292,161,65,76,63,58,42,139,335,56,66,79,300,43,136,63,131,54,78,358,135,128,579,63,83,64,611,13,357,124,63,98,243,62,130,47,59,76,44,62,132,66,60,19,540,276,160,62,43,114,44,109,124,76,129,62,133,62,65,131,95,603,132,69,20,153,778,58,58,63,256,122,491,74,243,54,63,57,38,73,39,75,65,63,46,61,51,487,45,102,26,66,123,259,128,66,668,63,218,59,242,63,20,73,403,195,65,37,15,131,263,21,28,19,63,18,157,325,62,40,51,115,63,387,32,38,89,28,61,528,207,85,122,135,301,65,122,38,46,399,133,38,50,20,64,46,407,262,68,442,7,285,137,61,349,199,20,404,212,280,65,746,109,265,109,55,182,234,301,135,427,44,356,105,62,47,15,59,131,628,707,40,34,64,119,724,714,63,27,276,31,7,136,132,38,38,78,110,420,131,126,330,46,74,112,46,458,193,42,243,34,77,19,608,12,57,135,43,102,63,128,91,131,89,524,175,374,282,40,553,109,116,133,66,256,128,792,126,65,133,64,40,44,67,91,695,823,65,77,56,101,67,38,253,56,424,130,243,537,65,128,40,7,45,54,64,161,127,65,36,80,67,11,54,826,26,471,853,25,239,713,50,120,44,80,18,128,66,64,68,67,44,138,65,47,42,404,85,677,108,243,66,885,129,37,280,408,69,109,76,125,167,282,126,196,35,13,38,62,33,46,126,129,26,35,33,55,47,236,294,93,490,64,65,24,167,40,65,251,64,68,139,65,267,67,36,333,255,109,270,38,55,94,175,65,135,254,63,777,55,100,84,39,127,138,62,133,19,353,61,126,50,514,70,132,112,359,51,260,39,120,36,351,141,484,90,609,12,7,220,69,62,256,248,76,64,133,108,288,770,63,129,125,53,70,67,83,129,50,57,144,70,110,64,109,163,45,131,133,27,345,514,71,237,65,113,129,166,57,225,123,32,132,141,225,256,53,18,185,44,117,65,63,32,64,35,302,75,289,503,137,397,234,90,350,30,375,448,225,426,353,444,102,249,177,60,140,136,136,63,424,132,265,54,30,130,235,82,132,129,256,69,60,331,119,26,403,343,67,65,45,34,133,43,484,65,116,293,39,372,212,70,388,27,116,67,336,39,40,253,462,345,576,125,513,264,396,475,68,129,272,388,29,311,506,138,385,70,66,119,19,80,300,46,394,133,115,31,19,303,83,63,38,407,762,79,252,38,347,115,734,156,26,432,111,61,133,94,170,66,294,65,117,65,110
2026-04-22,109,271,91,247,51,104,30,250,133,35,654,154,54,41,28,45,131,54,202,354,22,47,24,285,53,388,212,13,353,86,102,645,45,553,131,232,123,52,60,54,46,31,104,262,40,51,60,233,42,102,47,110,39,58,277,107,105,534,49,58,69,484,14,278,111,51,63,178,42,103,39,46,57,44,55,101,53,47,18,455,234,149,53,40,95,42,78,107,62,112,54,97,53,54,105,80,553,112,57,21,151,668,45,46,52,241,94,384,61,132,46,53,48,39,78,35,59,54,45,46,44,40,362,42,79,16,53,101,188,102,52,436,47,174,46,181,55,10,56,263,157,53,41,14,111,205,10,17,21,50,21,142,307,54,36,41,92,53,338,31,29,87,17,52,387,195,85,104,107,242,53,107,32,45,320,111,29,48,21,52,46,328,222,53,311,7,202,106,56,289,140,10,351,158,231,50,622,82,227,78,44,180,197,255,70,308,43,298,79,53,42,14,44,109,537,584,42,30,54,106,653,548,53,22,203,23,7,144,103,30,40,60,91,330,106,105,238,42,59,95,43,338,181,38,213,35,67,20,501,13,46,99,20,87,57,106,86,106,86,480,172,296,238,30,421,89,92,104,53,211,108,696,108,52,106,53,42,43,55,90,526,670,53,59,45,111,55,31,205,40,323,104,178,414,52,102,29,7,45,38,56,131,105,53,30,57,53,13,35,694,17,315,657,17,183,553,39,108,45,88,19,108,53,48,54,53,43,132,56,51,40,309,86,499,83,207,50,701,110,30,228,322,77,78,59,100,119,239,105,147,38,13,29,50,32,33,103,102,16,29,30,46,34,161,252,83,412,56,52,27,162,36,56,257,55,54,107,67,258,52,31,243,198,97,195,37,41,66,140,53,106,223,58,649,46,92,84,29,112,109,54,101,19,295,49,104,46,422,53,108,92,313,33,197,21,96,40,277,71,386,86,471,14,7,146,53,51,215,149,60,54,105,80,258,672,55,109,110,35,61,53,85,108,39,47,103,56,76,52,78,138,32,105,100,23,252,442,61,221,55,88,101,110,44,213,101,23,102,141,192,248,35,21,134,42,80,51,53,22,56,39,250,70,255,411,104,284,185,87,282,24,281,312,200,324,333,367,79,206,112,46,114,100,111,50,417,106,210,39,24,108,221,57,106,111,190,52,44,309,95,17,312,324,51,47,34,29,105,40,381,54,79,287,20,281,197,50,312,16,79,55,261,36,29,193,365,294,461,108,438,236,325,372,53,106,234,236,22,251,431,74,331,54,56,119,20,70,233,51,315,104,108,31,20,259,41,52,30,312,627,57,249,30,344,88,563,146,23,361,80,56,103,83,148,52,241,56,90,55,81
2026-04-23,116,293,83,282,62,120,37,234,136,41,743,162,61,38,29,54,195,58,230,358,22,43,30,281,59,364,205,20,374,100,120,767,51,505,123,240,139,60,70,57,53,39,120,331,40,56,74,258,48,123,49,115,38,72,302,118,121,652,63,68,87,552,13,300,114,57,61,238,53,118,50,51,74,47,57,120,61,49,26,509,241,183,60,40,109,49,79,113,71,113,59,116,61,62,120,95,587,118,56,27,165,781,52,53,61,289,117,439,73,135,47,62,52,51,83,42,75,62,62,47,50,37,348,46,78,17,58,121,255,115,58,482,61,189,53,173,62,10,59,255,188,60,57,14,114,264,10,18,26,54,26,182,366,60,43,40,100,58,389,29,37,94,16,59,437,235,94,121,122,268,61,107,38,50,335,121,39,52,26,60,48,385,242,61,360,7,238,117,60,325,188,10,363,154,269,59,723,83,262,81,52,194,219,280,73,329,51,326,78,60,50,15,55,119,602,619,51,30,58,117,713,615,62,22,249,30,7,187,117,37,55,75,108,359,122,121,268,49,72,83,49,464,212,50,241,33,84,27,541,20,53,120,21,78,62,116,99,117,97,548,191,346,275,35,434,106,106,118,60,226,112,737,121,64,119,55,49,49,55,124,625,728,58,73,53,138,60,36,254,39,295,124,177,507,62,119,38,7,50,39,60,182,122,62,39,72,59,19,37,767,17,325,708,17,221,525,40,118,47,86,26,116,59,63,64,61,46,159,59,76,50,304,137,443,78,224,55,754,119,36,255,331,97,79,74,123,122,266,126,144,56,20,38,63,29,33,114,115,17,28,30,54,30,199,264,96,448,62,59,40,195,43,61,283,59,57,116,86,289,60,37,235,235,104,215,39,38,66,186,56,116,241,62,720,53,87,96,38,122,122,62,117,27,333,49,116,46,452,57,122,95,329,34,226,19,104,56,301,71,422,94,502,21,7,154,60,57,238,149,75,56,113,75,289,728,58,117,121,35,68,59,104,122,39,53,129,57,80,61,73,135,34,118,121,20,235,492,62,201,56,101,130,112,53,204,125,29,115,156,241,304,32,27,132,49,102,57,60,29,57,62,275,87,266,453,109,273,192,97,299,30,299,390,200,369,381,425,74,239,124,51,122,118,117,60,476,117,210,40,29,115,234,75,122,120,220,56,49,361,99,17,357,299,61,63,33,30,120,49,367,56,76,320,20,341,196,60,343,18,104,55,269,42,36,206,406,285,487,120,468,249,346,427,58,118,237,239,32,279,495,79,373,60,61,160,26,83,267,83,399,113,102,31,28,312,40,57,36,355,703,72,245,37,398,105,648,168,22,377,75,59,114,97,169,62,253,61,101,59,77
2026-04-24,132,291,86,243,68,120,37,242,173,37,795,200,62,53,35,52,131,66,257,479,21,44,29,380,69,427,254,13,442,97,125,830,54,731,161,283,171,67,82,63,51,40,131,310,51,67,82,296,47,128,45,131,50,80,326,131,123,566,61,88,92,512,27,305,121,66,99,265,50,116,47,50,87,49,61,129,62,50,26,495,244,164,65,81,102,49,109,131,87,131,62,128,58,67,127,99,615,131,62,26,163,823,50,52,62,278,114,407,86,211,45,61,50,52,73,34,83,65,60,49,51,55,489,48,104,28,64,119,281,131,64,596,54,191,53,219,64,17,60,314,203,61,51,25,126,274,16,31,26,64,25,130,303,68,36,52,103,64,371,32,40,95,30,61,470,219,92,123,118,276,65,122,42,47,398,118,44,89,25,65,47,390,247,65,401,13,302,124,63,309,193,16,371,207,285,63,758,106,276,102,48,198,233,283,112,428,48,357,103,60,51,27,50,124,567,682,51,34,62,131,729,660,60,23,264,31,13,173,128,43,51,83,104,397,125,132,320,49,89,87,48,424,221,46,247,67,65,27,573,12,50,121,35,102,62,127,97,121,96,482,193,361,285,39,591,100,107,128,63,227,124,724,126,60,132,65,49,46,65,112,665,830,63,84,51,138,63,44,242,52,378,125,213,542,63,131,42,13,49,51,64,171,130,62,41,85,64,12,57,832,28,417,824,29,244,640,48,131,50,158,25,125,64,63,67,60,47,162,60,55,51,376,97,615,107,252,65,820,124,41,273,374,96,103,85,127,138,303,127,157,54,12,39,60,35,39,127,116,28,34,34,54,37,234,292,94,514,62,66,27,153,32,65,279,68,65,123,91,293,64,44,303,273,101,239,33,54,74,177,63,128,285,70,727,53,92,95,45,136,132,65,129,25,375,51,132,43,488,66,139,100,400,60,229,31,97,53,349,123,479,99,549,13,13,194,65,60,276,252,81,66,123,105,279,765,65,128,134,58,82,63,91,129,55,52,129,66,104,60,123,180,37,124,129,22,311,530,70,262,64,102,131,184,51,242,129,31,130,151,275,278,60,27,179,48,109,62,68,28,66,39,273,72,290,413,127,366,227,97,361,29,368,405,217,418,368,417,99,255,181,50,147,127,136,62,470,129,238,50,29,124,231,88,126,125,205,61,49,324,98,28,371,311,64,58,36,34,130,48,443,61,128,334,32,420,246,63,379,30,106,63,295,35,40,212,426,279,516,128,507,245,382,414,64,125,263,413,29,302,538,122,365,65,63,150,28,68,296,52,428,133,135,35,25,350,61,66,44,385,709,84,238,45,384,101,671,157,24,416,105,65,122,91,169,65,260,65,100,60,104
2026-04-25,0,0,0,0,0,0,0,0,0,0,0,0,0,0,0,0,0,0,0,0,0,0,0,0,0,0,0,0,0,0,0,0,0,0,0,0,0,0,0,0,0,0,0,0,0,0,0,0,0,0,0,0,0,0,0,0,0,0,0,0,0,0,0,0,0,0,0,0,0,0,0,0,0,0,0,0,0,0,0,0,0,0,0,0,0,0,0,0,0,0,0,0,0,0,0,0,0,0,0,0,0,0,0,0,0,0,0,0,0,0,0,0,0,0,0,0,0,0,0,0,0,0,0,0,0,0,0,0,0,0,0,0,0,0,0,0,0,0,0,0,0,0,0,0,0,0,0,0,0,0,0,0,0,0,0,0,0,0,0,0,0,0,0,0,0,0,0,0,0,0,0,0,0,0,0,0,0,0,0,0,0,0,0,0,0,0,0,0,0,0,0,0,0,0,0,0,0,0,0,0,0,0,0,0,0,0,0,0,0,0,0,0,0,0,0,0,0,0,0,0,0,0,0,0,0,0,0,0,0,0,0,0,0,0,0,0,0,0,0,0,0,0,0,0,0,0,0,0,0,0,0,0,0,0,0,0,0,0,0,0,0,0,0,0,0,0,0,0,0,0,0,0,0,0,0,0,0,0,0,0,0,0,0,0,0,0,0,0,0,0,0,0,0,0,0,0,0,0,0,0,0,0,0,0,0,0,0,0,0,0,0,0,0,0,0,0,0,0,0,0,0,0,0,0,0,0,0,0,0,0,0,0,0,0,0,0,0,0,0,0,0,0,0,0,0,0,0,0,0,0,0,0,0,0,0,0,0,0,0,0,0,0,0,0,0,0,0,0,0,0,0,0,0,0,0,0,0,0,0,0,0,0,0,0,0,0,0,0,0,0,0,0,0,0,0,0,0,0,0,0,0,0,0,0,0,0,0,0,0,0,0,0,0,0,0,0,0,0,0,0,0,0,0,0,0,0,0,0,0,0,0,0,0,0,0,0,0,0,0,0,0,0,0,0,0,0,0,0,0,0,0,0,0,0,0,0,0,0,0,0,0,0,0,0,0,0,0,0,0,0,0,0,0,0,0,0,0,0,0,0,0,0,0,0,0,0,0,0,0,0,0,0,0,0,0,0,0,0,0,0,0,0,0,0,0,0,0,0,0,0,0,0,0,0,0,0,0,0,0,0,0,0,0,0,0,0,0,0,0,0,0,0,0,0,0,0,0,0,0,0,0,0,0,0,0,0,0,0,0,0,0,0,0,0,0,0,0,0,0,0,0,0,0,0,0,0,0,0,0,0,0,0,0,0,0,0,0,0,0,0,0,0,0,0,0,0,0,0,0,0,0,0,0,0,0,0,0,0,0,0
2026-04-26,0,0,0,0,0,0,0,0,0,0,0,0,0,0,0,0,0,0,0,0,0,0,0,0,0,0,0,0,0,0,0,0,0,0,0,0,0,0,0,0,0,0,0,0,0,0,0,0,0,0,0,0,0,0,0,0,0,0,0,0,0,0,0,0,0,0,0,0,0,0,0,0,0,0,0,0,0,0,0,0,0,0,0,0,0,0,0,0,0,0,0,0,0,0,0,0,0,0,0,0,0,0,0,0,0,0,0,0,0,0,0,0,0,0,0,0,0,0,0,0,0,0,0,0,0,0,0,0,0,0,0,0,0,0,0,0,0,0,0,0,0,0,0,0,0,0,0,0,0,0,0,0,0,0,0,0,0,0,0,0,0,0,0,0,0,0,0,0,0,0,0,0,0,0,0,0,0,0,0,0,0,0,0,0,0,0,0,0,0,0,0,0,0,0,0,0,0,0,0,0,0,0,0,0,0,0,0,0,0,0,0,0,0,0,0,0,0,0,0,0,0,0,0,0,0,0,0,0,0,0,0,0,0,0,0,0,0,0,0,0,0,0,0,0,0,0,0,0,0,0,0,0,0,0,0,0,0,0,0,0,0,0,0,0,0,0,0,0,0,0,0,0,0,0,0,0,0,0,0,0,0,0,0,0,0,0,0,0,0,0,0,0,0,0,0,0,0,0,0,0,0,0,0,0,0,0,0,0,0,0,0,0,0,0,0,0,0,0,0,0,0,0,0,0,0,0,0,0,0,0,0,0,0,0,0,0,0,0,0,0,0,0,0,0,0,0,0,0,0,0,0,0,0,0,0,0,0,0,0,0,0,0,0,0,0,0,0,0,0,0,0,0,0,0,0,0,0,0,0,0,0,0,0,0,0,0,0,0,0,0,0,0,0,0,0,0,0,0,0,0,0,0,0,0,0,0,0,0,0,0,0,0,0,0,0,0,0,0,0,0,0,0,0,0,0,0,0,0,0,0,0,0,0,0,0,0,0,0,0,0,0,0,0,0,0,0,0,0,0,0,0,0,0,0,0,0,0,0,0,0,0,0,0,0,0,0,0,0,0,0,0,0,0,0,0,0,0,0,0,0,0,0,0,0,0,0,0,0,0,0,0,0,0,0,0,0,0,0,0,0,0,0,0,0,0,0,0,0,0,0,0,0,0,0,0,0,0,0,0,0,0,0,0,0,0,0,0,0,0,0,0,0,0,0,0,0,0,0,0,0,0,0,0,0,0,0,0,0,0,0,0,0,0,0,0,0,0,0,0,0,0,0,0,0,0,0,0,0,0,0,0,0,0,0,0,0,0,0,0,0,0,0,0,0,0,0,0,0,0,0,0,0,0,0,0,0,0,0,0,0
2026-04-27,113,239,77,179,56,112,36,235,181,28,680,187,55,46,30,45,79,55,230,451,20,36,25,326,53,442,227,9,414,78,115,762,46,651,165,244,145,61,72,56,46,36,115,260,48,58,74,255,38,113,46,119,47,77,301,115,113,479,57,77,74,464,24,275,109,57,106,216,44,111,41,44,76,38,57,112,58,45,19,444,226,115,61,68,93,38,95,109,74,110,57,119,54,53,108,77,482,112,53,21,137,666,42,45,56,229,95,353,79,218,38,53,46,43,53,27,71,57,47,39,45,47,462,40,95,29,55,119,229,108,54,566,48,165,42,201,58,18,57,321,176,55,40,24,114,225,18,29,20,54,20,110,228,56,28,48,86,53,288,29,36,85,29,58,397,171,74,117,111,272,55,109,35,36,343,113,38,83,20,58,38,349,217,57,334,12,281,98,57,282,168,16,357,180,245,54,679,91,229,89,45,158,195,253,120,377,41,302,96,60,40,26,45,111,522,596,41,31,56,117,666,559,60,19,220,25,12,148,109,34,41,71,87,323,117,113,273,39,79,76,40,357,163,40,208,59,54,19,479,8,45,108,34,98,57,109,77,109,77,365,139,324,247,36,575,88,85,106,51,202,116,630,114,54,119,55,37,39,59,89,643,714,54,72,46,109,53,39,204,49,349,105,187,446,57,112,39,12,36,45,57,151,109,56,37,77,56,8,60,726,27,397,715,29,207,606,46,113,42,139,20,111,54,53,55,60,37,131,54,30,39,363,56,592,92,231,55,815,116,38,235,315,70,95,76,108,125,271,112,151,39,8,34,54,30,36,108,114,28,33,29,43,36,238,266,79,478,57,56,16,127,28,56,224,58,56,112,73,235,56,37,290,236,93,219,28,48,73,173,57,110,239,62,680,44,74,74,36,113,112,53,116,20,320,44,105,39,454,55,116,94,351,58,201,32,91,40,318,123,407,78,529,8,12,181,54,55,252,262,71,59,114,93,230,690,59,113,111,58,74,56,79,112,46,44,121,53,94,54,131,176,33,113,109,19,290,468,62,221,56,89,111,178,45,216,113,26,110,132,214,242,58,20,164,41,89,58,56,24,56,23,244,52,247,376,120,349,214,76,288,26,319,366,199,360,301,373,96,220,155,45,121,114,114,54,404,120,211,48,24,98,198,78,110,108,184,57,44,269,85,30,349,257,57,52,36,32,112,40,436,57,123,260,34,339,210,59,302,30,90,60,265,28,39,179,385,252,495,114,466,229,328,326,58,108,243,413,26,266,465,136,321,52,54,117,21,55,260,33,372,118,120,33,20,291,71,56,35,322,637,72,187,38,302,90,555,145,19,363,95,56,106,81,138,60,220,55,86,56,94
2026-04-28,121,260,88,232,65,132,42,267,189,34,756,193,65,53,28,57,119,66,236,435,22,44,35,343,64,522,206,13,423,83,129,796,55,717,182,289,168,61,87,64,58,40,130,314,51,59,81,275,45,132,58,124,51,85,334,135,124,550,60,82,66,574,14,366,125,61,105,268,56,128,44,58,83,42,63,125,66,56,17,553,264,149,65,41,117,43,98,132,82,134,63,124,59,61,131,82,518,123,62,19,141,801,57,56,65,244,142,459,83,288,44,61,56,38,69,34,84,62,66,41,54,55,492,40,102,29,60,129,288,117,61,632,67,214,56,221,63,21,64,375,218,61,37,13,125,267,22,30,18,65,20,129,304,63,35,52,113,65,374,29,43,81,29,64,503,192,78,117,130,299,65,119,41,39,395,121,41,46,18,65,39,399,272,67,387,7,310,125,63,350,214,22,403,209,264,62,690,97,265,108,57,167,234,280,155,429,42,358,99,59,42,14,56,122,628,731,37,28,64,122,715,660,61,24,279,35,7,138,129,42,38,87,112,363,127,128,325,44,86,90,39,471,179,42,242,33,65,18,627,12,58,121,45,102,65,129,82,133,83,445,175,363,281,39,553,112,110,129,65,239,124,807,124,64,128,60,42,42,63,90,656,786,63,81,57,94,65,40,261,50,386,120,243,527,65,131,40,7,39,52,61,188,129,64,43,80,63,13,58,841,29,473,846,28,246,634,49,135,44,84,20,125,64,67,62,62,41,127,64,48,41,399,84,669,107,238,66,884,127,41,287,362,72,101,85,130,169,270,126,167,37,12,40,66,30,46,130,122,28,28,28,60,45,260,273,87,516,62,60,24,156,32,66,228,62,60,125,65,252,66,40,304,264,118,278,33,50,88,169,64,130,266,60,822,56,84,85,42,126,123,63,122,20,365,59,115,44,494,61,128,110,308,61,247,44,113,36,356,152,460,82,577,12,7,197,62,64,262,258,85,62,121,98,245,829,63,123,128,57,78,63,87,121,50,57,162,62,102,62,125,164,41,129,122,20,321,484,60,211,64,110,120,176,55,210,131,32,123,125,222,250,61,20,158,41,121,63,64,33,65,37,289,72,273,489,123,385,227,81,364,33,363,467,180,410,317,438,103,247,166,56,117,126,123,62,383,124,252,47,34,124,198,85,128,125,240,63,56,289,112,29,405,311,65,70,46,30,126,41,469,66,121,292,42,379,180,64,345,27,119,64,322,34,40,215,439,296,570,117,507,255,393,426,66,123,230,402,33,311,513,139,394,62,61,122,19,71,282,49,391,121,103,27,19,318,93,62,41,400,699,82,217,42,323,116,733,137,22,444,101,70,125,82,146,60,284,61,115,61,103
2026-04-29,113,273,75,226,61,123,40,245,169,33,734,180,59,48,29,52,132,58,246,461,18,38,33,311,64,447,192,14,408,88,120,756,50,647,158,251,165,61,82,56,50,43,123,312,46,61,83,262,42,109,50,114,45,79,324,120,128,533,60,87,75,566,18,302,123,62,95,255,49,119,43,55,89,41,62,119,61,53,24,522,265,137,61,57,104,42,88,127,81,122,60,121,61,62,123,84,492,126,61,24,146,709,55,50,60,238,129,408,84,215,38,58,53,42,66,34,83,60,65,40,51,44,436,40,88,27,61,117,277,112,61,563,61,204,52,204,60,19,63,302,208,61,46,18,108,245,18,27,23,57,23,136,300,59,32,46,99,63,365,28,40,81,26,62,452,185,80,121,111,268,57,123,43,41,360,114,40,65,23,60,44,372,250,57,366,9,299,126,59,306,213,18,371,171,257,61,648,92,245,90,51,164,200,267,124,358,44,337,89,61,43,19,49,120,601,648,45,27,61,122,672,647,63,18,256,33,9,156,127,43,49,84,98,380,123,123,285,43,80,73,42,454,184,43,239,47,64,22,563,14,53,123,36,90,64,121,85,116,80,439,158,358,265,40,501,98,101,121,60,231,119,707,119,59,123,60,42,44,57,108,633,781,62,83,52,131,61,40,231,49,351,117,204,506,61,114,43,9,40,46,61,168,118,61,39,82,60,13,50,756,27,403,814,28,222,582,46,119,40,109,23,121,62,67,62,57,41,129,59,57,43,359,93,579,93,227,60,833,125,43,245,337,78,88,83,116,126,251,120,150,48,14,44,59,26,37,122,116,28,27,27,54,38,229,267,82,479,60,61,30,139,33,60,236,56,59,124,71,251,59,38,279,279,99,230,34,45,78,190,60,123,255,58,712,52,76,85,39,121,118,59,119,23,365,55,115,39,477,61,115,101,311,52,217,38,96,46,316,122,456,77,527,14,9,166,59,60,245,252,82,63,114,93,239,735,59,126,120,50,85,59,86,123,44,51,142,59,90,59,118,154,36,121,120,19,292,490,58,196,61,100,116,171,48,198,126,33,127,137,265,249,52,24,153,42,115,61,59,31,59,44,261,64,258,438,128,317,218,85,322,33,315,433,197,341,327,398,91,253,167,52,111,115,117,63,416,117,219,48,32,112,210,79,124,121,211,59,48,285,100,26,393,259,63,65,37,26,120,42,429,60,116,288,34,399,177,65,357,27,116,63,283,34,43,197,406,244,494,119,490,240,352,377,58,117,227,388,31,274,490,124,366,60,61,141,25,67,254,58,394,119,102,28,22,316,71,60,41,361,689,83,211,41,345,103,713,159,19,382,95,60,116,84,146,58,253,59,101,60,91
2026-04-30,110,242,77,243,52,113,34,235,144,33,660,164,51,42,27,50,140,54,214,391,19,40,29,274,56,404,182,14,396,83,109,668,52,558,137,238,146,57,69,56,48,37,99,290,39,58,71,244,40,104,49,111,41,71,282,110,112,537,53,69,61,501,12,302,110,53,77,225,48,109,41,47,74,43,54,108,56,49,20,445,231,153,56,34,96,39,82,116,67,112,55,112,51,56,111,80,496,113,55,21,138,691,46,45,56,230,118,395,69,187,39,56,47,39,67,34,68,57,61,41,51,41,373,41,80,22,56,113,242,109,54,509,57,183,49,184,53,16,55,307,174,57,41,11,111,229,15,22,20,57,20,131,283,54,34,42,97,53,339,25,36,77,21,57,425,186,79,114,109,246,55,110,35,41,339,113,38,41,20,56,42,359,238,57,343,6,264,115,54,317,189,16,354,155,231,53,639,79,237,79,50,161,188,242,106,346,42,303,79,53,40,11,47,114,561,598,40,26,58,113,649,586,54,21,240,28,6,143,106,35,42,72,102,338,118,112,264,40,70,78,39,421,179,38,217,32,68,19,502,14,48,112,31,80,56,104,82,112,76,430,154,304,231,36,461,100,97,115,53,216,113,710,108,55,109,53,40,38,55,92,578,725,53,72,50,107,52,35,240,39,322,109,197,458,58,116,34,6,39,41,58,150,104,55,35,67,51,15,37,689,20,349,693,19,223,527,42,112,37,73,20,110,55,58,54,53,40,124,58,58,42,318,95,517,84,196,57,739,108,33,236,308,77,79,71,114,125,258,103,136,40,14,37,57,26,34,107,108,19,27,26,48,34,217,245,86,438,57,57,28,147,34,53,211,54,57,109,67,251,56,34,236,222,94,210,33,40,69,161,54,107,227,53,649,50,82,83,37,112,114,57,109,20,316,47,109,41,431,56,110,97,281,44,214,30,97,39,289,103,403,81,468,13,6,159,54,57,227,191,69,59,105,86,241,617,55,106,101,42,71,58,82,111,40,50,133,54,83,56,93,130,36,113,111,21,245,455,51,181,53,110,108,131,50,179,105,30,108,129,220,243,41,20,132,40,101,57,60,27,57,42,250,68,258,451,113,290,193,82,278,28,308,381,170,340,329,365,86,220,142,48,100,109,110,57,388,112,205,39,32,113,201,67,113,111,221,54,45,272,99,21,323,268,56,57,34,27,114,43,395,55,82,262,29,344,165,56,335,21,104,57,267,37,35,207,375,270,459,114,464,218,318,411,56,113,215,282,31,248,429,93,325,55,56,121,20,68,238,56,354,108,89,27,20,282,60,56,35,333,659,70,221,36,329,91,628,133,19,371,84,55,111,77,143,54,246,58,103,56,87
2026-05-01,115,272,62,221,55,112,36,226,136,32,684,158,56,41,29,40,146,57,207,352,16,32,26,302,51,310,208,15,403,80,114,714,41,530,129,242,163,56,77,53,40,38,116,264,40,55,81,247,48,115,40,110,38,75,300,105,110,554,57,79,95,470,26,265,113,55,85,229,40,107,40,43,77,42,53,103,57,41,27,467,244,138,57,80,81,41,77,106,83,114,53,110,55,56,108,87,523,113,55,28,148,647,43,40,55,250,103,327,79,141,33,53,42,58,61,32,80,57,53,46,45,41,380,47,74,24,53,104,251,107,57,494,51,165,43,165,55,11,55,232,195,52,59,26,118,238,11,23,27,57,28,122,278,58,30,41,87,56,297,28,38,88,23,59,380,180,89,112,112,256,55,108,39,45,335,113,37,90,29,53,42,324,190,56,348,13,258,107,55,250,178,11,354,150,234,56,650,80,239,81,39,183,191,259,83,323,46,297,81,56,43,27,44,108,482,579,54,28,56,112,615,586,56,16,217,26,13,184,114,41,54,79,76,338,111,117,255,46,76,62,44,372,197,43,203,67,61,30,454,16,43,110,23,79,57,111,89,115,86,420,180,308,248,40,471,85,89,109,55,192,115,610,114,53,105,54,44,44,51,127,600,707,52,77,40,162,55,38,195,39,297,110,147,448,54,110,39,13,45,39,54,176,106,55,39,79,52,15,51,688,24,311,685,25,209,499,40,111,42,161,28,109,54,49,56,54,46,147,58,60,42,292,101,459,80,197,55,705,118,38,223,309,99,81,75,111,95,267,116,111,55,15,39,54,30,27,115,109,23,28,28,41,26,233,248,84,412,58,55,28,140,32,53,278,57,54,106,100,268,52,37,234,232,87,198,33,40,52,192,51,109,238,59,662,40,62,85,42,109,113,54,111,30,306,41,111,34,407,52,104,85,328,50,180,22,86,55,288,77,387,91,474,14,13,146,54,55,230,201,80,54,107,84,245,602,53,110,111,48,73,55,86,108,38,40,110,52,81,54,107,148,27,113,109,16,248,429,56,222,55,82,109,165,41,193,114,25,111,145,262,263,48,27,147,44,90,55,54,27,55,46,260,63,232,357,113,279,194,93,297,26,308,356,198,359,329,310,84,226,153,40,118,113,102,55,437,102,201,36,27,113,227,79,107,107,189,55,41,306,85,24,326,228,55,52,26,29,112,44,368,55,111,291,21,382,198,55,299,25,92,54,232,34,38,171,373,216,465,105,450,227,324,362,56,103,223,344,27,255,492,110,334,54,57,180,27,62,257,59,354,108,113,29,29,308,43,53,41,338,599,82,202,40,331,81,630,156,15,379,78,56,105,90,145,55,223,52,86,58,80
2026-05-02,0,0,0,0,0,0,0,0,0,0,0,0,0,0,0,0,0,0,0,0,0,0,0,0,0,0,0,0,0,0,0,0,0,0,0,0,0,0,0,0,0,0,0,0,0,0,0,0,0,0,0,0,0,0,0,0,0,0,0,0,0,0,0,0,0,0,0,0,0,0,0,0,0,0,0,0,0,0,0,0,0,0,0,0,0,0,0,0,0,0,0,0,0,0,0,0,0,0,0,0,0,0,0,0,0,0,0,0,0,0,0,0,0,0,0,0,0,0,0,0,0,0,0,0,0,0,0,0,0,0,0,0,0,0,0,0,0,0,0,0,0,0,0,0,0,0,0,0,0,0,0,0,0,0,0,0,0,0,0,0,0,0,0,0,0,0,0,0,0,0,0,0,0,0,0,0,0,0,0,0,0,0,0,0,0,0,0,0,0,0,0,0,0,0,0,0,0,0,0,0,0,0,0,0,0,0,0,0,0,0,0,0,0,0,0,0,0,0,0,0,0,0,0,0,0,0,0,0,0,0,0,0,0,0,0,0,0,0,0,0,0,0,0,0,0,0,0,0,0,0,0,0,0,0,0,0,0,0,0,0,0,0,0,0,0,0,0,0,0,0,0,0,0,0,0,0,0,0,0,0,0,0,0,0,0,0,0,0,0,0,0,0,0,0,0,0,0,0,0,0,0,0,0,0,0,0,0,0,0,0,0,0,0,0,0,0,0,0,0,0,0,0,0,0,0,0,0,0,0,0,0,0,0,0,0,0,0,0,0,0,0,0,0,0,0,0,0,0,0,0,0,0,0,0,0,0,0,0,0,0,0,0,0,0,0,0,0,0,0,0,0,0,0,0,0,0,0,0,0,0,0,0,0,0,0,0,0,0,0,0,0,0,0,0,0,0,0,0,0,0,0,0,0,0,0,0,0,0,0,0,0,0,0,0,0,0,0,0,0,0,0,0,0,0,0,0,0,0,0,0,0,0,0,0,0,0,0,0,0,0,0,0,0,0,0,0,0,0,0,0,0,0,0,0,0,0,0,0,0,0,0,0,0,0,0,0,0,0,0,0,0,0,0,0,0,0,0,0,0,0,0,0,0,0,0,0,0,0,0,0,0,0,0,0,0,0,0,0,0,0,0,0,0,0,0,0,0,0,0,0,0,0,0,0,0,0,0,0,0,0,0,0,0,0,0,0,0,0,0,0,0,0,0,0,0,0,0,0,0,0,0,0,0,0,0,0,0,0,0,0,0,0,0,0,0,0,0,0,0,0,0,0,0,0,0,0,0,0,0,0,0,0,0,0,0,0,0,0,0,0,0,0,0,0,0,0,0,0,0,0,0,0,0,0,0,0,0,0,0,0
2026-05-03,0,0,0,0,0,0,0,0,0,0,0,0,0,0,0,0,0,0,0,0,0,0,0,0,0,0,0,0,0,0,0,0,0,0,0,0,0,0,0,0,0,0,0,0,0,0,0,0,0,0,0,0,0,0,0,0,0,0,0,0,0,0,0,0,0,0,0,0,0,0,0,0,0,0,0,0,0,0,0,0,0,0,0,0,0,0,0,0,0,0,0,0,0,0,0,0,0,0,0,0,0,0,0,0,0,0,0,0,0,0,0,0,0,0,0,0,0,0,0,0,0,0,0,0,0,0,0,0,0,0,0,0,0,0,0,0,0,0,0,0,0,0,0,0,0,0,0,0,0,0,0,0,0,0,0,0,0,0,0,0,0,0,0,0,0,0,0,0,0,0,0,0,0,0,0,0,0,0,0,0,0,0,0,0,0,0,0,0,0,0,0,0,0,0,0,0,0,0,0,0,0,0,0,0,0,0,0,0,0,0,0,0,0,0,0,0,0,0,0,0,0,0,0,0,0,0,0,0,0,0,0,0,0,0,0,0,0,0,0,0,0,0,0,0,0,0,0,0,0,0,0,0,0,0,0,0,0,0,0,0,0,0,0,0,0,0,0,0,0,0,0,0,0,0,0,0,0,0,0,0,0,0,0,0,0,0,0,0,0,0,0,0,0,0,0,0,0,0,0,0,0,0,0,0,0,0,0,0,0,0,0,0,0,0,0,0,0,0,0,0,0,0,0,0,0,0,0,0,0,0,0,0,0,0,0,0,0,0,0,0,0,0,0,0,0,0,0,0,0,0,0,0,0,0,0,0,0,0,0,0,0,0,0,0,0,0,0,0,0,0,0,0,0,0,0,0,0,0,0,0,0,0,0,0,0,0,0,0,0,0,0,0,0,0,0,0,0,0,0,0,0,0,0,0,0,0,0,0,0,0,0,0,0,0,0,0,0,0,0,0,0,0,0,0,0,0,0,0,0,0,0,0,0,0,0,0,0,0,0,0,0,0,0,0,0,0,0,0,0,0,0,0,0,0,0,0,0,0,0,0,0,0,0,0,0,0,0,0,0,0,0,0,0,0,0,0,0,0,0,0,0,0,0,0,0,0,0,0,0,0,0,0,0,0,0,0,0,0,0,0,0,0,0,0,0,0,0,0,0,0,0,0,0,0,0,0,0,0,0,0,0,0,0,0,0,0,0,0,0,0,0,0,0,0,0,0,0,0,0,0,0,0,0,0,0,0,0,0,0,0,0,0,0,0,0,0,0,0,0,0,0,0,0,0,0,0,0,0,0,0,0,0,0,0,0,0,0,0,0,0,0,0,0,0,0,0,0,0,0,0,0,0,0,0,0,0,0,0,0,0
2026-05-04,102,245,72,198,50,105,32,214,144,31,632,150,56,39,26,43,107,53,204,380,19,38,24,304,52,353,200,11,374,78,107,646,41,566,138,225,128,50,65,54,42,34,101,241,39,53,67,235,38,106,43,98,42,70,289,104,108,486,52,67,70,465,18,263,103,51,81,201,42,100,40,45,68,39,49,103,52,43,21,444,218,133,54,55,88,38,83,105,70,103,52,102,51,54,105,78,487,102,50,21,131,632,44,43,50,225,90,331,63,162,38,49,45,40,60,30,67,51,48,38,46,44,371,40,79,23,53,107,208,104,53,461,48,158,43,177,51,13,52,261,171,55,43,19,101,205,13,21,20,53,20,118,249,53,28,41,93,53,297,29,30,81,22,50,372,190,76,100,111,233,51,102,32,37,321,101,34,66,19,52,38,340,211,53,327,10,248,104,51,274,164,13,345,165,214,54,674,79,227,88,44,158,170,244,86,324,38,310,81,52,38,18,41,100,485,570,39,29,50,101,593,565,57,19,196,26,9,141,105,32,41,66,86,306,106,102,242,38,69,77,38,358,163,42,196,45,61,19,489,11,42,94,26,84,52,109,75,110,75,388,155,293,217,33,470,88,79,106,51,191,99,608,104,49,107,53,36,41,52,92,565,646,55,67,43,98,50,34,204,42,291,106,161,413,51,110,31,9,39,42,48,135,104,53,34,65,50,11,44,660,22,355,669,22,182,555,41,105,39,113,21,104,50,48,50,52,38,122,51,43,42,295,78,517,87,192,50,677,102,34,220,306,73,84,63,99,111,230,105,131,37,11,34,55,29,34,103,109,22,28,30,41,31,187,232,83,385,51,51,21,135,30,53,236,54,51,100,67,234,52,31,244,214,92,198,31,39,63,152,54,101,212,59,609,41,75,78,35,109,98,53,100,20,308,46,112,37,401,54,106,91,297,43,191,26,83,43,284,88,389,79,465,10,8,161,47,52,215,193,67,55,103,92,221,620,49,101,103,46,63,50,80,101,39,42,108,55,84,53,103,136,33,109,102,20,236,395,57,188,51,82,102,143,43,208,99,23,103,128,209,222,44,19,131,38,84,52,54,25,52,33,253,61,234,386,106,320,185,82,300,24,309,320,183,366,307,342,78,217,138,44,112,102,110,52,373,106,200,43,22,107,200,68,102,104,182,52,45,279,84,23,330,263,54,50,31,31,104,40,341,52,94,257,27,318,193,54,316,22,84,52,247,30,32,180,334,232,442,106,417,216,299,349,53,106,204,329,24,236,433,99,329,52,54,118,21,60,237,46,346,100,105,27,20,279,55,52,31,313,601,63,214,34,295,86,571,139,19,347,83,55,104,79,139,52,206,54,87,54,84
2026-05-05,103,237,67,180,52,104,33,211,141,28,618,176,50,42,30,40,88,50,219,374,18,34,21,314,51,353,222,9,362,79,100,699,40,548,151,222,131,50,67,49,38,34,106,235,42,51,62,233,40,100,38,101,42,64,282,101,94,441,56,67,72,412,24,244,103,50,89,200,41,103,41,39,68,42,51,105,50,40,19,431,217,121,53,75,72,39,82,96,63,101,50,109,50,50,102,76,451,98,52,20,139,614,38,40,51,224,88,311,66,157,37,50,38,44,54,27,66,52,42,41,37,45,396,38,82,24,51,102,201,96,49,497,44,156,37,190,52,12,53,243,159,50,42,23,102,214,12,23,21,51,20,105,219,52,26,41,79,50,281,31,32,79,24,51,333,181,79,106,104,219,48,100,34,37,307,96,33,84,21,52,37,314,200,51,311,11,223,100,53,254,140,12,319,162,211,49,611,87,221,91,39,154,181,225,81,377,40,297,79,49,38,24,39,102,442,552,40,29,49,98,625,504,52,19,208,21,12,155,99,33,41,66,75,294,104,97,242,39,65,73,40,306,174,40,187,63,54,22,451,9,41,101,25,86,51,105,75,102,77,361,167,294,218,35,463,79,77,103,48,166,102,572,102,52,102,47,38,39,48,101,553,647,53,66,39,121,47,33,180,43,322,103,165,403,50,95,34,12,40,42,46,142,98,49,33,68,51,9,50,685,24,321,633,24,174,556,42,103,40,142,20,104,48,42,49,53,41,140,51,36,39,300,63,518,90,193,49,675,99,33,213,284,71,85,67,107,107,244,97,124,45,9,33,51,30,30,99,100,24,31,30,41,30,198,232,77,370,54,54,18,119,26,50,221,52,52,101,75,233,52,32,250,211,75,205,28,39,59,158,52,106,204,60,606,40,73,76,35,101,99,50,103,22,302,39,101,36,389,51,107,79,334,47,168,25,81,39,274,86,382,78,435,9,11,154,50,51,224,216,65,52,99,87,222,623,54,104,105,47,66,47,78,95,42,40,96,50,81,51,108,151,30,101,106,19,260,412,58,239,50,81,104,152,43,213,107,21,99,123,206,242,49,22,151,40,74,53,50,22,54,28,243,56,222,345,99,328,187,74,270,20,290,308,197,294,296,320,83,195,139,39,122,96,105,51,350,103,198,41,21,96,195,63,102,100,159,55,39,284,79,25,299,257,50,41,32,31,105,38,391,48,108,251,24,342,199,52,301,25,72,53,211,29,34,167,324,230,410,93,402,215,307,305,52,99,222,355,21,240,419,106,302,54,50,119,21,54,238,38,315,101,109,32,21,263,48,50,32,313,604,68,189,33,289,81,558,142,17,358,83,52,102,80,136,48,200,51,80,50,84
2026-05-06,119,294,86,258,63,124,38,267,167,37,773,176,61,45,30,54,144,60,223,432,22,43,33,346,65,450,202,14,409,91,129,763,57,674,160,286,168,60,84,61,53,42,120,330,45,64,84,285,44,121,54,127,47,83,342,122,118,561,62,79,79,567,16,321,115,59,93,241,56,121,44,54,78,46,63,127,61,53,22,520,243,162,64,51,107,43,89,121,79,127,64,126,64,61,123,88,566,127,63,23,160,797,53,54,62,264,132,436,79,218,44,62,55,44,75,37,78,66,64,44,54,46,442,45,94,24,65,127,270,128,61,594,67,189,52,222,62,17,63,343,207,62,44,16,123,255,16,25,23,65,23,147,327,61,35,48,107,62,369,31,42,89,23,62,480,200,95,124,124,274,58,123,40,45,396,131,41,54,22,61,45,374,250,61,371,8,291,123,64,350,214,18,383,193,263,62,710,96,268,92,56,171,226,282,121,358,43,330,90,67,44,16,52,117,605,679,44,29,61,130,684,657,60,22,246,31,8,163,124,39,46,78,109,362,128,128,289,42,82,90,44,478,187,42,231,40,79,23,618,15,53,127,35,92,59,122,91,132,88,472,179,356,269,42,501,109,109,126,64,229,123,766,126,61,131,62,46,46,62,103,660,782,60,82,56,121,62,41,244,47,354,121,212,498,64,121,41,8,47,47,67,174,119,69,38,80,62,15,51,789,25,394,772,25,236,631,49,128,46,100,22,124,62,63,59,63,45,132,63,62,42,338,105,622,97,226,62,787,119,42,269,360,86,92,85,118,139,276,122,158,46,16,42,63,31,40,124,123,24,29,30,55,38,232,280,87,486,63,60,30,169,35,65,256,62,69,116,76,263,65,41,275,260,107,233,36,48,78,186,63,118,269,61,760,52,89,89,40,123,128,65,117,22,357,53,124,44,473,60,124,109,329,49,240,35,112,47,324,121,465,93,532,15,8,186,62,61,254,251,82,65,121,88,251,740,64,127,133,50,82,60,88,127,46,53,142,63,97,61,100,154,38,125,123,23,306,519,60,216,67,107,123,161,55,198,124,33,119,145,249,265,52,23,162,44,116,64,63,30,60,46,284,74,263,452,120,359,216,90,345,32,337,418,204,391,354,422,92,255,159,55,113,118,127,67,397,132,242,46,32,119,220,82,127,124,237,62,51,313,102,25,374,294,58,65,39,29,120,46,441,59,105,284,34,399,196,61,404,24,105,64,298,37,39,214,409,273,538,125,512,251,357,415,64,116,249,341,31,287,507,113,387,63,62,143,24,72,285,61,363,120,106,31,23,315,69,64,39,357,775,76,256,40,338,112,677,152,21,417,99,62,133,93,159,60,267,66,104,66,100
2026-05-07,110,250,103,229,60,127,37,258,196,35,727,195,60,55,30,55,83,62,227,521,26,53,30,375,62,567,224,8,422,83,126,773,58,771,186,279,145,64,73,60,55,37,126,330,54,64,72,297,42,122,56,118,56,69,361,122,118,546,61,70,49,579,12,368,115,63,104,229,54,127,40,53,73,42,63,131,62,57,14,502,254,142,62,33,115,38,106,121,70,124,62,122,64,63,126,84,539,131,61,14,154,755,56,54,60,224,126,458,70,292,52,62,55,27,68,35,73,63,62,41,55,52,491,39,111,29,61,121,241,124,60,662,59,194,53,259,65,22,63,431,184,65,29,12,127,259,22,27,14,61,14,135,286,63,35,59,108,62,402,31,35,80,28,62,470,200,76,127,122,284,65,120,36,38,386,128,35,41,14,62,41,374,267,63,370,6,276,124,62,343,197,23,361,224,246,58,723,111,282,114,58,169,216,276,144,415,40,349,108,65,43,12,56,123,657,655,29,35,62,128,694,647,59,25,263,31,6,91,127,34,29,70,115,381,115,128,291,37,72,101,42,444,180,40,229,31,68,14,609,8,54,120,41,108,58,127,75,126,88,440,150,338,271,35,577,116,118,128,63,247,122,824,124,64,123,62,39,40,61,64,642,781,59,74,58,73,64,37,265,52,420,121,273,478,61,121,36,6,37,51,66,157,120,59,36,72,60,8,59,741,29,438,812,27,246,762,53,133,43,74,14,125,63,60,68,59,39,129,66,32,41,405,55,704,111,250,65,863,126,38,257,381,54,102,72,130,167,272,131,199,28,8,35,60,30,47,132,125,27,33,31,56,49,232,257,80,464,62,59,15,158,32,62,226,65,59,118,51,243,63,34,315,231,113,259,35,53,96,156,60,124,278,63,755,56,109,82,35,120,123,59,127,13,341,55,127,51,484,61,126,114,332,54,254,43,108,28,325,158,466,77,520,8,6,215,63,61,250,269,72,59,120,108,249,806,64,121,128,57,72,64,83,124,53,59,143,62,113,59,115,170,45,118,125,25,330,489,64,230,60,115,127,168,57,212,129,31,121,127,215,241,55,14,175,41,115,62,62,29,60,23,287,68,276,521,119,399,215,85,342,31,354,426,222,391,300,443,114,259,163,55,129,121,122,59,373,120,251,56,31,123,208,71,126,122,224,61,56,299,111,27,385,371,61,60,47,33,124,38,506,62,115,278,45,344,203,62,370,29,112,62,326,34,36,248,430,341,548,120,548,235,363,437,60,124,260,382,32,302,463,137,375,63,64,86,14,70,278,33,385,123,109,32,14,286,88,62,35,369,684,74,237,36,287,116,677,127,26,432,110,58,121,80,141,61,254,59,111,58,109
2026-05-08,127,275,69,242,60,123,43,248,169,35,779,166,59,44,28,47,183,60,246,383,16,32,31,331,64,396,217,17,415,84,117,754,47,602,148,257,160,60,86,64,50,43,116,297,43,57,85,284,44,118,47,122,42,88,311,127,116,588,59,90,99,571,25,298,120,62,94,268,50,126,45,51,85,45,63,124,61,48,29,523,273,147,64,75,101,46,87,120,86,113,64,124,60,59,114,93,546,114,62,28,149,744,44,50,59,252,121,364,88,190,35,58,46,57,65,33,92,59,60,44,48,45,438,47,91,28,59,127,262,120,60,537,63,167,50,192,64,16,60,277,215,62,57,23,130,273,14,27,28,64,29,141,295,63,35,44,91,60,353,29,42,95,28,63,417,206,97,122,124,288,62,121,44,48,372,119,44,85,28,61,47,381,238,57,378,12,316,118,59,320,218,15,360,162,271,61,732,83,258,88,47,190,212,286,103,365,46,342,87,62,44,26,47,125,582,604,55,29,58,123,743,657,57,16,244,32,12,200,126,48,54,93,101,364,126,123,305,45,88,69,46,463,194,46,247,61,65,30,522,18,48,123,31,95,63,123,94,121,87,446,178,338,267,44,491,100,94,124,62,209,119,738,124,61,120,61,44,44,61,138,648,783,62,90,51,154,64,46,245,45,326,115,179,527,59,116,44,12,48,45,55,195,129,61,44,86,60,17,55,800,29,374,806,27,220,570,43,124,45,146,30,123,62,64,58,62,46,144,64,68,46,322,122,572,92,235,61,813,121,45,264,346,103,87,92,130,105,261,129,129,55,17,43,58,28,31,125,117,28,30,29,50,31,249,276,98,468,62,60,31,153,35,61,272,60,62,116,99,271,64,41,254,279,99,230,34,46,63,206,59,116,268,57,738,48,66,89,45,130,119,63,119,30,342,48,119,34,452,62,113,97,321,50,196,30,98,59,328,110,413,98,521,18,12,163,62,60,257,233,89,59,123,92,258,810,61,119,127,54,91,63,90,121,42,50,151,60,92,57,110,162,31,130,130,17,276,489,55,220,61,100,122,166,53,194,127,33,123,153,258,258,53,27,162,46,107,58,62,32,61,49,272,67,270,441,114,321,208,91,333,32,326,450,192,415,332,383,89,246,171,48,116,121,123,63,450,122,243,45,31,128,236,86,117,118,222,60,47,318,101,27,369,232,61,65,33,30,134,45,419,61,122,303,30,383,204,61,350,28,111,63,274,35,43,212,397,220,482,125,488,251,351,392,57,120,260,375,32,278,489,123,375,63,60,181,29,65,260,69,389,125,115,30,30,340,59,61,44,369,661,92,226,46,375,95,658,171,17,418,86,59,118,96,142,62,237,59,97,60,88
2026-05-09,0,0,0,0,0,0,0,0,0,0,0,0,0,0,0,0,0,0,0,0,0,0,0,0,0,0,0,0,0,0,0,0,0,0,0,0,0,0,0,0,0,0,0,0,0,0,0,0,0,0,0,0,0,0,0,0,0,0,0,0,0,0,0,0,0,0,0,0,0,0,0,0,0,0,0,0,0,0,0,0,0,0,0,0,0,0,0,0,0,0,0,0,0,0,0,0,0,0,0,0,0,0,0,0,0,0,0,0,0,0,0,0,0,0,0,0,0,0,0,0,0,0,0,0,0,0,0,0,0,0,0,0,0,0,0,0,0,0,0,0,0,0,0,0,0,0,0,0,0,0,0,0,0,0,0,0,0,0,0,0,0,0,0,0,0,0,0,0,0,0,0,0,0,0,0,0,0,0,0,0,0,0,0,0,0,0,0,0,0,0,0,0,0,0,0,0,0,0,0,0,0,0,0,0,0,0,0,0,0,0,0,0,0,0,0,0,0,0,0,0,0,0,0,0,0,0,0,0,0,0,0,0,0,0,0,0,0,0,0,0,0,0,0,0,0,0,0,0,0,0,0,0,0,0,0,0,0,0,0,0,0,0,0,0,0,0,0,0,0,0,0,0,0,0,0,0,0,0,0,0,0,0,0,0,0,0,0,0,0,0,0,0,0,0,0,0,0,0,0,0,0,0,0,0,0,0,0,0,0,0,0,0,0,0,0,0,0,0,0,0,0,0,0,0,0,0,0,0,0,0,0,0,0,0,0,0,0,0,0,0,0,0,0,0,0,0,0,0,0,0,0,0,0,0,0,0,0,0,0,0,0,0,0,0,0,0,0,0,0,0,0,0,0,0,0,0,0,0,0,0,0,0,0,0,0,0,0,0,0,0,0,0,0,0,0,0,0,0,0,0,0,0,0,0,0,0,0,0,0,0,0,0,0,0,0,0,0,0,0,0,0,0,0,0,0,0,0,0,0,0,0,0,0,0,0,0,0,0,0,0,0,0,0,0,0,0,0,0,0,0,0,0,0,0,0,0,0,0,0,0,0,0,0,0,0,0,0,0,0,0,0,0,0,0,0,0,0,0,0,0,0,0,0,0,0,0,0,0,0,0,0,0,0,0,0,0,0,0,0,0,0,0,0,0,0,0,0,0,0,0,0,0,0,0,0,0,0,0,0,0,0,0,0,0,0,0,0,0,0,0,0,0,0,0,0,0,0,0,0,0,0,0,0,0,0,0,0,0,0,0,0,0,0,0,0,0,0,0,0,0,0,0,0,0,0,0,0,0,0,0,0,0,0,0,0,0,0,0,0,0,0,0,0,0,0,0,0,0,0,0,0,0,0,0,0,0,0,0,0,0
2026-05-10,0,0,0,0,0,0,0,0,0,0,0,0,0,0,0,0,0,0,0,0,0,0,0,0,0,0,0,0,0,0,0,0,0,0,0,0,0,0,0,0,0,0,0,0,0,0,0,0,0,0,0,0,0,0,0,0,0,0,0,0,0,0,0,0,0,0,0,0,0,0,0,0,0,0,0,0,0,0,0,0,0,0,0,0,0,0,0,0,0,0,0,0,0,0,0,0,0,0,0,0,0,0,0,0,0,0,0,0,0,0,0,0,0,0,0,0,0,0,0,0,0,0,0,0,0,0,0,0,0,0,0,0,0,0,0,0,0,0,0,0,0,0,0,0,0,0,0,0,0,0,0,0,0,0,0,0,0,0,0,0,0,0,0,0,0,0,0,0,0,0,0,0,0,0,0,0,0,0,0,0,0,0,0,0,0,0,0,0,0,0,0,0,0,0,0,0,0,0,0,0,0,0,0,0,0,0,0,0,0,0,0,0,0,0,0,0,0,0,0,0,0,0,0,0,0,0,0,0,0,0,0,0,0,0,0,0,0,0,0,0,0,0,0,0,0,0,0,0,0,0,0,0,0,0,0,0,0,0,0,0,0,0,0,0,0,0,0,0,0,0,0,0,0,0,0,0,0,0,0,0,0,0,0,0,0,0,0,0,0,0,0,0,0,0,0,0,0,0,0,0,0,0,0,0,0,0,0,0,0,0,0,0,0,0,0,0,0,0,0,0,0,0,0,0,0,0,0,0,0,0,0,0,0,0,0,0,0,0,0,0,0,0,0,0,0,0,0,0,0,0,0,0,0,0,0,0,0,0,0,0,0,0,0,0,0,0,0,0,0,0,0,0,0,0,0,0,0,0,0,0,0,0,0,0,0,0,0,0,0,0,0,0,0,0,0,0,0,0,0,0,0,0,0,0,0,0,0,0,0,0,0,0,0,0,0,0,0,0,0,0,0,0,0,0,0,0,0,0,0,0,0,0,0,0,0,0,0,0,0,0,0,0,0,0,0,0,0,0,0,0,0,0,0,0,0,0,0,0,0,0,0,0,0,0,0,0,0,0,0,0,0,0,0,0,0,0,0,0,0,0,0,0,0,0,0,0,0,0,0,0,0,0,0,0,0,0,0,0,0,0,0,0,0,0,0,0,0,0,0,0,0,0,0,0,0,0,0,0,0,0,0,0,0,0,0,0,0,0,0,0,0,0,0,0,0,0,0,0,0,0,0,0,0,0,0,0,0,0,0,0,0,0,0,0,0,0,0,0,0,0,0,0,0,0,0,0,0,0,0,0,0,0,0,0,0,0,0,0,0,0,0,0,0,0,0,0,0,0,0,0,0,0,0,0,0,0,0,0,0,0
2026-05-11,106,240,81,218,56,107,33,215,160,29,659,179,55,44,29,44,104,55,214,431,20,43,25,325,54,440,210,10,371,77,104,729,48,604,146,231,142,54,69,51,44,34,107,266,43,54,66,238,39,99,45,109,45,68,293,105,99,532,56,68,64,499,19,288,114,53,87,212,46,117,38,46,63,37,51,107,53,42,19,465,221,123,54,53,93,38,93,115,69,112,54,107,50,52,112,79,481,105,54,18,136,677,44,43,56,239,96,363,68,192,42,55,45,40,61,29,68,52,51,39,46,41,430,38,90,23,55,101,221,102,54,509,50,172,44,192,53,15,51,303,165,55,37,18,107,219,14,25,19,57,19,119,259,55,29,45,89,52,302,29,33,78,23,56,388,172,77,111,103,243,55,104,33,38,334,108,33,64,19,55,36,344,222,57,344,9,248,112,54,275,164,15,349,164,226,55,627,88,234,85,46,154,193,238,109,333,40,310,90,53,38,18,45,107,505,577,37,29,54,108,629,586,57,20,223,24,8,139,109,35,35,63,93,333,103,105,256,39,65,86,39,381,166,39,208,46,58,19,478,10,48,112,29,82,53,108,79,109,77,381,162,309,230,33,499,84,93,110,53,197,103,630,110,55,111,54,37,38,55,93,596,692,56,70,43,98,54,35,203,41,345,109,185,417,55,109,36,9,40,44,54,148,103,53,34,72,50,11,48,684,24,349,712,24,202,578,44,102,41,108,19,107,53,52,56,53,38,125,55,38,38,331,70,529,89,211,54,728,107,34,235,302,67,82,69,105,130,252,112,142,38,10,35,53,27,33,109,111,24,28,29,45,35,201,246,80,434,56,56,21,138,28,54,237,56,52,104,66,250,53,33,265,219,84,225,30,44,71,154,55,108,231,57,660,46,78,81,35,114,105,51,113,19,306,44,103,42,411,58,111,92,300,46,216,31,83,40,273,105,383,77,462,10,9,175,52,54,218,207,71,58,113,93,228,647,53,109,111,43,63,57,80,107,44,43,118,56,84,54,102,145,34,111,109,21,267,417,59,203,53,91,103,152,46,209,109,25,103,122,211,227,46,19,148,40,91,56,54,24,55,32,227,60,233,394,106,318,193,81,273,27,290,353,199,350,290,356,87,225,140,46,110,102,112,54,383,110,198,47,27,109,190,70,110,114,187,55,47,257,88,25,323,282,53,48,34,30,116,37,378,54,106,258,30,306,202,56,301,23,91,56,255,29,35,201,345,259,461,111,439,216,309,343,54,106,207,358,25,239,437,112,341,55,56,107,18,60,246,43,354,108,105,30,20,266,55,54,35,314,599,66,191,34,293,90,587,140,20,368,89,56,105,77,139,55,218,55,88,53,86
2026-05-12,160,361,111,346,84,165,56,358,230,44,1008,239,80,62,39,74,192,83,339,597,27,57,44,467,83,663,259,20,545,112,156,1042,72,824,210,357,219,86,111,85,73,51,162,463,58,82,115,360,61,160,74,168,63,109,429,168,172,714,86,106,91,779,19,462,163,87,129,307,75,163,57,77,113,57,85,168,83,77,30,714,355,214,88,60,145,58,128,171,106,157,86,172,78,79,172,112,687,164,77,28,207,955,71,75,80,334,183,606,113,333,53,81,69,58,93,47,110,78,89,59,76,70,579,55,122,36,82,159,352,175,79,752,99,261,74,291,83,27,85,481,269,80,55,19,165,378,25,36,31,81,28,188,409,85,45,63,146,81,521,40,53,109,37,84,671,261,114,177,184,381,80,161,56,58,515,169,52,64,29,84,58,545,370,84,523,10,415,164,80,454,294,27,515,251,363,87,976,127,363,124,71,216,313,369,187,525,56,457,125,84,55,23,74,166,890,896,58,38,77,165,967,860,87,29,351,46,10,207,168,56,58,107,144,538,163,162,408,55,106,117,55,611,246,61,318,48,91,29,794,19,72,166,53,132,84,163,108,172,115,589,231,483,364,53,714,145,147,162,87,316,162,1046,167,83,161,87,57,55,82,131,922,1028,85,114,64,159,78,54,347,64,470,161,304,676,79,177,55,9,58,66,86,238,175,83,52,105,83,19,70,1068,37,560,1065,36,340,807,64,162,55,114,28,165,80,89,85,83,57,171,83,78,57,488,149,816,129,314,84,1170,163,56,371,498,108,129,109,164,178,371,166,215,62,19,56,82,36,55,174,177,35,37,36,72,54,334,355,121,666,85,80,39,212,48,81,299,83,87,169,98,357,84,57,385,359,138,327,46,64,109,255,82,166,345,78,1060,71,105,120,56,168,167,84,168,29,458,72,167,56,617,85,167,157,420,70,325,51,146,59,471,183,574,115,774,19,10,249,85,78,339,330,114,87,171,131,330,986,81,166,172,67,111,82,117,161,63,76,213,85,128,86,153,224,55,171,169,28,425,658,76,279,90,141,164,221,73,251,165,43,169,188,321,352,73,29,207,57,159,83,85,43,84,57,366,102,360,619,161,472,300,121,445,47,431,647,256,524,451,542,133,320,228,75,157,169,156,85,547,154,298,63,46,173,277,115,168,166,310,83,69,424,141,36,501,418,88,87,52,37,160,58,577,84,161,364,51,504,255,84,474,36,157,79,408,47,61,318,559,350,710,172,697,336,496,579,81,162,327,515,46,404,658,171,476,87,82,177,29,95,400,76,579,161,132,36,31,465,105,84,56,501,944,106,318,55,467,136,905,207,27,584,128,82,166,109,196,81,343,81,145,84,126
2026-05-13,104,230,76,184,50,102,34,207,143,27,612,150,51,40,24,41,102,49,201,368,19,35,24,290,47,369,197,10,369,70,98,637,39,522,124,228,128,46,66,50,40,33,104,260,40,51,65,221,36,97,41,102,38,67,256,106,104,446,51,64,70,439,19,263,101,47,85,201,41,99,38,44,65,40,52,98,52,39,20,382,220,123,50,52,83,37,80,103,66,100,52,97,51,50,99,77,453,104,49,19,132,579,41,41,50,222,89,323,66,161,33,52,41,38,53,29,66,49,46,36,41,41,381,36,83,21,51,96,201,103,51,480,45,143,39,184,51,13,47,253,158,51,39,19,101,207,12,22,19,51,19,112,262,48,27,39,84,54,286,26,31,75,23,48,355,165,71,105,95,211,52,100,31,35,308,102,31,63,18,46,38,296,200,49,312,9,229,101,47,276,159,12,294,155,200,49,596,80,211,84,42,135,172,218,94,299,35,276,83,54,40,19,40,104,472,547,38,27,52,97,609,523,51,18,209,24,9,137,104,32,37,65,81,287,101,101,223,37,65,74,38,346,157,38,186,44,58,18,490,10,40,100,26,80,49,97,74,107,75,359,143,284,216,33,439,81,85,93,50,183,98,624,97,46,101,48,38,38,49,88,554,618,51,66,40,95,53,33,192,36,308,95,170,422,48,96,32,9,38,41,52,139,102,49,33,66,48,10,48,612,21,342,624,23,185,543,41,102,35,114,19,98,48,47,50,53,35,109,52,40,37,288,68,495,78,191,49,705,99,31,221,296,65,82,64,97,108,225,106,131,38,10,34,49,26,30,102,103,22,27,26,41,30,180,227,73,368,52,49,20,132,28,53,205,48,48,101,65,217,47,29,237,202,85,207,29,42,61,147,46,99,218,54,638,41,70,72,31,98,106,52,96,18,284,44,97,37,399,50,94,77,298,45,166,27,84,39,244,88,371,71,429,10,8,149,51,49,209,200,66,53,99,80,214,633,54,103,101,43,61,51,74,101,40,39,107,50,79,50,101,139,30,104,99,19,245,399,56,203,47,81,95,135,39,183,95,22,105,119,191,231,43,19,137,39,78,53,51,22,52,29,224,59,219,360,96,287,191,70,267,22,293,330,175,322,289,325,75,200,131,42,101,100,101,48,335,99,185,40,22,105,189,64,98,99,172,49,40,250,81,22,293,244,49,46,32,28,103,37,372,51,95,248,28,310,188,50,293,21,84,50,232,28,31,177,343,222,433,102,429,199,303,336,49,96,188,320,24,216,401,99,303,52,50,112,20,59,219,37,296,98,106,27,19,263,50,49,31,288,557,66,190,30,289,82,534,124,18,338,83,48,102,73,128,51,201,48,84,47,85
2026-05-14,109,267,89,233,48,100,32,217,153,33,641,180,56,43,30,45,115,49,215,381,22,43,24,290,53,390,197,11,364,80,102,655,45,605,145,238,126,55,66,54,45,31,112,284,44,49,68,258,42,110,46,110,43,62,305,106,110,509,55,64,63,465,17,296,111,53,74,195,46,107,41,47,62,43,55,105,53,43,19,448,229,142,55,45,89,42,94,110,66,105,54,115,55,56,105,82,534,106,55,19,141,649,47,44,53,235,96,378,66,176,42,54,46,39,72,34,64,56,47,42,45,42,420,40,86,22,52,113,214,110,57,529,48,165,47,202,53,13,53,277,157,52,37,16,115,224,13,20,19,52,20,131,286,55,34,44,96,55,342,30,34,84,21,56,412,187,79,106,105,249,49,111,33,43,342,117,31,54,19,54,43,344,212,52,353,8,216,108,53,293,155,13,353,170,215,54,673,88,235,91,45,167,194,258,87,358,42,291,87,52,41,16,46,108,527,605,41,30,56,111,600,561,54,21,227,24,8,132,110,31,38,66,90,346,110,107,254,39,63,90,39,335,177,41,207,38,66,19,507,11,48,113,26,85,54,113,81,105,82,446,170,290,241,32,471,85,90,113,50,205,110,665,113,54,108,54,40,42,56,88,588,660,53,68,47,103,53,31,227,45,344,104,189,419,57,107,32,8,43,44,53,145,106,55,32,65,55,12,41,704,20,357,675,20,206,553,45,113,40,94,18,112,52,46,55,56,42,131,55,44,40,302,75,524,84,195,53,761,114,32,223,309,71,83,65,106,123,223,111,148,41,11,34,52,29,34,108,102,21,30,31,47,34,191,251,85,398,51,53,25,146,34,56,226,53,55,110,68,227,52,33,255,202,88,228,32,44,71,145,54,110,248,63,647,47,89,82,31,111,104,52,107,19,300,43,112,45,401,53,108,93,327,42,215,26,86,37,293,84,389,82,493,11,8,164,55,56,222,183,63,55,106,89,249,688,52,105,107,44,66,52,84,107,43,47,108,54,87,56,90,151,34,101,107,23,267,435,61,215,55,92,101,133,47,208,103,24,108,137,188,241,41,18,154,42,83,54,54,23,55,35,239,66,240,392,101,312,177,83,300,23,311,330,203,349,339,372,86,213,136,43,118,105,100,56,401,108,200,44,24,115,211,65,109,108,194,50,47,275,89,21,341,314,55,50,35,30,105,42,433,53,98,288,27,318,204,54,320,20,82,54,257,34,30,197,362,277,472,110,458,209,313,391,51,109,223,300,24,250,415,98,322,53,56,120,19,65,257,44,354,100,109,30,20,261,52,59,31,326,627,62,220,32,317,89,595,153,22,367,88,54,106,81,151,53,223,54,95,51,87
2026-05-15,132,272,80,238,69,128,48,266,179,35,809,177,65,50,26,58,155,63,254,454,21,40,38,321,67,520,176,17,452,86,127,849,60,687,177,290,183,66,94,68,59,43,132,356,48,66,94,295,43,134,59,125,47,91,345,132,127,545,65,97,74,631,14,358,135,72,117,286,59,133,44,57,94,41,67,132,65,57,23,585,267,155,64,43,125,40,100,126,89,132,67,135,68,65,126,81,549,134,62,23,143,837,62,54,64,262,159,468,93,286,40,65,58,45,71,35,93,70,81,44,60,49,452,44,105,30,67,129,293,128,66,593,77,219,55,208,63,23,66,388,225,67,47,14,132,284,23,30,22,65,24,143,351,65,37,49,115,63,425,26,44,87,31,66,529,200,91,142,133,298,69,134,49,43,417,139,44,49,24,66,44,413,279,68,404,7,345,132,65,364,245,23,391,200,274,67,709,94,290,96,60,169,246,307,159,403,41,370,101,66,44,14,58,134,678,658,48,27,69,137,713,729,63,19,267,41,7,164,137,45,45,91,115,417,136,134,307,43,92,81,45,570,191,44,235,37,74,23,652,16,61,132,46,98,65,135,88,141,82,485,174,376,291,46,564,115,117,133,64,268,139,826,123,66,125,65,42,43,72,108,740,817,65,93,56,125,65,43,274,52,386,125,251,519,66,133,44,6,43,53,67,216,138,64,46,89,63,16,59,907,29,438,878,31,258,657,50,138,46,83,23,130,63,76,63,68,45,136,65,64,44,378,107,645,100,246,67,824,126,43,271,399,87,98,92,131,141,280,136,177,46,16,46,70,28,43,132,133,32,28,27,59,43,265,274,87,506,65,72,35,164,38,68,237,69,67,138,79,252,67,46,306,294,121,261,34,50,88,195,63,127,282,55,791,63,79,82,44,140,131,67,132,24,402,60,129,38,541,69,141,118,293,60,243,47,112,44,337,158,460,86,594,15,7,188,66,63,263,280,92,63,128,101,251,794,67,131,129,61,89,62,82,136,51,62,184,62,93,69,131,159,43,132,141,21,306,498,56,202,68,119,139,189,61,192,138,37,132,137,294,259,58,24,171,44,127,66,64,38,67,47,296,70,288,514,125,365,235,82,328,42,373,565,186,411,355,437,97,271,182,57,103,129,130,63,430,131,260,49,39,145,228,100,129,126,259,66,54,316,125,30,432,283,63,81,45,27,135,42,447,66,127,290,47,445,177,66,382,29,147,66,346,37,47,250,492,254,564,131,586,268,378,503,66,127,254,432,37,317,503,144,412,67,68,139,23,70,315,67,438,129,96,27,23,367,90,63,46,396,770,91,243,47,343,114,735,151,19,432,105,66,127,87,154,66,271,62,120,69,109
2026-05-16,0,0,0,0,0,0,0,0,0,0,0,0,0,0,0,0,0,0,0,0,0,0,0,0,0,0,0,0,0,0,0,0,0,0,0,0,0,0,0,0,0,0,0,0,0,0,0,0,0,0,0,0,0,0,0,0,0,0,0,0,0,0,0,0,0,0,0,0,0,0,0,0,0,0,0,0,0,0,0,0,0,0,0,0,0,0,0,0,0,0,0,0,0,0,0,0,0,0,0,0,0,0,0,0,0,0,0,0,0,0,0,0,0,0,0,0,0,0,0,0,0,0,0,0,0,0,0,0,0,0,0,0,0,0,0,0,0,0,0,0,0,0,0,0,0,0,0,0,0,0,0,0,0,0,0,0,0,0,0,0,0,0,0,0,0,0,0,0,0,0,0,0,0,0,0,0,0,0,0,0,0,0,0,0,0,0,0,0,0,0,0,0,0,0,0,0,0,0,0,0,0,0,0,0,0,0,0,0,0,0,0,0,0,0,0,0,0,0,0,0,0,0,0,0,0,0,0,0,0,0,0,0,0,0,0,0,0,0,0,0,0,0,0,0,0,0,0,0,0,0,0,0,0,0,0,0,0,0,0,0,0,0,0,0,0,0,0,0,0,0,0,0,0,0,0,0,0,0,0,0,0,0,0,0,0,0,0,0,0,0,0,0,0,0,0,0,0,0,0,0,0,0,0,0,0,0,0,0,0,0,0,0,0,0,0,0,0,0,0,0,0,0,0,0,0,0,0,0,0,0,0,0,0,0,0,0,0,0,0,0,0,0,0,0,0,0,0,0,0,0,0,0,0,0,0,0,0,0,0,0,0,0,0,0,0,0,0,0,0,0,0,0,0,0,0,0,0,0,0,0,0,0,0,0,0,0,0,0,0,0,0,0,0,0,0,0,0,0,0,0,0,0,0,0,0,0,0,0,0,0,0,0,0,0,0,0,0,0,0,0,0,0,0,0,0,0,0,0,0,0,0,0,0,0,0,0,0,0,0,0,0,0,0,0,0,0,0,0,0,0,0,0,0,0,0,0,0,0,0,0,0,0,0,0,0,0,0,0,0,0,0,0,0,0,0,0,0,0,0,0,0,0,0,0,0,0,0,0,0,0,0,0,0,0,0,0,0,0,0,0,0,0,0,0,0,0,0,0,0,0,0,0,0,0,0,0,0,0,0,0,0,0,0,0,0,0,0,0,0,0,0,0,0,0,0,0,0,0,0,0,0,0,0,0,0,0,0,0,0,0,0,0,0,0,0,0,0,0,0,0,0,0,0,0,0,0,0,0,0,0,0,0,0,0,0,0,0,0,0,0,0,0,0,0,0,0,0,0,0,0,0,0,0,0,0,0,0,0,0,0
2026-05-17,0,0,0,0,0,0,0,0,0,0,0,0,0,0,0,0,0,0,0,0,0,0,0,0,0,0,0,0,0,0,0,0,0,0,0,0,0,0,0,0,0,0,0,0,0,0,0,0,0,0,0,0,0,0,0,0,0,0,0,0,0,0,0,0,0,0,0,0,0,0,0,0,0,0,0,0,0,0,0,0,0,0,0,0,0,0,0,0,0,0,0,0,0,0,0,0,0,0,0,0,0,0,0,0,0,0,0,0,0,0,0,0,0,0,0,0,0,0,0,0,0,0,0,0,0,0,0,0,0,0,0,0,0,0,0,0,0,0,0,0,0,0,0,0,0,0,0,0,0,0,0,0,0,0,0,0,0,0,0,0,0,0,0,0,0,0,0,0,0,0,0,0,0,0,0,0,0,0,0,0,0,0,0,0,0,0,0,0,0,0,0,0,0,0,0,0,0,0,0,0,0,0,0,0,0,0,0,0,0,0,0,0,0,0,0,0,0,0,0,0,0,0,0,0,0,0,0,0,0,0,0,0,0,0,0,0,0,0,0,0,0,0,0,0,0,0,0,0,0,0,0,0,0,0,0,0,0,0,0,0,0,0,0,0,0,0,0,0,0,0,0,0,0,0,0,0,0,0,0,0,0,0,0,0,0,0,0,0,0,0,0,0,0,0,0,0,0,0,0,0,0,0,0,0,0,0,0,0,0,0,0,0,0,0,0,0,0,0,0,0,0,0,0,0,0,0,0,0,0,0,0,0,0,0,0,0,0,0,0,0,0,0,0,0,0,0,0,0,0,0,0,0,0,0,0,0,0,0,0,0,0,0,0,0,0,0,0,0,0,0,0,0,0,0,0,0,0,0,0,0,0,0,0,0,0,0,0,0,0,0,0,0,0,0,0,0,0,0,0,0,0,0,0,0,0,0,0,0,0,0,0,0,0,0,0,0,0,0,0,0,0,0,0,0,0,0,0,0,0,0,0,0,0,0,0,0,0,0,0,0,0,0,0,0,0,0,0,0,0,0,0,0,0,0,0,0,0,0,0,0,0,0,0,0,0,0,0,0,0,0,0,0,0,0,0,0,0,0,0,0,0,0,0,0,0,0,0,0,0,0,0,0,0,0,0,0,0,0,0,0,0,0,0,0,0,0,0,0,0,0,0,0,0,0,0,0,0,0,0,0,0,0,0,0,0,0,0,0,0,0,0,0,0,0,0,0,0,0,0,0,0,0,0,0,0,0,0,0,0,0,0,0,0,0,0,0,0,0,0,0,0,0,0,0,0,0,0,0,0,0,0,0,0,0,0,0,0,0,0,0,0,0,0,0,0,0,0,0,0,0,0,0,0,0,0,0,0,0,0,0
2026-05-18,124,274,107,270,64,128,36,276,189,41,760,189,61,48,32,57,128,59,250,453,26,54,30,358,66,533,237,12,422,88,122,842,57,685,175,267,147,63,70,63,55,36,122,334,49,64,72,287,45,119,55,122,47,73,330,123,120,567,63,70,58,577,12,359,127,62,86,242,56,123,45,57,72,48,64,127,64,58,18,540,258,161,62,35,116,43,104,130,77,127,61,116,65,66,129,91,591,125,64,18,155,809,60,55,63,261,117,472,71,231,55,68,55,36,72,40,70,61,58,47,54,50,467,45,93,23,63,125,241,129,62,616,59,213,56,242,66,18,65,382,190,65,35,12,125,278,19,24,18,62,16,159,339,66,40,51,111,63,381,33,35,92,24,62,505,210,90,124,130,266,63,126,35,47,375,125,36,42,19,63,45,392,276,62,400,6,282,124,64,351,195,18,404,222,281,64,730,100,280,99,58,177,236,270,125,389,45,369,97,59,44,12,58,126,676,684,37,32,64,133,737,668,62,26,268,30,6,123,130,34,37,73,123,397,135,126,313,46,71,111,46,429,194,45,235,30,80,18,638,12,55,118,35,97,61,125,96,119,90,531,187,374,259,35,544,115,110,120,60,266,124,767,120,64,122,62,44,44,63,83,677,806,61,73,58,95,64,35,252,51,407,128,244,520,62,130,36,6,46,50,63,157,117,62,38,73,63,11,45,780,26,432,828,24,234,653,51,120,47,71,17,129,64,61,62,63,43,137,61,49,43,384,82,623,97,230,64,887,129,36,262,372,66,103,73,123,161,283,118,183,36,12,36,63,32,45,124,129,24,32,34,56,46,212,277,86,493,63,65,24,186,39,62,250,63,61,135,62,275,59,37,323,231,124,262,40,52,89,164,65,122,273,67,787,59,114,92,38,126,127,67,123,17,377,53,126,53,488,62,126,114,345,49,268,36,114,36,315,124,491,94,559,12,6,206,62,64,257,212,74,65,119,97,268,757,65,127,131,49,66,62,93,121,51,58,137,65,100,62,102,161,46,124,125,29,318,512,65,260,65,114,124,151,57,231,133,30,125,150,197,259,48,18,159,44,103,63,62,30,61,36,299,78,274,497,122,384,217,89,352,31,355,421,230,404,356,465,104,249,147,57,129,128,121,60,450,122,249,52,29,119,235,73,118,123,252,60,54,308,113,23,389,394,59,59,46,32,124,48,462,64,108,288,34,357,209,60,364,24,106,61,311,40,38,239,447,341,555,125,511,253,364,459,65,127,262,326,30,308,490,117,405,62,65,111,18,79,273,47,399,125,108,34,18,300,68,63,37,408,757,75,263,36,368,116,697,159,28,440,100,63,125,99,159,64,268,66,116,61,108
2026-05-19,90,199,42,153,46,86,34,179,119,23,538,126,41,33,22,35,109,46,170,303,11,22,22,238,44,284,144,11,312,64,85,594,33,452,112,196,133,44,63,44,35,34,88,208,33,48,68,196,31,87,35,89,31,66,245,90,84,381,44,68,77,384,20,207,87,44,74,200,35,89,31,35,60,32,45,88,43,31,20,383,182,100,45,58,71,32,68,90,66,88,43,90,45,45,91,63,368,90,44,20,106,531,35,35,44,185,98,282,65,162,22,44,34,44,44,23,68,43,44,34,34,33,325,33,66,23,45,91,208,85,44,416,47,120,34,143,45,13,44,204,158,43,41,21,78,181,12,22,21,44,20,91,196,45,21,32,71,45,228,21,34,62,21,46,306,137,63,88,87,198,48,86,33,33,267,89,35,66,21,42,31,269,159,44,270,10,230,89,42,212,150,12,275,118,192,43,506,65,182,67,34,128,154,192,79,257,31,235,68,46,31,19,32,86,399,452,41,21,44,91,526,447,45,11,194,23,10,159,87,33,44,66,68,262,91,87,218,32,68,48,33,352,140,33,174,48,46,20,354,11,35,86,23,66,44,84,63,85,63,289,129,249,195,31,363,69,63,87,46,148,91,494,84,44,84,44,32,33,46,92,457,538,46,68,34,114,46,34,159,34,262,86,133,364,47,88,34,11,33,33,44,144,91,47,33,68,46,11,45,536,21,265,565,22,169,436,34,86,33,123,20,89,45,46,43,43,32,98,45,45,32,229,76,411,65,170,46,571,84,34,187,260,76,71,68,87,79,193,91,85,43,11,35,44,21,21,80,91,23,21,22,34,23,188,205,63,342,43,43,22,95,23,41,184,44,48,86,75,187,43,32,200,217,68,167,22,32,49,151,45,87,191,41,518,34,43,65,32,85,86,43,86,21,280,33,91,22,319,42,90,67,240,44,137,24,64,42,229,92,318,65,396,11,10,124,44,45,181,184,64,45,87,62,179,521,44,92,85,42,69,45,60,87,35,33,103,41,64,44,96,121,23,90,85,11,192,347,42,167,43,71,85,140,32,146,87,24,90,109,205,205,43,21,118,32,82,45,42,23,44,34,206,44,181,303,96,243,165,63,221,22,232,309,130,278,242,266,66,183,130,32,90,84,90,46,294,89,167,32,23,91,160,63,88,89,146,44,31,226,72,22,271,162,41,47,22,23,90,32,302,44,102,211,24,335,148,44,266,21,78,42,193,23,33,133,306,143,384,91,361,192,246,260,44,93,174,307,23,198,366,98,289,43,44,132,21,46,190,44,287,91,81,21,21,266,45,41,34,276,523,69,146,34,258,65,474,111,11,310,65,44,87,66,107,43,172,43,67,44,66
2026-05-20,103,247,52,174,51,103,40,195,165,24,638,163,53,40,30,38,115,51,230,357,13,27,24,308,52,287,197,11,370,76,94,652,37,528,130,218,148,53,76,50,35,37,106,203,43,51,77,230,37,100,36,105,39,77,273,105,100,459,50,77,91,406,30,216,102,50,89,228,34,99,38,36,76,37,49,97,53,34,25,416,213,105,49,87,76,38,82,105,80,106,51,105,48,56,99,82,418,109,55,27,127,634,36,36,50,219,93,276,79,148,25,51,36,52,49,23,78,54,49,39,35,41,374,38,85,27,52,99,239,103,52,452,44,131,36,167,50,13,54,207,178,51,53,28,106,202,12,27,27,52,26,95,227,53,24,38,72,53,245,29,40,78,26,54,299,161,77,102,99,223,51,99,36,41,310,100,37,108,24,53,37,326,163,50,316,16,270,105,50,224,151,13,302,140,210,49,611,77,208,82,36,161,170,229,87,335,38,286,79,48,42,31,36,104,415,535,52,27,52,100,607,545,50,13,196,23,15,182,103,40,51,75,70,318,110,104,239,40,79,54,38,296,171,39,192,72,49,25,386,11,37,107,25,80,51,101,79,102,78,317,171,285,223,37,443,71,72,100,55,158,103,532,104,52,102,51,36,41,50,114,542,678,50,78,39,146,51,36,173,41,283,103,142,445,53,93,36,15,35,39,50,158,105,56,39,74,50,11,51,647,27,310,633,27,184,548,39,108,41,187,26,102,49,47,51,51,40,124,50,43,39,294,78,472,75,199,50,688,99,37,214,282,92,86,74,99,87,227,101,102,53,12,40,51,29,26,109,102,25,28,28,36,26,227,212,80,418,50,55,22,112,24,53,224,50,51,102,93,236,50,36,242,225,75,190,25,40,49,179,50,109,214,58,609,38,51,78,38,99,100,50,101,25,295,36,96,26,398,53,101,79,333,55,165,24,70,54,285,83,353,78,435,11,15,144,52,55,220,222,78,55,104,71,216,640,50,105,98,56,76,52,75,102,38,34,104,52,77,50,126,154,26,98,101,13,231,396,56,201,50,75,97,175,35,208,107,24,101,133,231,231,55,27,162,40,81,51,50,23,52,33,234,50,227,290,104,281,199,79,267,23,290,310,179,325,292,296,79,215,157,36,110,110,101,50,355,101,188,39,23,107,199,78,108,96,166,54,36,268,71,25,328,179,55,47,24,28,108,39,358,46,121,270,24,359,201,52,296,30,82,49,206,24,38,146,330,169,412,101,413,239,288,288,54,108,200,396,23,217,430,126,330,51,47,146,25,53,230,46,341,100,116,28,27,306,50,49,37,292,587,78,165,38,331,75,515,149,13,342,77,50,102,79,123,51,198,49,72,55,81
2026-05-21,107,252,83,266,57,112,37,243,129,37,703,153,57,40,24,49,160,60,223,382,20,39,33,278,55,464,171,17,371,79,116,719,56,544,137,247,151,56,73,56,53,37,121,307,40,58,70,248,43,115,54,111,38,78,316,114,114,555,57,75,66,599,8,300,112,55,78,230,54,116,41,52,71,40,59,117,55,52,22,483,223,166,56,25,103,38,74,116,77,116,57,114,60,58,120,87,524,114,59,21,150,701,50,53,56,246,135,427,73,211,39,61,53,43,71,38,74,58,61,39,50,38,384,41,80,20,57,115,244,110,59,494,67,193,55,168,55,16,55,297,183,55,45,9,115,237,16,21,21,57,21,156,327,58,37,40,103,58,368,25,37,78,20,55,472,212,83,112,115,271,55,112,36,41,363,114,37,28,22,58,42,330,231,54,353,4,268,116,52,333,225,16,349,173,243,55,686,83,241,80,53,167,204,261,103,308,42,300,83,61,43,8,53,122,608,614,42,24,59,121,726,625,59,21,245,35,4,142,116,37,44,73,112,353,109,112,275,40,73,79,41,467,172,44,225,20,75,20,560,17,54,117,30,81,61,108,82,112,84,466,177,331,258,37,440,100,108,116,60,237,119,752,114,57,125,56,43,39,58,105,627,750,59,70,54,101,56,36,258,41,311,111,191,473,58,117,36,4,42,39,58,160,122,57,36,72,58,17,40,769,20,369,710,19,216,517,43,115,43,47,19,114,55,66,55,55,40,130,57,62,42,301,115,529,85,221,55,765,114,38,242,329,76,81,72,111,135,251,110,140,43,17,36,56,24,36,108,116,20,26,24,53,35,220,269,82,424,58,58,34,167,39,60,234,57,58,109,71,250,60,37,236,239,108,221,36,40,73,163,54,109,235,47,728,54,79,84,37,122,110,61,118,21,334,55,117,40,460,56,116,107,266,39,231,31,107,42,291,103,424,81,500,17,4,155,58,59,229,186,74,57,106,77,240,643,55,120,113,43,71,60,83,112,40,53,153,55,85,51,88,128,35,114,112,20,257,466,48,170,61,106,109,129,54,166,118,35,119,126,232,241,39,22,124,41,109,55,58,35,58,49,258,69,263,421,121,314,184,83,312,34,299,451,162,344,329,413,80,225,146,50,99,115,115,57,422,119,217,41,33,115,194,75,111,117,235,55,54,298,107,20,355,274,56,69,37,25,114,41,372,56,83,258,32,358,145,56,348,19,115,58,301,39,36,214,405,261,481,115,504,233,325,431,57,117,220,279,33,252,449,100,352,58,60,131,21,69,261,69,355,110,81,24,22,331,64,53,39,345,684,76,236,38,328,107,659,145,19,380,79,58,106,78,141,57,262,58,108,55,81
2026-05-22,128,301,86,273,65,125,41,260,177,39,816,194,67,51,34,53,156,67,251,440,21,40,31,352,64,456,250,15,448,97,118,804,51,683,160,278,173,64,88,68,53,42,129,304,48,64,80,271,49,128,52,136,48,81,361,129,128,623,63,84,92,583,21,314,125,64,99,253,52,124,49,55,87,49,62,116,62,52,25,529,255,167,63,66,106,49,98,133,89,124,65,132,69,66,123,98,567,129,63,28,161,778,52,51,69,270,128,418,85,206,43,61,52,53,69,36,87,66,63,48,53,50,469,48,97,25,67,142,265,126,63,570,61,177,52,198,65,16,66,346,210,64,51,22,131,269,16,29,27,67,26,150,315,62,37,49,98,64,367,34,42,93,28,62,467,208,96,131,127,297,68,125,44,47,381,136,39,76,27,66,48,415,236,66,402,12,300,130,61,334,190,16,411,187,267,60,746,100,280,99,56,192,223,282,109,391,46,378,94,68,47,21,52,121,633,705,50,34,63,126,737,681,67,21,259,29,12,177,128,41,52,82,105,364,126,135,317,50,84,82,49,477,203,50,231,58,75,27,589,15,51,130,33,96,65,126,100,135,94,484,190,356,276,44,596,108,110,131,64,238,132,760,130,61,124,65,46,50,64,123,634,832,65,86,52,139,67,42,257,49,355,123,210,515,63,124,43,11,49,48,68,181,131,65,43,86,63,15,54,794,27,394,832,25,245,661,50,125,48,138,26,133,61,61,61,67,50,159,65,60,46,370,103,630,96,251,62,841,129,40,260,393,94,100,80,130,142,299,133,158,53,15,42,62,32,40,125,123,27,31,34,51,40,236,288,96,501,64,60,29,157,36,63,282,67,69,128,89,298,65,42,291,256,105,250,36,45,75,186,63,123,278,69,739,51,86,98,41,132,128,62,126,27,357,52,134,44,482,58,136,103,359,55,222,34,106,54,363,109,502,95,580,14,11,179,63,73,272,242,81,66,124,92,294,834,64,133,128,54,88,60,96,134,49,54,141,63,102,61,109,160,38,131,130,22,303,517,67,247,63,103,127,177,52,224,130,31,126,154,269,286,54,27,167,45,116,64,64,32,67,45,290,78,277,449,119,341,241,97,336,32,343,442,224,375,364,387,100,257,175,55,139,135,126,67,458,132,243,51,30,124,245,84,133,128,220,64,53,357,103,27,409,325,69,63,39,36,129,49,464,68,122,314,32,394,224,67,364,27,107,64,293,36,41,212,452,292,570,126,520,276,371,410,62,131,244,380,30,302,498,126,408,63,64,158,26,74,307,60,433,127,119,33,26,346,64,64,42,406,726,83,249,41,393,104,689,152,22,441,99,66,127,90,169,61,264,64,101,61,98
2026-05-23,0,0,0,0,0,0,0,0,0,0,0,0,0,0,0,0,0,0,0,0,0,0,0,0,0,0,0,0,0,0,0,0,0,0,0,0,0,0,0,0,0,0,0,0,0,0,0,0,0,0,0,0,0,0,0,0,0,0,0,0,0,0,0,0,0,0,0,0,0,0,0,0,0,0,0,0,0,0,0,0,0,0,0,0,0,0,0,0,0,0,0,0,0,0,0,0,0,0,0,0,0,0,0,0,0,0,0,0,0,0,0,0,0,0,0,0,0,0,0,0,0,0,0,0,0,0,0,0,0,0,0,0,0,0,0,0,0,0,0,0,0,0,0,0,0,0,0,0,0,0,0,0,0,0,0,0,0,0,0,0,0,0,0,0,0,0,0,0,0,0,0,0,0,0,0,0,0,0,0,0,0,0,0,0,0,0,0,0,0,0,0,0,0,0,0,0,0,0,0,0,0,0,0,0,0,0,0,0,0,0,0,0,0,0,0,0,0,0,0,0,0,0,0,0,0,0,0,0,0,0,0,0,0,0,0,0,0,0,0,0,0,0,0,0,0,0,0,0,0,0,0,0,0,0,0,0,0,0,0,0,0,0,0,0,0,0,0,0,0,0,0,0,0,0,0,0,0,0,0,0,0,0,0,0,0,0,0,0,0,0,0,0,0,0,0,0,0,0,0,0,0,0,0,0,0,0,0,0,0,0,0,0,0,0,0,0,0,0,0,0,0,0,0,0,0,0,0,0,0,0,0,0,0,0,0,0,0,0,0,0,0,0,0,0,0,0,0,0,0,0,0,0,0,0,0,0,0,0,0,0,0,0,0,0,0,0,0,0,0,0,0,0,0,0,0,0,0,0,0,0,0,0,0,0,0,0,0,0,0,0,0,0,0,0,0,0,0,0,0,0,0,0,0,0,0,0,0,0,0,0,0,0,0,0,0,0,0,0,0,0,0,0,0,0,0,0,0,0,0,0,0,0,0,0,0,0,0,0,0,0,0,0,0,0,0,0,0,0,0,0,0,0,0,0,0,0,0,0,0,0,0,0,0,0,0,0,0,0,0,0,0,0,0,0,0,0,0,0,0,0,0,0,0,0,0,0,0,0,0,0,0,0,0,0,0,0,0,0,0,0,0,0,0,0,0,0,0,0,0,0,0,0,0,0,0,0,0,0,0,0,0,0,0,0,0,0,0,0,0,0,0,0,0,0,0,0,0,0,0,0,0,0,0,0,0,0,0,0,0,0,0,0,0,0,0,0,0,0,0,0,0,0,0,0,0,0,0,0,0,0,0,0,0,0,0,0,0,0,0,0,0,0,0,0,0,0,0,0,0,0,0,0,0,0,0,0,0,0,0,0
2026-05-24,0,0,0,0,0,0,0,0,0,0,0,0,0,0,0,0,0,0,0,0,0,0,0,0,0,0,0,0,0,0,0,0,0,0,0,0,0,0,0,0,0,0,0,0,0,0,0,0,0,0,0,0,0,0,0,0,0,0,0,0,0,0,0,0,0,0,0,0,0,0,0,0,0,0,0,0,0,0,0,0,0,0,0,0,0,0,0,0,0,0,0,0,0,0,0,0,0,0,0,0,0,0,0,0,0,0,0,0,0,0,0,0,0,0,0,0,0,0,0,0,0,0,0,0,0,0,0,0,0,0,0,0,0,0,0,0,0,0,0,0,0,0,0,0,0,0,0,0,0,0,0,0,0,0,0,0,0,0,0,0,0,0,0,0,0,0,0,0,0,0,0,0,0,0,0,0,0,0,0,0,0,0,0,0,0,0,0,0,0,0,0,0,0,0,0,0,0,0,0,0,0,0,0,0,0,0,0,0,0,0,0,0,0,0,0,0,0,0,0,0,0,0,0,0,0,0,0,0,0,0,0,0,0,0,0,0,0,0,0,0,0,0,0,0,0,0,0,0,0,0,0,0,0,0,0,0,0,0,0,0,0,0,0,0,0,0,0,0,0,0,0,0,0,0,0,0,0,0,0,0,0,0,0,0,0,0,0,0,0,0,0,0,0,0,0,0,0,0,0,0,0,0,0,0,0,0,0,0,0,0,0,0,0,0,0,0,0,0,0,0,0,0,0,0,0,0,0,0,0,0,0,0,0,0,0,0,0,0,0,0,0,0,0,0,0,0,0,0,0,0,0,0,0,0,0,0,0,0,0,0,0,0,0,0,0,0,0,0,0,0,0,0,0,0,0,0,0,0,0,0,0,0,0,0,0,0,0,0,0,0,0,0,0,0,0,0,0,0,0,0,0,0,0,0,0,0,0,0,0,0,0,0,0,0,0,0,0,0,0,0,0,0,0,0,0,0,0,0,0,0,0,0,0,0,0,0,0,0,0,0,0,0,0,0,0,0,0,0,0,0,0,0,0,0,0,0,0,0,0,0,0,0,0,0,0,0,0,0,0,0,0,0,0,0,0,0,0,0,0,0,0,0,0,0,0,0,0,0,0,0,0,0,0,0,0,0,0,0,0,0,0,0,0,0,0,0,0,0,0,0,0,0,0,0,0,0,0,0,0,0,0,0,0,0,0,0,0,0,0,0,0,0,0,0,0,0,0,0,0,0,0,0,0,0,0,0,0,0,0,0,0,0,0,0,0,0,0,0,0,0,0,0,0,0,0,0,0,0,0,0,0,0,0,0,0,0,0,0,0,0,0,0,0,0,0,0,0,0,0,0,0,0,0,0,0,0,0,0,0,0
2026-05-25,102,171,60,131,48,101,34,210,160,19,621,169,51,48,24,43,43,51,204,430,15,28,27,332,51,440,166,4,357,56,97,710,42,683,159,212,133,46,71,50,42,35,102,235,46,48,65,235,29,104,40,102,45,69,265,100,102,342,51,73,49,429,18,258,102,50,117,219,43,98,28,44,72,29,51,96,52,40,14,417,201,79,49,53,78,30,91,97,72,106,50,98,51,46,104,56,336,101,52,12,102,559,42,40,50,151,105,297,70,290,30,49,41,27,36,19,71,50,54,26,39,44,414,27,96,31,47,101,249,101,49,576,53,141,41,194,48,22,50,329,181,46,27,18,104,203,21,32,12,48,13,76,163,46,19,49,84,50,259,22,34,55,32,52,373,127,56,102,104,228,52,96,33,28,322,91,36,63,13,50,29,296,198,48,321,9,274,100,50,267,172,21,298,158,213,50,559,84,203,101,43,112,168,219,156,368,27,284,93,51,28,18,41,95,466,582,26,23,47,107,557,505,52,15,194,25,9,89,100,34,27,68,82,296,101,99,239,27,68,59,28,347,114,30,181,46,38,14,442,4,41,102,43,90,47,104,60,100,57,242,117,314,204,35,495,81,85,102,46,184,95,592,102,50,97,49,28,27,48,56,552,631,50,69,41,77,52,33,176,47,347,99,223,392,48,102,36,9,29,46,50,146,100,47,34,71,49,4,61,680,32,400,649,31,191,591,46,102,29,112,13,94,50,48,50,52,26,91,48,16,28,320,27,587,90,209,51,638,95,35,203,309,44,92,71,104,119,240,104,136,25,4,33,52,25,35,99,103,32,25,22,41,39,222,215,57,414,51,50,8,93,20,49,151,47,49,100,49,175,50,36,281,231,84,205,19,46,76,147,51,100,218,49,611,41,59,56,34,96,96,51,104,13,301,41,96,29,396,50,96,85,255,61,184,43,83,26,255,159,386,58,429,4,9,164,50,51,199,277,70,53,102,92,168,591,51,98,106,63,68,49,57,96,48,39,118,49,89,50,123,146,37,104,97,15,296,424,49,167,51,86,99,198,41,158,101,28,99,88,206,173,60,13,161,28,98,54,48,27,50,12,211,40,214,348,106,338,186,58,273,26,269,372,157,319,206,319,91,210,165,43,92,102,99,52,274,97,210,49,27,97,138,76,100,100,163,49,40,197,82,32,315,197,49,53,36,24,98,25,417,49,131,197,40,340,162,52,273,32,99,49,228,20,34,164,347,192,427,101,448,183,296,303,51,105,196,434,26,235,416,148,316,49,52,73,14,38,236,15,349,103,93,23,13,268,84,50,36,303,574,70,135,37,198,79,556,97,15,332,93,51,100,59,94,51,192,51,86,51,87
2026-05-26,110,273,90,261,57,111,36,243,133,36,693,164,59,43,29,47,149,56,222,367,22,44,26,292,57,405,190,15,385,89,118,674,51,588,137,231,143,56,72,57,50,33,111,297,40,57,72,257,46,122,48,110,41,67,280,112,115,565,56,65,76,516,15,306,112,55,73,213,49,109,45,50,66,45,56,118,62,48,21,482,232,168,53,43,94,44,91,110,66,108,57,119,56,56,117,88,541,109,56,23,159,712,47,48,56,262,111,415,72,153,42,58,50,42,73,35,71,53,51,44,50,39,397,43,78,18,54,112,224,111,51,489,59,185,48,188,53,11,53,282,183,57,44,14,115,224,12,21,21,57,23,152,304,57,36,40,96,54,327,30,33,91,18,56,408,206,92,114,117,255,54,115,35,45,312,112,34,49,24,59,43,357,234,56,346,7,221,108,58,311,165,12,361,169,240,53,638,82,238,83,49,173,213,273,87,328,47,313,80,57,47,13,48,109,597,612,46,30,56,116,646,552,58,23,225,28,7,161,106,34,44,72,103,342,110,102,273,45,66,84,44,390,199,44,220,36,75,23,548,16,47,103,24,84,56,110,89,111,87,496,174,309,244,32,441,99,106,109,56,212,110,712,106,59,111,52,46,44,56,100,576,710,54,70,48,115,58,36,242,42,320,118,183,428,57,107,31,7,41,38,56,142,117,56,34,69,56,15,36,758,18,357,706,18,211,533,44,114,46,88,22,110,57,54,53,56,42,136,55,61,45,312,108,499,81,213,57,709,112,32,232,322,81,86,61,107,124,254,112,143,44,14,34,59,28,34,113,108,19,30,29,51,34,183,272,90,430,58,58,32,171,38,56,242,57,53,119,73,285,58,34,244,213,101,223,39,41,65,163,58,111,237,56,653,50,83,86,35,112,108,57,119,22,326,48,118,45,423,54,112,93,319,39,213,26,106,44,293,83,412,85,506,15,7,155,59,58,248,172,66,58,112,79,280,684,55,112,109,38,68,55,84,112,41,51,126,53,85,59,84,135,32,111,115,22,265,468,55,197,57,96,116,122,49,188,116,28,115,134,199,267,40,22,134,43,93,56,57,29,56,43,250,75,236,444,117,301,177,90,312,26,311,361,198,352,346,395,78,229,137,48,121,109,113,58,404,115,215,40,27,120,219,70,118,120,207,56,50,324,98,19,349,297,57,54,34,29,116,47,380,55,88,295,24,309,192,56,313,19,94,57,281,37,32,211,404,282,461,104,455,238,335,406,56,119,238,263,27,245,421,87,321,55,54,132,21,76,261,61,362,111,101,29,22,284,47,59,34,364,639,68,251,35,327,97,633,142,22,390,80,55,104,91,158,54,239,56,106,58,85
2026-05-27,98,223,64,192,50,98,34,195,131,28,560,149,49,35,25,41,119,46,195,356,16,33,25,251,53,349,167,12,345,79,102,616,41,527,124,217,135,49,64,51,41,33,100,249,38,51,70,229,35,100,42,98,38,61,264,100,101,431,51,67,63,453,15,254,94,51,74,204,38,98,35,43,67,37,49,96,49,41,19,416,217,123,49,46,82,36,72,98,65,96,50,100,52,50,99,72,445,101,50,20,123,575,42,41,48,216,97,330,68,166,34,46,41,40,52,28,61,49,50,35,43,37,355,35,78,22,50,93,203,101,49,422,51,155,38,157,47,13,47,256,172,49,38,18,98,207,13,21,20,51,19,113,249,46,27,37,82,49,280,25,33,70,21,49,367,177,77,102,94,223,50,99,32,36,314,100,32,57,19,50,39,313,186,48,313,8,233,106,48,247,162,13,299,139,205,48,622,73,209,72,39,152,174,217,92,307,36,291,75,49,37,16,38,93,475,535,39,24,47,99,558,522,48,16,200,25,8,139,98,34,40,67,79,298,100,99,233,38,64,66,35,363,151,37,177,38,56,20,417,12,41,100,27,74,48,99,71,102,65,375,150,274,218,33,401,84,81,99,49,173,98,601,101,48,94,48,34,34,49,93,534,626,45,67,42,118,48,34,178,40,267,93,159,392,51,95,34,8,36,39,50,153,97,48,32,62,47,12,41,667,21,304,623,21,188,454,39,94,36,99,20,97,48,49,50,50,37,112,49,49,35,254,88,469,80,179,47,655,103,33,198,271,74,69,67,97,107,210,102,116,39,12,34,52,25,28,98,99,21,24,26,42,29,195,226,70,382,50,49,25,128,28,50,197,45,48,95,66,211,50,31,224,221,82,182,28,37,59,153,47,104,224,47,616,43,67,71,31,96,98,52,97,21,267,41,99,32,373,49,105,85,266,40,183,27,78,39,271,92,370,75,450,13,8,147,46,51,204,191,66,46,99,73,210,600,48,102,91,42,68,52,72,94,38,40,118,45,73,47,96,135,31,106,98,15,207,388,49,182,49,82,100,134,41,165,96,26,101,113,210,222,42,20,126,33,91,51,44,24,50,36,230,58,224,383,95,273,180,69,257,25,282,337,159,303,288,320,75,202,135,38,91,99,104,52,359,95,187,36,27,103,184,65,101,87,185,47,41,243,81,20,304,235,49,49,28,24,99,36,333,49,96,236,26,321,155,49,297,22,91,50,231,27,32,170,355,199,414,101,400,197,304,330,47,98,189,277,26,223,399,96,302,45,49,132,20,54,224,48,310,96,79,26,20,283,51,48,33,306,545,64,178,32,281,85,536,132,16,304,75,49,92,75,124,50,213,49,85,51,74
2026-05-28,96,209,74,184,48,95,28,205,134,26,540,141,47,35,24,42,84,47,172,351,18,36,22,255,47,358,164,9,301,68,94,587,39,520,112,191,114,46,52,45,41,27,94,244,35,45,58,205,32,92,39,96,36,57,231,88,94,445,47,56,51,420,12,245,91,42,68,187,39,83,32,39,57,34,47,93,49,39,16,394,200,109,45,35,80,32,75,96,56,92,44,95,45,46,90,65,436,95,47,15,118,583,39,39,46,197,91,314,54,173,36,46,38,28,53,27,55,45,43,36,37,37,356,32,80,18,47,90,178,94,50,443,41,142,41,174,44,13,46,261,143,47,33,12,96,192,13,19,14,49,14,112,227,48,27,38,80,46,274,25,26,68,20,45,360,157,66,95,96,198,46,96,29,34,288,93,29,43,14,45,34,282,186,46,284,6,209,92,45,246,151,13,299,151,195,47,554,71,203,73,40,130,168,213,95,313,35,247,78,49,33,11,40,95,457,542,30,24,48,94,535,488,46,18,188,23,6,104,88,30,30,56,75,279,89,93,230,33,57,71,32,311,146,35,166,31,55,15,444,9,40,91,26,75,48,95,66,90,73,356,133,278,197,29,405,78,81,86,45,180,94,573,91,45,86,47,34,33,46,71,510,577,43,56,40,80,45,28,184,35,292,94,167,370,47,87,28,6,33,37,49,127,94,46,27,60,43,9,38,545,19,311,612,19,169,500,38,95,33,70,15,95,44,44,43,46,35,103,45,37,34,274,68,468,76,181,46,614,94,27,196,280,53,70,55,90,110,201,97,131,26,9,29,47,26,31,89,90,18,25,22,40,29,167,210,69,345,46,51,18,136,27,46,201,48,47,91,52,198,48,26,220,179,85,186,27,40,61,120,48,88,205,46,553,40,68,63,27,95,87,45,90,16,272,39,90,37,343,44,90,78,257,38,176,28,81,30,235,88,322,66,418,9,6,143,47,45,192,181,59,45,96,73,197,574,46,91,94,38,58,43,66,92,37,41,100,45,68,49,87,125,29,83,89,18,234,377,48,169,45,81,96,114,40,170,96,22,94,100,170,198,37,14,127,33,77,44,48,22,47,26,210,54,211,349,93,277,153,64,241,22,256,307,157,303,253,318,73,181,119,41,96,97,95,47,308,95,180,35,23,93,168,53,88,93,171,49,39,230,83,18,274,243,42,44,32,25,95,33,318,46,83,217,25,277,155,48,274,19,84,47,223,27,29,165,310,238,371,91,380,185,277,314,44,90,188,280,21,205,355,90,278,46,45,93,15,53,215,35,291,92,82,24,15,228,54,46,28,283,535,58,173,27,256,78,483,111,18,329,73,44,97,66,115,43,187,45,81,48,71
2026-05-29,111,236,85,205,54,110,35,233,152,31,685,165,52,45,26,50,100,54,210,425,20,42,27,313,54,435,196,10,391,74,112,668,48,604,150,232,131,55,69,57,49,33,108,297,47,50,69,238,36,105,50,111,46,69,294,110,104,471,54,68,56,520,13,311,113,59,99,222,51,111,34,51,65,39,54,119,54,50,17,488,221,138,54,35,96,36,94,107,70,112,57,109,55,56,110,74,458,107,58,16,136,687,47,49,55,204,108,413,67,238,41,57,46,34,60,30,70,56,54,35,49,43,427,40,90,24,54,111,216,107,54,561,60,193,49,193,54,17,52,334,171,55,33,12,111,233,18,23,16,50,16,128,263,54,32,46,94,57,350,26,33,77,24,54,434,180,75,104,107,240,55,109,35,35,348,112,36,44,16,58,37,347,241,54,349,6,270,113,55,323,192,19,324,186,226,55,596,92,245,88,51,145,196,242,123,344,39,327,89,54,37,12,50,104,566,611,31,27,57,107,620,585,54,21,224,30,6,111,108,35,33,64,94,344,111,109,274,39,73,82,36,391,164,36,207,31,56,16,544,9,51,110,37,86,54,114,78,110,75,420,145,318,240,33,523,99,103,107,54,222,110,728,117,53,107,53,37,38,55,75,584,762,55,66,48,88,58,36,232,47,334,118,210,427,54,112,34,6,38,48,58,150,108,53,34,64,54,10,45,695,25,390,680,25,215,583,45,112,38,74,17,109,55,56,54,55,36,124,57,41,39,323,71,577,87,204,54,730,107,32,222,344,57,92,72,110,138,239,110,161,32,11,34,56,28,42,112,109,24,27,27,49,40,206,239,70,448,56,56,20,152,33,61,202,56,55,108,53,242,55,32,283,223,94,220,30,47,73,156,54,110,234,56,656,45,82,73,33,114,112,56,112,16,330,49,113,43,423,54,104,98,281,49,228,36,97,32,285,122,430,76,505,10,6,171,56,55,219,225,65,56,107,90,238,693,55,104,103,48,65,55,75,113,46,50,132,59,92,59,99,148,39,110,111,21,287,438,58,201,54,97,115,149,48,181,111,27,112,115,213,207,49,15,145,39,101,56,54,28,61,31,246,59,247,411,112,331,195,74,295,26,324,389,196,359,280,380,84,228,134,49,109,107,111,59,360,111,201,43,28,116,186,70,104,115,200,56,49,262,99,24,356,279,55,53,37,27,108,36,407,59,101,250,34,325,164,59,327,25,100,58,269,32,35,205,365,274,470,110,479,225,327,379,57,109,220,348,28,264,410,113,337,56,53,101,17,59,254,41,353,110,90,26,16,282,70,55,34,350,629,69,204,35,275,102,610,127,21,377,87,56,111,78,123,54,237,55,94,52,93
2026-05-30,0,0,0,0,0,0,0,0,0,0,0,0,0,0,0,0,0,0,0,0,0,0,0,0,0,0,0,0,0,0,0,0,0,0,0,0,0,0,0,0,0,0,0,0,0,0,0,0,0,0,0,0,0,0,0,0,0,0,0,0,0,0,0,0,0,0,0,0,0,0,0,0,0,0,0,0,0,0,0,0,0,0,0,0,0,0,0,0,0,0,0,0,0,0,0,0,0,0,0,0,0,0,0,0,0,0,0,0,0,0,0,0,0,0,0,0,0,0,0,0,0,0,0,0,0,0,0,0,0,0,0,0,0,0,0,0,0,0,0,0,0,0,0,0,0,0,0,0,0,0,0,0,0,0,0,0,0,0,0,0,0,0,0,0,0,0,0,0,0,0,0,0,0,0,0,0,0,0,0,0,0,0,0,0,0,0,0,0,0,0,0,0,0,0,0,0,0,0,0,0,0,0,0,0,0,0,0,0,0,0,0,0,0,0,0,0,0,0,0,0,0,0,0,0,0,0,0,0,0,0,0,0,0,0,0,0,0,0,0,0,0,0,0,0,0,0,0,0,0,0,0,0,0,0,0,0,0,0,0,0,0,0,0,0,0,0,0,0,0,0,0,0,0,0,0,0,0,0,0,0,0,0,0,0,0,0,0,0,0,0,0,0,0,0,0,0,0,0,0,0,0,0,0,0,0,0,0,0,0,0,0,0,0,0,0,0,0,0,0,0,0,0,0,0,0,0,0,0,0,0,0,0,0,0,0,0,0,0,0,0,0,0,0,0,0,0,0,0,0,0,0,0,0,0,0,0,0,0,0,0,0,0,0,0,0,0,0,0,0,0,0,0,0,0,0,0,0,0,0,0,0,0,0,0,0,0,0,0,0,0,0,0,0,0,0,0,0,0,0,0,0,0,0,0,0,0,0,0,0,0,0,0,0,0,0,0,0,0,0,0,0,0,0,0,0,0,0,0,0,0,0,0,0,0,0,0,0,0,0,0,0,0,0,0,0,0,0,0,0,0,0,0,0,0,0,0,0,0,0,0,0,0,0,0,0,0,0,0,0,0,0,0,0,0,0,0,0,0,0,0,0,0,0,0,0,0,0,0,0,0,0,0,0,0,0,0,0,0,0,0,0,0,0,0,0,0,0,0,0,0,0,0,0,0,0,0,0,0,0,0,0,0,0,0,0,0,0,0,0,0,0,0,0,0,0,0,0,0,0,0,0,0,0,0,0,0,0,0,0,0,0,0,0,0,0,0,0,0,0,0,0,0,0,0,0,0,0,0,0,0,0,0,0,0,0,0,0,0,0,0,0,0,0,0,0,0,0,0,0,0,0,0,0,0,0,0,0,0,0,0
2026-05-31,0,0,0,0,0,0,0,0,0,0,0,0,0,0,0,0,0,0,0,0,0,0,0,0,0,0,0,0,0,0,0,0,0,0,0,0,0,0,0,0,0,0,0,0,0,0,0,0,0,0,0,0,0,0,0,0,0,0,0,0,0,0,0,0,0,0,0,0,0,0,0,0,0,0,0,0,0,0,0,0,0,0,0,0,0,0,0,0,0,0,0,0,0,0,0,0,0,0,0,0,0,0,0,0,0,0,0,0,0,0,0,0,0,0,0,0,0,0,0,0,0,0,0,0,0,0,0,0,0,0,0,0,0,0,0,0,0,0,0,0,0,0,0,0,0,0,0,0,0,0,0,0,0,0,0,0,0,0,0,0,0,0,0,0,0,0,0,0,0,0,0,0,0,0,0,0,0,0,0,0,0,0,0,0,0,0,0,0,0,0,0,0,0,0,0,0,0,0,0,0,0,0,0,0,0,0,0,0,0,0,0,0,0,0,0,0,0,0,0,0,0,0,0,0,0,0,0,0,0,0,0,0,0,0,0,0,0,0,0,0,0,0,0,0,0,0,0,0,0,0,0,0,0,0,0,0,0,0,0,0,0,0,0,0,0,0,0,0,0,0,0,0,0,0,0,0,0,0,0,0,0,0,0,0,0,0,0,0,0,0,0,0,0,0,0,0,0,0,0,0,0,0,0,0,0,0,0,0,0,0,0,0,0,0,0,0,0,0,0,0,0,0,0,0,0,0,0,0,0,0,0,0,0,0,0,0,0,0,0,0,0,0,0,0,0,0,0,0,0,0,0,0,0,0,0,0,0,0,0,0,0,0,0,0,0,0,0,0,0,0,0,0,0,0,0,0,0,0,0,0,0,0,0,0,0,0,0,0,0,0,0,0,0,0,0,0,0,0,0,0,0,0,0,0,0,0,0,0,0,0,0,0,0,0,0,0,0,0,0,0,0,0,0,0,0,0,0,0,0,0,0,0,0,0,0,0,0,0,0,0,0,0,0,0,0,0,0,0,0,0,0,0,0,0,0,0,0,0,0,0,0,0,0,0,0,0,0,0,0,0,0,0,0,0,0,0,0,0,0,0,0,0,0,0,0,0,0,0,0,0,0,0,0,0,0,0,0,0,0,0,0,0,0,0,0,0,0,0,0,0,0,0,0,0,0,0,0,0,0,0,0,0,0,0,0,0,0,0,0,0,0,0,0,0,0,0,0,0,0,0,0,0,0,0,0,0,0,0,0,0,0,0,0,0,0,0,0,0,0,0,0,0,0,0,0,0,0,0,0,0,0,0,0,0,0,0,0,0,0,0,0,0,0,0,0,0,0,0,0,0,0,0,0,0,0,0,0,0,0,0
2026-06-01,124,264,68,203,64,119,46,260,164,28,724,186,62,47,30,43,116,57,234,405,16,31,29,359,58,409,223,12,451,84,129,771,44,658,157,270,185,60,88,60,45,44,119,257,47,62,88,261,44,122,42,118,49,85,295,116,120,508,62,89,104,502,32,279,112,58,114,279,42,118,45,45,93,45,63,117,61,43,27,508,249,120,62,96,88,44,102,121,88,122,60,115,63,61,120,89,476,123,61,27,147,700,45,45,61,254,113,353,91,225,32,61,44,56,54,27,89,59,57,46,43,49,480,43,97,31,57,123,277,118,60,582,55,155,45,212,57,17,57,259,214,59,54,33,121,250,15,32,28,58,29,107,239,63,29,46,90,60,293,29,46,88,32,61,371,198,87,124,119,297,60,115,44,44,384,111,43,109,27,62,44,375,212,61,364,15,304,119,59,291,189,16,376,181,271,60,732,98,265,95,47,176,213,271,120,381,43,341,98,59,43,32,44,116,497,678,56,29,60,125,668,601,62,16,241,29,16,194,126,42,56,87,88,355,123,119,280,44,89,64,45,410,189,45,228,77,57,30,453,12,41,118,31,100,62,122,88,122,95,366,171,324,258,41,538,91,93,117,61,198,128,636,116,61,114,61,43,45,60,130,649,826,63,85,46,162,61,48,209,46,371,121,179,476,57,126,44,15,45,46,61,192,125,63,45,90,63,12,61,797,34,406,771,31,233,638,48,122,46,179,27,110,59,60,61,57,45,154,62,47,45,364,82,582,98,231,59,877,120,47,256,348,90,93,84,118,111,271,125,133,56,12,40,59,32,32,121,123,32,32,33,48,32,258,273,83,457,62,59,24,125,30,62,250,57,61,124,96,270,62,44,315,264,87,234,27,48,59,202,61,113,262,65,745,44,66,83,47,118,120,59,113,29,337,43,119,32,488,62,118,84,381,65,180,31,85,60,342,114,467,91,488,12,17,166,61,56,262,275,86,58,123,96,254,702,57,118,116,64,87,60,89,116,47,46,122,58,97,58,149,165,33,126,117,16,292,497,66,227,59,90,124,215,44,235,127,30,116,158,264,284,67,28,166,44,107,57,59,28,59,37,269,57,264,385,121,349,236,89,327,29,345,397,221,376,322,334,97,248,182,44,130,116,117,61,408,119,227,45,27,120,230,88,122,121,179,60,44,310,83,32,364,227,61,57,34,32,126,44,420,61,139,286,34,449,235,59,352,33,96,61,247,29,46,182,394,210,472,130,473,252,358,342,57,124,238,444,30,275,466,146,384,55,56,159,28,53,268,51,379,119,123,31,28,344,67,58,45,376,641,85,188,44,323,89,605,156,16,394,99,56,122,87,144,59,238,61,89,59,105
2026-06-02,126,271,83,243,61,122,43,270,175,35,746,190,65,47,31,55,143,65,249,484,21,40,34,380,63,476,217,15,442,88,131,804,54,662,172,268,178,65,86,63,55,44,131,320,48,65,84,281,43,127,55,128,48,91,342,130,127,565,64,83,78,568,17,345,137,65,103,282,54,133,44,52,91,47,65,125,66,54,23,502,264,161,65,57,113,39,100,125,83,130,65,123,63,62,133,91,514,129,62,23,161,745,54,55,62,243,132,416,87,262,43,65,58,48,70,33,87,63,68,42,55,52,485,45,101,28,61,135,279,123,61,623,68,193,53,218,65,20,66,337,203,65,46,18,122,280,19,30,24,60,22,142,304,59,33,50,112,68,401,30,44,88,29,63,484,203,86,132,129,279,63,128,42,43,405,120,43,62,22,64,43,416,246,62,415,9,299,122,64,346,222,21,375,206,267,64,804,99,265,100,54,172,238,321,134,394,43,355,101,69,45,17,54,127,620,710,47,31,61,131,690,671,65,21,269,33,9,163,131,43,49,87,110,414,129,137,309,47,87,83,45,470,194,45,242,42,75,22,589,13,53,125,42,107,65,128,88,128,85,451,176,383,276,46,556,111,107,134,64,242,136,773,122,64,132,66,45,45,63,110,689,833,62,91,54,121,65,43,259,52,380,123,224,524,63,124,42,9,46,49,68,199,126,62,43,85,59,15,55,810,30,410,828,30,247,618,54,125,46,112,23,126,65,70,67,60,45,148,64,54,45,378,94,667,99,236,65,864,134,43,272,398,83,106,88,124,143,300,131,155,47,14,42,62,30,40,130,129,30,30,30,54,42,250,286,88,489,63,61,28,162,34,62,247,63,64,119,78,266,64,41,291,268,104,253,35,50,85,193,62,131,279,59,845,51,83,86,42,129,129,62,132,24,378,55,130,41,479,62,127,110,337,55,239,39,108,47,355,137,477,94,582,13,9,193,62,64,258,264,86,70,130,102,269,748,66,122,121,55,83,61,87,130,51,57,157,64,100,58,127,168,41,133,121,22,289,529,62,219,62,108,131,183,59,198,123,32,124,140,266,264,54,23,165,43,121,64,64,35,67,43,292,68,289,484,128,377,227,83,335,34,358,459,211,399,339,427,101,251,186,58,117,136,132,69,407,134,234,53,34,130,221,89,129,126,240,67,56,318,106,28,397,300,64,66,39,29,133,44,453,64,127,294,40,385,187,65,376,29,115,62,312,34,43,237,453,265,547,126,559,267,368,435,63,134,246,391,33,306,501,137,401,65,61,143,23,69,297,58,412,130,107,30,22,342,74,64,42,405,732,86,236,42,337,111,670,163,21,426,102,63,123,88,147,61,262,60,106,62,99
2026-06-03,121,294,93,252,63,124,39,249,161,37,721,183,60,51,34,50,115,62,235,446,24,44,29,346,61,436,240,12,402,97,126,751,55,637,164,254,147,61,77,60,51,39,125,319,49,61,76,270,50,119,51,124,49,79,315,121,128,582,58,77,75,519,21,320,131,58,97,228,53,131,43,54,79,44,60,113,61,54,22,485,261,150,64,63,102,44,102,117,72,122,61,128,62,64,125,86,544,117,62,22,148,738,53,55,60,261,110,398,73,204,44,59,52,44,68,33,76,63,55,44,52,49,466,45,101,27,64,125,222,121,59,579,54,192,48,214,63,15,56,329,184,60,43,20,128,247,16,25,22,59,23,136,324,60,36,52,106,63,330,32,36,95,26,62,457,209,91,119,123,280,57,122,39,47,377,117,39,70,22,59,44,345,237,62,407,10,262,125,60,326,184,17,384,191,253,62,741,100,261,104,50,186,200,296,118,403,43,347,99,62,46,20,49,126,608,708,44,33,61,116,686,643,62,23,244,29,10,153,124,35,45,73,101,364,119,120,294,46,78,96,45,400,192,47,245,50,68,23,595,12,53,119,33,97,60,122,89,121,93,436,181,352,256,36,513,101,109,119,64,227,134,741,122,61,121,63,46,42,62,95,696,797,63,76,50,122,59,37,233,53,372,125,205,495,58,127,38,10,45,49,60,169,120,62,37,80,57,12,48,825,26,401,841,27,227,632,48,120,43,121,23,111,63,54,61,64,46,146,61,47,49,381,84,614,96,238,60,805,123,39,266,342,74,100,76,126,132,276,131,174,45,12,37,65,33,40,124,121,25,33,34,51,37,215,279,94,454,63,62,25,152,35,61,267,63,58,128,78,267,61,38,300,245,110,240,35,46,82,165,60,127,271,70,720,50,95,89,35,118,123,58,126,22,347,47,119,43,464,59,126,99,362,52,216,33,96,43,330,111,464,90,563,12,10,193,59,63,252,242,75,64,128,100,264,768,61,115,116,52,72,58,92,117,53,55,125,57,95,59,115,180,42,118,117,22,312,483,64,223,59,104,116,164,50,223,125,28,118,143,237,257,52,23,169,46,100,61,61,28,58,37,276,73,265,450,126,352,235,91,344,28,334,378,214,394,352,422,101,233,156,49,133,115,117,64,444,126,232,49,28,126,237,78,119,127,211,61,52,299,94,27,363,339,59,55,39,33,117,46,480,58,112,306,32,375,227,61,351,27,99,58,287,35,37,212,405,288,532,126,488,251,374,434,60,123,247,364,29,295,512,117,375,62,62,134,21,70,300,49,375,119,109,33,21,307,66,58,41,379,714,77,251,37,347,98,663,153,23,406,96,64,122,85,151,60,255,58,101,61,91
2026-06-04,106,221,57,233,55,106,37,238,136,33,652,136,53,37,20,50,155,52,202,376,14,30,33,257,56,376,149,16,378,74,103,634,44,540,137,229,157,57,77,56,49,41,109,290,38,55,77,235,35,108,49,105,40,80,293,113,106,485,54,81,66,511,12,297,112,53,86,246,49,101,39,46,77,37,53,106,54,44,23,470,230,143,51,36,94,36,79,106,77,108,54,104,54,53,113,72,445,109,55,23,128,621,47,47,56,208,133,383,77,227,30,51,50,44,64,31,71,54,65,36,49,40,367,40,74,23,54,106,260,108,57,463,67,182,50,164,53,17,54,257,198,53,44,12,110,235,17,22,22,55,22,133,272,54,29,38,94,55,350,22,40,77,23,56,434,169,70,104,103,252,53,103,38,35,320,104,41,42,22,53,39,338,218,53,326,6,292,109,52,313,210,18,309,144,221,57,605,74,246,73,51,142,189,240,117,327,36,290,74,53,36,12,48,101,618,597,46,21,56,110,682,554,53,15,230,34,6,153,107,40,44,81,91,321,107,110,259,37,71,58,36,492,170,36,214,30,64,22,498,15,48,99,33,73,52,111,77,110,74,407,145,309,249,40,414,97,90,107,58,207,106,639,104,54,106,54,37,35,55,110,603,716,51,78,49,111,52,41,230,36,293,107,178,434,51,107,40,6,36,36,52,168,105,54,40,76,54,16,46,686,22,309,714,23,203,492,38,113,36,74,22,104,53,66,53,54,39,115,55,65,36,281,121,477,75,200,51,706,102,37,234,298,83,76,74,116,104,234,105,133,45,15,40,55,21,33,118,110,23,21,21,48,30,232,238,72,398,54,57,30,132,34,55,211,54,53,110,70,227,54,39,222,249,93,198,32,38,63,176,51,106,229,41,645,48,59,72,41,105,114,51,105,22,328,49,115,30,404,56,103,101,223,45,216,34,94,45,282,116,405,73,464,15,6,150,53,53,226,209,79,56,112,75,215,616,51,113,102,46,78,56,74,103,39,47,156,52,77,53,94,120,33,101,104,14,225,401,42,148,57,92,110,150,47,146,101,32,102,113,235,223,50,23,122,37,111,55,55,32,58,48,231,61,240,419,105,281,198,75,279,34,293,418,143,356,288,396,76,225,144,44,80,107,112,57,359,110,202,39,36,107,176,81,113,109,208,58,46,273,90,21,352,208,53,62,33,20,109,37,349,51,98,231,32,383,133,51,305,22,109,53,288,31,41,192,368,213,470,101,461,226,316,373,54,106,200,328,33,247,436,109,315,54,55,134,22,63,242,65,349,108,77,21,23,350,65,52,41,330,657,77,201,39,295,95,623,137,15,351,80,54,104,77,125,52,229,53,95,53,71
2026-06-05,100,183,47,143,47,97,36,202,147,20,534,135,46,35,18,39,101,47,190,345,10,23,28,263,47,355,130,10,320,55,94,593,40,539,132,203,148,47,74,47,41,35,95,222,37,46,75,211,32,94,40,91,40,70,247,100,102,361,46,74,59,400,17,227,90,47,95,217,40,101,30,39,72,31,46,97,49,40,17,398,203,93,51,49,80,29,72,89,69,99,49,104,44,45,93,57,348,88,46,17,101,543,40,38,48,158,111,296,72,236,22,49,40,36,44,22,74,45,55,29,40,34,373,29,71,27,48,90,242,97,48,436,57,134,40,147,48,18,47,255,181,46,37,16,93,194,19,27,18,45,18,88,177,46,21,37,81,48,280,20,36,56,27,49,349,121,61,100,94,211,47,95,36,30,293,92,38,59,18,49,29,297,191,47,295,8,276,89,48,250,171,17,293,138,198,48,580,68,197,71,38,116,171,209,125,313,26,264,76,46,29,17,39,94,441,513,37,20,47,92,589,523,47,10,195,28,8,129,93,37,34,69,77,288,90,90,224,29,77,43,28,418,117,28,175,42,41,18,422,10,40,91,34,73,46,89,61,93,61,269,114,291,212,38,400,75,76,96,48,157,93,582,97,49,89,44,30,29,43,82,531,633,48,67,40,98,48,36,178,36,271,92,159,391,47,95,34,8,28,37,50,157,88,48,38,70,49,10,52,596,26,307,617,27,189,474,38,98,29,92,18,93,47,57,47,45,31,104,49,40,29,277,69,470,76,174,48,652,93,35,198,289,62,72,70,95,102,207,95,105,37,10,34,47,19,29,93,90,27,19,19,40,28,210,195,55,377,49,49,22,100,21,45,174,47,49,94,61,180,50,34,225,236,82,182,21,37,60,156,47,95,198,35,593,38,42,58,35,95,100,45,91,18,280,38,91,22,349,47,95,81,218,53,157,37,77,36,259,128,369,57,402,10,8,138,45,48,192,256,66,48,94,76,172,560,47,92,91,55,74,47,57,96,37,39,124,48,73,45,115,122,29,98,93,11,229,379,38,141,47,77,97,170,37,135,96,29,95,92,213,173,52,19,131,30,104,43,49,28,48,31,210,40,207,345,97,292,170,59,245,27,261,374,119,290,214,298,74,197,148,40,78,101,93,46,260,91,176,37,27,91,145,73,90,98,175,46,38,201,76,27,295,152,48,57,28,19,96,28,316,46,110,192,34,335,133,49,274,25,103,47,241,19,35,153,316,146,402,94,430,191,277,292,44,95,175,365,28,199,360,113,293,46,50,104,18,41,222,40,296,90,73,18,17,291,70,48,35,293,541,70,146,37,230,79,505,109,11,310,76,49,100,59,103,45,170,46,82,50,73
2026-06-06,0,0,0,0,0,0,0,0,0,0,0,0,0,0,0,0,0,0,0,0,0,0,0,0,0,0,0,0,0,0,0,0,0,0,0,0,0,0,0,0,0,0,0,0,0,0,0,0,0,0,0,0,0,0,0,0,0,0,0,0,0,0,0,0,0,0,0,0,0,0,0,0,0,0,0,0,0,0,0,0,0,0,0,0,0,0,0,0,0,0,0,0,0,0,0,0,0,0,0,0,0,0,0,0,0,0,0,0,0,0,0,0,0,0,0,0,0,0,0,0,0,0,0,0,0,0,0,0,0,0,0,0,0,0,0,0,0,0,0,0,0,0,0,0,0,0,0,0,0,0,0,0,0,0,0,0,0,0,0,0,0,0,0,0,0,0,0,0,0,0,0,0,0,0,0,0,0,0,0,0,0,0,0,0,0,0,0,0,0,0,0,0,0,0,0,0,0,0,0,0,0,0,0,0,0,0,0,0,0,0,0,0,0,0,0,0,0,0,0,0,0,0,0,0,0,0,0,0,0,0,0,0,0,0,0,0,0,0,0,0,0,0,0,0,0,0,0,0,0,0,0,0,0,0,0,0,0,0,0,0,0,0,0,0,0,0,0,0,0,0,0,0,0,0,0,0,0,0,0,0,0,0,0,0,0,0,0,0,0,0,0,0,0,0,0,0,0,0,0,0,0,0,0,0,0,0,0,0,0,0,0,0,0,0,0,0,0,0,0,0,0,0,0,0,0,0,0,0,0,0,0,0,0,0,0,0,0,0,0,0,0,0,0,0,0,0,0,0,0,0,0,0,0,0,0,0,0,0,0,0,0,0,0,0,0,0,0,0,0,0,0,0,0,0,0,0,0,0,0,0,0,0,0,0,0,0,0,0,0,0,0,0,0,0,0,0,0,0,0,0,0,0,0,0,0,0,0,0,0,0,0,0,0,0,0,0,0,0,0,0,0,0,0,0,0,0,0,0,0,0,0,0,0,0,0,0,0,0,0,0,0,0,0,0,0,0,0,0,0,0,0,0,0,0,0,0,0,0,0,0,0,0,0,0,0,0,0,0,0,0,0,0,0,0,0,0,0,0,0,0,0,0,0,0,0,0,0,0,0,0,0,0,0,0,0,0,0,0,0,0,0,0,0,0,0,0,0,0,0,0,0,0,0,0,0,0,0,0,0,0,0,0,0,0,0,0,0,0,0,0,0,0,0,0,0,0,0,0,0,0,0,0,0,0,0,0,0,0,0,0,0,0,0,0,0,0,0,0,0,0,0,0,0,0,0,0,0,0,0,0,0,0,0,0,0,0,0,0,0,0,0,0,0,0,0,0,0,0,0,0,0,0,0,0,0,0,0,0,0,0
2026-06-07,0,0,0,0,0,0,0,0,0,0,0,0,0,0,0,0,0,0,0,0,0,0,0,0,0,0,0,0,0,0,0,0,0,0,0,0,0,0,0,0,0,0,0,0,0,0,0,0,0,0,0,0,0,0,0,0,0,0,0,0,0,0,0,0,0,0,0,0,0,0,0,0,0,0,0,0,0,0,0,0,0,0,0,0,0,0,0,0,0,0,0,0,0,0,0,0,0,0,0,0,0,0,0,0,0,0,0,0,0,0,0,0,0,0,0,0,0,0,0,0,0,0,0,0,0,0,0,0,0,0,0,0,0,0,0,0,0,0,0,0,0,0,0,0,0,0,0,0,0,0,0,0,0,0,0,0,0,0,0,0,0,0,0,0,0,0,0,0,0,0,0,0,0,0,0,0,0,0,0,0,0,0,0,0,0,0,0,0,0,0,0,0,0,0,0,0,0,0,0,0,0,0,0,0,0,0,0,0,0,0,0,0,0,0,0,0,0,0,0,0,0,0,0,0,0,0,0,0,0,0,0,0,0,0,0,0,0,0,0,0,0,0,0,0,0,0,0,0,0,0,0,0,0,0,0,0,0,0,0,0,0,0,0,0,0,0,0,0,0,0,0,0,0,0,0,0,0,0,0,0,0,0,0,0,0,0,0,0,0,0,0,0,0,0,0,0,0,0,0,0,0,0,0,0,0,0,0,0,0,0,0,0,0,0,0,0,0,0,0,0,0,0,0,0,0,0,0,0,0,0,0,0,0,0,0,0,0,0,0,0,0,0,0,0,0,0,0,0,0,0,0,0,0,0,0,0,0,0,0,0,0,0,0,0,0,0,0,0,0,0,0,0,0,0,0,0,0,0,0,0,0,0,0,0,0,0,0,0,0,0,0,0,0,0,0,0,0,0,0,0,0,0,0,0,0,0,0,0,0,0,0,0,0,0,0,0,0,0,0,0,0,0,0,0,0,0,0,0,0,0,0,0,0,0,0,0,0,0,0,0,0,0,0,0,0,0,0,0,0,0,0,0,0,0,0,0,0,0,0,0,0,0,0,0,0,0,0,0,0,0,0,0,0,0,0,0,0,0,0,0,0,0,0,0,0,0,0,0,0,0,0,0,0,0,0,0,0,0,0,0,0,0,0,0,0,0,0,0,0,0,0,0,0,0,0,0,0,0,0,0,0,0,0,0,0,0,0,0,0,0,0,0,0,0,0,0,0,0,0,0,0,0,0,0,0,0,0,0,0,0,0,0,0,0,0,0,0,0,0,0,0,0,0,0,0,0,0,0,0,0,0,0,0,0,0,0,0,0,0,0,0,0,0,0,0,0,0,0,0,0,0,0,0,0,0,0,0,0,0,0
2026-06-08,119,270,100,250,57,117,34,247,180,36,717,188,56,49,33,47,99,63,238,469,25,49,26,318,59,455,221,11,401,87,120,726,54,700,151,263,141,56,65,57,49,36,124,301,49,59,69,276,41,120,47,124,49,67,337,119,113,581,57,67,67,528,16,326,117,56,90,208,51,114,46,51,69,43,60,113,57,51,18,480,241,150,61,49,97,45,104,121,70,121,61,122,60,59,119,86,565,124,60,18,147,721,48,54,60,253,108,392,62,205,50,59,55,34,74,34,75,60,51,44,51,48,460,42,102,25,61,119,224,118,59,596,51,177,51,228,58,16,60,339,174,59,37,17,119,254,16,22,17,60,18,144,322,62,34,48,94,57,360,33,31,84,24,61,431,185,89,118,115,256,61,124,36,41,372,119,36,57,17,59,44,353,233,58,367,8,255,113,58,313,181,16,356,203,255,60,734,99,254,96,52,169,220,264,108,414,44,352,98,59,43,16,50,107,595,653,37,33,57,124,693,631,57,24,244,25,8,125,111,33,37,67,106,348,125,125,293,42,68,102,43,394,180,45,220,40,68,17,573,10,50,117,32,96,58,118,88,109,88,447,166,315,259,33,514,106,102,122,60,232,122,740,114,60,116,60,44,46,58,77,608,746,58,68,49,99,59,32,227,50,384,116,221,480,58,116,36,8,45,49,60,155,120,60,35,69,57,10,46,743,22,419,727,25,230,646,51,115,41,92,18,122,58,50,58,60,43,135,51,38,43,389,73,624,99,230,59,799,110,35,239,362,65,102,67,115,147,271,110,173,35,10,34,58,33,42,117,119,26,32,32,54,42,186,263,80,455,62,61,20,163,33,58,245,56,60,111,62,254,62,34,288,212,100,244,34,48,77,152,58,122,248,66,691,50,98,87,34,114,113,61,115,17,344,51,116,46,432,58,118,100,369,49,224,33,100,35,302,112,438,85,496,10,8,191,57,57,233,210,63,59,119,100,270,756,58,121,120,47,65,59,84,118,47,49,122,58,103,62,99,157,41,121,123,26,284,485,67,237,62,100,119,146,52,228,110,26,114,130,212,241,49,16,155,40,95,59,59,25,58,28,267,71,283,443,115,355,212,85,307,26,326,368,229,358,329,416,99,236,136,49,123,114,118,59,399,114,223,47,26,110,222,66,127,117,200,60,50,288,101,23,379,322,60,52,44,33,123,40,444,58,104,309,32,334,197,59,342,24,102,59,279,34,31,205,419,335,534,125,511,230,341,405,62,117,238,330,26,281,475,115,346,58,59,112,17,74,265,40,389,122,115,33,17,288,64,57,32,382,691,68,234,34,322,100,622,148,27,439,96,62,116,82,157,58,249,59,101,56,96
2026-06-09,95,198,68,186,51,89,27,188,131,27,549,144,47,38,24,42,73,45,190,338,18,36,23,264,47,392,177,8,340,63,96,581,40,518,132,206,114,43,58,46,39,29,98,239,37,46,56,216,31,94,38,87,38,56,243,91,93,420,49,54,48,406,12,257,93,47,79,167,39,93,31,38,58,31,47,94,46,37,14,380,195,114,48,35,83,33,74,94,56,91,45,92,44,46,94,66,406,91,45,14,111,556,38,38,45,190,95,311,55,179,37,45,38,28,51,27,54,45,44,33,42,40,393,31,77,20,45,87,189,96,45,459,45,142,43,167,46,14,45,278,141,48,26,12,91,192,14,20,13,45,14,102,224,47,27,40,79,50,269,23,29,63,19,46,365,145,64,89,98,218,44,93,27,31,289,95,28,42,14,47,32,283,194,48,285,6,221,87,45,245,151,15,267,151,193,46,541,72,210,78,38,127,164,221,100,304,32,246,73,45,30,11,42,98,488,543,27,24,47,93,551,480,48,18,188,23,6,96,88,27,29,56,78,279,94,92,223,29,53,75,31,305,134,31,182,31,55,13,420,8,38,90,29,77,47,94,66,89,59,339,131,249,194,28,418,77,84,90,47,187,93,566,89,46,90,46,32,32,45,63,501,593,46,56,39,72,48,30,192,36,291,93,170,364,49,93,28,6,31,38,46,122,87,46,29,53,49,8,43,592,21,328,578,20,170,496,41,99,32,69,15,82,47,44,46,47,31,102,49,31,32,261,56,476,77,169,46,633,89,27,184,266,52,76,56,93,118,202,91,129,29,8,28,45,24,32,96,86,21,24,25,40,32,172,198,61,347,45,47,15,124,26,46,176,46,46,93,50,186,45,27,232,184,79,180,26,37,62,120,43,85,189,48,543,41,70,63,27,92,83,49,93,14,273,40,97,35,351,45,91,76,258,41,181,27,80,27,255,95,348,62,417,8,6,148,47,45,191,188,55,50,91,77,202,599,47,90,95,39,59,45,65,91,35,40,97,46,78,42,87,130,32,92,93,18,223,397,49,171,46,81,90,120,41,170,96,21,91,98,169,185,38,14,131,32,79,43,45,23,45,24,220,52,203,364,95,285,161,65,254,24,252,317,163,285,247,315,77,184,120,38,98,97,88,45,311,93,175,40,23,95,159,56,97,94,162,46,41,227,82,20,273,256,45,45,32,25,93,33,349,46,88,211,29,270,152,49,287,19,78,46,236,25,29,175,310,246,378,88,407,177,263,325,42,92,194,281,23,213,366,93,274,46,46,85,14,50,201,33,301,90,82,24,14,228,56,46,28,291,544,53,166,28,241,81,506,113,19,307,78,44,93,67,110,45,194,43,80,47,75
2026-06-10,95,236,77,198,49,94,28,203,143,28,611,158,49,39,28,42,74,48,198,366,22,40,20,298,50,369,209,8,328,75,102,632,41,530,131,222,111,52,55,46,41,29,100,251,38,49,52,232,37,102,41,93,39,55,277,97,97,479,49,57,55,418,15,269,93,51,74,179,42,97,38,41,58,40,52,104,50,45,16,382,204,119,50,48,80,37,85,96,54,99,48,101,47,51,96,69,452,93,48,16,130,620,41,41,51,229,79,325,55,156,42,50,39,31,60,27,58,51,38,37,40,41,370,39,85,20,49,99,182,94,54,492,38,155,41,187,50,11,47,267,140,51,32,17,87,210,12,20,15,51,16,114,255,49,30,42,85,50,270,30,28,81,20,49,364,177,79,101,96,208,47,102,28,37,300,101,28,56,16,49,37,301,192,48,324,8,215,92,48,257,125,13,300,159,208,49,587,83,208,83,42,139,178,228,85,333,39,285,82,51,36,16,40,99,434,547,33,30,48,102,561,530,52,20,184,21,8,110,95,27,33,58,81,300,99,102,228,37,60,78,36,294,159,38,178,43,55,17,424,8,42,96,23,80,47,99,69,98,74,379,137,283,211,26,447,84,84,102,50,181,98,597,101,50,98,50,36,36,48,70,518,622,50,53,42,92,51,27,188,39,305,96,178,404,51,92,29,8,37,42,47,115,96,50,27,56,46,8,41,625,20,324,628,19,181,515,41,99,38,92,15,95,49,38,46,52,37,115,48,33,39,308,57,514,83,186,49,687,90,27,192,290,57,82,58,104,129,224,98,138,32,8,26,47,30,35,103,100,20,30,30,39,33,157,226,75,378,49,49,16,140,28,45,205,49,48,101,58,231,52,28,246,177,82,195,30,39,65,132,50,102,205,57,594,43,83,72,28,96,101,47,98,16,272,39,102,40,369,49,100,81,315,38,183,25,80,31,266,86,370,75,414,8,9,155,49,50,214,171,54,49,99,81,218,651,50,101,99,41,59,47,70,99,43,39,92,54,83,48,84,136,33,97,96,21,237,414,58,210,51,85,102,127,41,199,103,19,96,116,179,222,41,16,138,38,72,48,46,21,51,24,232,58,224,340,100,279,175,81,255,21,281,268,191,305,292,332,81,197,111,41,124,103,102,49,340,98,182,41,20,92,184,58,98,94,163,50,41,236,87,20,293,291,49,38,33,29,96,38,394,48,91,265,25,249,199,51,292,19,73,51,223,29,28,172,323,261,393,91,373,194,287,341,48,98,198,282,20,225,399,88,299,48,49,96,16,57,233,34,309,98,102,31,16,223,48,49,29,300,536,52,190,29,273,84,508,129,21,339,82,50,93,72,129,50,199,49,80,49,77
2026-06-11,114,253,85,207,62,119,39,231,187,29,718,194,56,50,33,44,89,59,229,458,21,43,27,363,59,429,235,9,411,85,116,771,44,679,168,267,156,62,74,58,46,39,116,269,54,57,77,265,42,118,49,113,49,78,324,116,118,487,62,73,75,492,23,276,118,62,108,256,45,117,40,45,72,43,59,114,59,45,21,461,238,133,60,73,95,42,100,120,71,120,59,114,58,61,117,81,511,119,58,21,145,716,48,46,59,248,103,366,75,236,42,60,46,41,59,31,77,62,49,42,47,48,488,42,104,27,61,115,239,115,58,604,54,167,47,226,52,17,59,302,199,59,40,25,116,241,17,29,20,57,21,118,262,56,29,49,94,59,318,36,37,78,28,56,386,182,89,110,125,269,58,123,36,43,362,121,38,86,21,59,42,362,217,58,383,12,295,117,61,303,178,17,360,190,253,60,692,100,245,99,47,168,212,265,121,394,44,344,97,57,43,24,46,119,566,653,44,32,57,118,686,622,56,21,238,26,12,142,118,38,41,75,97,345,114,119,284,42,75,86,41,370,178,42,207,61,58,21,531,9,48,120,34,98,61,119,86,117,83,378,166,337,265,35,542,94,97,117,57,198,123,669,120,56,117,61,41,45,59,90,621,779,57,76,48,121,60,39,220,50,390,114,199,489,55,124,36,11,40,49,55,153,114,60,38,76,57,10,60,728,29,411,736,31,218,680,52,117,42,146,20,117,59,51,55,57,43,145,61,34,39,383,62,652,105,223,57,789,115,41,251,337,70,103,76,124,137,276,117,160,40,9,37,60,32,39,112,122,28,33,33,49,38,250,273,86,446,54,58,18,136,32,56,239,58,59,114,74,253,58,39,315,249,91,232,29,52,76,170,59,116,266,69,662,46,86,84,37,119,117,62,114,20,342,47,116,42,474,59,120,100,355,61,209,35,98,40,322,117,429,83,524,9,12,181,59,58,253,248,82,56,123,100,256,724,58,114,118,58,81,59,82,115,48,50,121,63,100,60,124,174,36,113,118,21,301,490,65,239,62,94,122,197,45,235,117,26,119,142,236,267,58,20,177,43,101,58,58,25,61,28,240,60,252,390,114,371,212,83,307,26,332,366,223,385,330,362,96,230,162,50,128,122,115,55,382,117,216,48,25,119,206,80,120,117,195,59,46,300,88,29,336,279,60,50,36,33,118,41,433,59,121,289,33,373,236,61,342,29,100,58,265,30,37,200,381,284,494,114,474,238,346,370,56,117,243,405,25,265,448,136,360,62,59,123,22,64,273,39,363,110,127,34,21,300,67,57,37,349,653,74,212,40,317,90,629,142,19,391,100,59,115,86,149,60,248,57,92,59,99
2026-06-12,101,233,86,204,51,96,27,204,149,31,633,165,47,39,30,39,94,49,195,361,22,44,17,288,51,354,211,9,343,81,97,605,40,526,131,228,104,48,52,49,42,27,95,239,40,48,52,226,41,92,37,98,39,53,263,97,97,530,48,59,65,403,17,247,101,53,63,155,40,104,38,39,56,39,48,99,51,39,18,420,214,141,46,56,79,40,84,97,54,102,49,95,45,50,95,82,486,97,49,18,138,583,38,38,50,228,75,304,57,118,45,45,40,36,60,29,56,52,35,40,39,40,383,39,85,18,48,101,171,98,48,459,36,145,40,184,48,9,48,248,135,50,35,19,99,198,8,18,17,49,17,126,259,52,33,40,81,49,265,30,27,83,19,53,332,175,80,98,96,215,51,95,28,40,278,100,28,62,18,52,39,291,181,49,302,9,191,98,48,247,118,9,332,161,206,52,597,81,221,81,40,160,178,232,63,342,41,289,78,49,40,19,40,101,453,545,38,31,49,92,564,528,48,21,186,17,9,124,98,28,39,54,78,288,99,100,231,42,53,93,38,262,169,40,193,43,59,18,433,9,40,99,18,85,45,101,83,98,77,440,168,278,215,26,444,77,80,96,48,193,96,581,94,47,95,49,39,41,49,78,524,632,52,54,42,98,49,29,201,38,321,96,167,373,47,101,27,9,40,39,51,117,97,48,27,54,51,9,36,588,18,317,598,18,174,592,39,88,42,103,18,101,49,37,47,51,40,130,46,36,40,290,61,483,76,177,48,639,99,26,206,271,63,79,55,103,115,220,92,134,37,10,28,51,30,33,100,101,18,29,31,40,31,153,221,82,363,52,51,17,158,30,51,226,53,48,92,62,227,47,26,248,170,85,196,32,38,61,128,48,90,199,60,555,38,91,78,25,93,96,51,93,17,273,40,95,42,372,49,98,84,313,37,176,17,77,36,259,62,362,78,423,9,9,159,49,49,190,153,51,51,104,79,244,659,47,92,96,35,52,48,77,103,39,42,77,47,82,49,83,146,30,98,94,21,250,411,63,229,48,82,93,112,40,225,96,19,102,133,165,234,35,18,142,40,60,50,50,19,50,26,228,62,221,352,94,304,174,82,258,18,276,242,220,332,319,320,81,205,105,41,121,96,98,46,386,97,192,39,18,96,191,58,96,96,178,47,39,274,80,19,301,308,48,35,30,29,99,39,390,51,79,258,19,263,208,48,285,19,64,48,229,32,28,173,326,293,391,104,417,199,291,306,46,97,209,259,17,223,378,81,278,50,49,109,18,63,230,34,325,95,118,31,19,224,36,52,26,275,561,54,194,26,307,80,490,139,23,314,83,50,92,79,140,49,208,48,75,49,81
2026-06-13,0,0,0,0,0,0,0,0,0,0,0,0,0,0,0,0,0,0,0,0,0,0,0,0,0,0,0,0,0,0,0,0,0,0,0,0,0,0,0,0,0,0,0,0,0,0,0,0,0,0,0,0,0,0,0,0,0,0,0,0,0,0,0,0,0,0,0,0,0,0,0,0,0,0,0,0,0,0,0,0,0,0,0,0,0,0,0,0,0,0,0,0,0,0,0,0,0,0,0,0,0,0,0,0,0,0,0,0,0,0,0,0,0,0,0,0,0,0,0,0,0,0,0,0,0,0,0,0,0,0,0,0,0,0,0,0,0,0,0,0,0,0,0,0,0,0,0,0,0,0,0,0,0,0,0,0,0,0,0,0,0,0,0,0,0,0,0,0,0,0,0,0,0,0,0,0,0,0,0,0,0,0,0,0,0,0,0,0,0,0,0,0,0,0,0,0,0,0,0,0,0,0,0,0,0,0,0,0,0,0,0,0,0,0,0,0,0,0,0,0,0,0,0,0,0,0,0,0,0,0,0,0,0,0,0,0,0,0,0,0,0,0,0,0,0,0,0,0,0,0,0,0,0,0,0,0,0,0,0,0,0,0,0,0,0,0,0,0,0,0,0,0,0,0,0,0,0,0,0,0,0,0,0,0,0,0,0,0,0,0,0,0,0,0,0,0,0,0,0,0,0,0,0,0,0,0,0,0,0,0,0,0,0,0,0,0,0,0,0,0,0,0,0,0,0,0,0,0,0,0,0,0,0,0,0,0,0,0,0,0,0,0,0,0,0,0,0,0,0,0,0,0,0,0,0,0,0,0,0,0,0,0,0,0,0,0,0,0,0,0,0,0,0,0,0,0,0,0,0,0,0,0,0,0,0,0,0,0,0,0,0,0,0,0,0,0,0,0,0,0,0,0,0,0,0,0,0,0,0,0,0,0,0,0,0,0,0,0,0,0,0,0,0,0,0,0,0,0,0,0,0,0,0,0,0,0,0,0,0,0,0,0,0,0,0,0,0,0,0,0,0,0,0,0,0,0,0,0,0,0,0,0,0,0,0,0,0,0,0,0,0,0,0,0,0,0,0,0,0,0,0,0,0,0,0,0,0,0,0,0,0,0,0,0,0,0,0,0,0,0,0,0,0,0,0,0,0,0,0,0,0,0,0,0,0,0,0,0,0,0,0,0,0,0,0,0,0,0,0,0,0,0,0,0,0,0,0,0,0,0,0,0,0,0,0,0,0,0,0,0,0,0,0,0,0,0,0,0,0,0,0,0,0,0,0,0,0,0,0,0,0,0,0,0,0,0,0,0,0,0,0,0,0,0,0,0,0,0,0,0,0,0,0,0,0,0,0,0,0,0
2026-06-14,0,0,0,0,0,0,0,0,0,0,0,0,0,0,0,0,0,0,0,0,0,0,0,0,0,0,0,0,0,0,0,0,0,0,0,0,0,0,0,0,0,0,0,0,0,0,0,0,0,0,0,0,0,0,0,0,0,0,0,0,0,0,0,0,0,0,0,0,0,0,0,0,0,0,0,0,0,0,0,0,0,0,0,0,0,0,0,0,0,0,0,0,0,0,0,0,0,0,0,0,0,0,0,0,0,0,0,0,0,0,0,0,0,0,0,0,0,0,0,0,0,0,0,0,0,0,0,0,0,0,0,0,0,0,0,0,0,0,0,0,0,0,0,0,0,0,0,0,0,0,0,0,0,0,0,0,0,0,0,0,0,0,0,0,0,0,0,0,0,0,0,0,0,0,0,0,0,0,0,0,0,0,0,0,0,0,0,0,0,0,0,0,0,0,0,0,0,0,0,0,0,0,0,0,0,0,0,0,0,0,0,0,0,0,0,0,0,0,0,0,0,0,0,0,0,0,0,0,0,0,0,0,0,0,0,0,0,0,0,0,0,0,0,0,0,0,0,0,0,0,0,0,0,0,0,0,0,0,0,0,0,0,0,0,0,0,0,0,0,0,0,0,0,0,0,0,0,0,0,0,0,0,0,0,0,0,0,0,0,0,0,0,0,0,0,0,0,0,0,0,0,0,0,0,0,0,0,0,0,0,0,0,0,0,0,0,0,0,0,0,0,0,0,0,0,0,0,0,0,0,0,0,0,0,0,0,0,0,0,0,0,0,0,0,0,0,0,0,0,0,0,0,0,0,0,0,0,0,0,0,0,0,0,0,0,0,0,0,0,0,0,0,0,0,0,0,0,0,0,0,0,0,0,0,0,0,0,0,0,0,0,0,0,0,0,0,0,0,0,0,0,0,0,0,0,0,0,0,0,0,0,0,0,0,0,0,0,0,0,0,0,0,0,0,0,0,0,0,0,0,0,0,0,0,0,0,0,0,0,0,0,0,0,0,0,0,0,0,0,0,0,0,0,0,0,0,0,0,0,0,0,0,0,0,0,0,0,0,0,0,0,0,0,0,0,0,0,0,0,0,0,0,0,0,0,0,0,0,0,0,0,0,0,0,0,0,0,0,0,0,0,0,0,0,0,0,0,0,0,0,0,0,0,0,0,0,0,0,0,0,0,0,0,0,0,0,0,0,0,0,0,0,0,0,0,0,0,0,0,0,0,0,0,0,0,0,0,0,0,0,0,0,0,0,0,0,0,0,0,0,0,0,0,0,0,0,0,0,0,0,0,0,0,0,0,0,0,0,0,0,0,0,0,0,0,0,0,0,0,0,0,0,0,0,0,0,0,0,0,0
2026-06-15,105,246,61,163,53,103,38,219,160,22,650,179,51,43,29,40,80,51,221,382,15,31,21,310,52,357,205,8,371,75,99,691,38,607,156,227,147,52,74,52,36,35,97,218,44,51,79,246,35,107,38,100,44,76,297,105,106,462,50,75,78,412,28,229,108,54,103,218,38,103,37,38,72,36,52,108,49,38,23,401,216,104,54,85,74,35,85,102,73,109,52,106,53,53,101,75,440,97,51,22,125,662,39,37,52,215,93,301,74,201,30,53,37,46,43,23,74,50,46,36,41,44,445,36,87,29,52,107,239,107,51,516,46,144,36,194,56,15,51,250,186,55,45,25,107,229,16,27,22,52,22,87,203,53,24,44,77,53,265,31,37,78,28,50,335,160,72,104,100,234,58,105,37,41,316,103,36,101,21,55,37,330,176,55,347,15,272,101,51,252,165,15,334,154,218,56,653,90,236,85,38,145,179,220,103,346,36,306,89,52,37,27,39,108,446,522,46,28,53,113,632,576,53,15,210,24,14,157,101,37,44,76,79,294,102,101,234,37,73,57,37,315,150,36,183,71,46,21,407,7,36,103,31,88,49,99,75,105,73,311,148,304,234,36,498,76,82,98,53,165,108,546,97,51,103,53,37,38,55,98,562,624,55,73,35,126,52,34,171,44,318,106,154,448,53,104,33,14,38,43,56,157,113,51,36,72,52,8,59,683,29,334,682,29,200,609,43,106,37,163,20,104,50,46,51,51,36,129,52,34,37,324,56,537,92,210,53,691,108,37,217,307,71,88,72,104,103,231,104,121,43,8,36,51,29,29,106,103,30,30,28,36,30,209,239,80,409,52,50,16,109,22,49,214,51,51,103,82,223,52,40,267,247,78,194,23,45,58,164,51,102,223,61,638,37,58,74,35,99,100,52,104,20,287,36,101,32,398,52,106,82,307,56,178,30,78,42,289,98,381,77,459,8,14,161,52,54,217,251,77,51,106,84,214,628,50,108,105,57,73,52,76,111,42,37,101,54,90,52,128,148,29,109,104,16,267,404,59,209,51,74,102,199,38,215,106,23,107,128,222,224,60,23,163,36,81,56,53,22,51,24,228,44,214,335,107,316,201,72,271,24,291,313,181,319,275,284,85,208,156,38,112,107,101,51,333,103,198,43,23,105,190,75,107,102,160,54,37,251,76,31,334,204,52,44,29,29,105,37,402,52,124,252,28,334,208,51,296,29,84,56,222,22,37,158,347,197,434,103,417,223,311,297,50,106,219,400,23,237,450,130,309,54,51,126,21,45,233,33,330,106,119,29,22,282,63,51,36,309,601,72,155,40,290,77,552,129,14,366,84,52,97,73,135,52,204,53,74,55,88
2026-06-16,110,253,58,219,53,110,42,235,132,34,677,135,55,35,20,48,184,55,204,328,15,27,35,244,53,388,129,19,373,75,110,645,51,516,126,230,171,55,83,56,52,41,110,292,37,52,84,228,39,112,48,113,39,81,288,113,111,506,54,86,75,525,12,289,112,54,85,255,48,104,36,46,84,37,56,116,57,50,24,480,239,141,55,37,101,39,69,115,76,106,58,109,54,54,111,74,442,110,53,25,137,672,47,49,58,229,140,393,85,221,27,57,48,46,61,33,77,54,69,38,47,37,370,41,74,21,54,121,274,102,51,473,63,186,48,156,51,17,57,273,207,54,48,12,105,242,17,23,24,56,24,129,290,52,32,36,101,55,329,21,41,74,25,56,437,178,76,110,106,261,55,115,40,37,348,109,40,38,25,55,39,367,226,59,339,6,288,115,54,296,230,16,329,139,247,52,602,79,231,79,49,155,185,254,123,295,38,280,76,55,35,12,50,112,575,579,49,20,56,111,667,561,52,15,236,36,6,161,105,41,45,81,97,323,105,109,252,37,80,52,37,525,163,38,209,29,64,24,532,18,48,109,33,74,52,110,77,118,74,429,142,308,252,41,403,99,97,111,53,208,111,667,105,57,110,53,41,38,55,115,585,651,54,80,47,123,56,39,245,38,287,111,172,496,52,109,41,6,39,37,55,181,99,55,44,81,54,19,47,735,22,312,743,22,211,462,38,119,37,73,23,113,57,67,54,54,38,114,54,72,38,269,123,491,77,205,53,710,108,41,242,322,93,72,78,113,107,236,111,118,48,18,38,58,19,31,111,114,23,20,21,50,32,247,230,73,445,54,54,39,148,32,58,217,54,56,109,74,225,55,41,227,263,93,217,32,39,62,189,53,107,254,36,693,50,57,76,41,108,115,55,112,24,330,49,111,29,431,53,112,88,220,46,214,36,97,45,294,119,384,77,513,17,6,135,55,59,240,214,82,58,111,72,211,686,53,112,109,45,85,57,66,113,38,49,167,57,73,50,98,126,31,112,107,14,233,458,41,155,53,102,108,146,49,144,111,34,112,121,265,222,45,25,126,38,125,55,53,34,53,53,255,64,237,438,107,281,197,73,304,34,297,487,138,356,285,367,77,215,172,51,78,103,113,54,394,108,204,38,35,107,181,81,105,111,221,55,51,269,100,23,345,204,60,70,30,21,104,35,329,56,102,250,35,398,125,56,309,24,123,53,285,32,40,201,386,179,451,114,454,220,304,372,55,108,215,309,35,235,438,112,334,58,58,161,22,65,248,71,350,108,75,20,25,362,72,57,40,338,647,92,214,40,305,94,682,138,14,392,69,53,112,77,127,57,243,56,100,55,75
2026-06-17,100,241,76,220,51,99,30,205,138,33,597,150,51,37,24,42,127,51,200,344,19,40,25,267,49,336,182,13,327,77,111,611,47,523,120,204,120,53,60,45,43,32,102,255,40,50,61,213,41,101,42,97,36,64,258,104,98,506,48,65,64,441,14,260,99,49,67,187,43,106,39,41,63,41,51,96,48,41,20,428,223,143,48,41,84,38,74,99,65,97,54,97,47,49,101,79,463,106,50,20,134,597,43,42,51,225,95,352,63,144,39,52,41,41,65,32,64,49,47,36,43,37,345,37,75,19,50,98,197,95,50,422,49,160,41,178,51,10,50,255,142,51,38,14,97,208,11,19,20,50,21,137,299,49,34,36,80,52,294,28,31,77,18,51,388,168,83,101,101,226,53,101,28,38,286,99,30,48,21,51,39,313,194,46,313,7,233,102,52,257,162,11,326,154,213,51,571,74,217,74,41,151,178,236,77,306,39,281,78,52,36,13,41,102,476,535,42,26,48,104,534,521,49,19,196,24,7,131,98,32,41,63,82,300,101,106,252,36,62,77,38,351,171,41,194,33,60,20,474,13,41,100,22,75,50,101,80,99,79,439,153,283,198,31,383,85,86,101,50,194,101,627,102,54,100,50,39,38,51,92,518,650,47,63,45,113,48,33,204,37,276,104,161,424,49,100,31,7,37,37,48,143,90,49,31,63,53,13,37,639,18,301,602,17,186,494,35,101,37,79,20,97,48,46,48,51,38,137,49,53,37,287,87,466,77,185,50,667,104,31,219,276,69,75,60,96,101,210,100,128,41,13,32,49,25,29,103,99,18,27,25,41,30,184,225,80,403,53,52,26,145,32,49,227,46,49,98,69,225,51,29,212,195,88,197,31,35,60,146,51,100,216,50,634,42,72,77,31,98,95,50,101,21,286,44,103,38,385,50,101,86,275,35,194,23,90,42,270,80,362,80,442,14,7,140,51,48,227,152,62,49,100,77,236,642,51,105,102,35,58,50,78,99,34,42,102,50,75,51,79,126,31,95,102,18,233,393,50,195,53,85,95,117,44,174,100,23,99,118,192,229,36,21,123,36,84,53,52,23,50,39,235,64,223,366,101,261,179,76,260,24,276,312,172,329,299,357,71,189,119,46,101,108,100,50,404,103,185,35,22,104,201,64,101,102,190,50,44,280,89,18,285,261,51,50,29,25,102,40,357,50,78,263,23,299,163,48,288,18,83,49,246,32,32,191,319,245,444,94,406,206,293,358,50,94,214,234,23,224,401,84,309,52,49,117,20,66,227,49,321,100,91,26,20,266,44,48,32,310,533,62,220,31,297,88,550,136,19,331,74,51,103,83,136,50,212,51,83,50,73
2026-06-18,86,227,64,180,44,89,29,188,129,25,528,139,44,38,28,33,85,42,178,330,16,35,18,271,45,319,186,9,338,69,91,579,36,511,120,205,114,45,57,43,36,27,90,216,36,46,58,205,35,91,35,90,37,53,234,91,85,422,46,56,63,367,21,217,87,46,73,166,36,93,36,36,56,35,46,91,45,35,17,365,201,106,45,62,73,34,74,94,57,93,46,92,45,44,86,66,425,90,47,17,124,562,36,36,43,202,72,282,60,126,36,45,35,35,51,26,56,46,36,34,35,39,357,35,74,19,46,90,178,94,43,447,36,125,35,163,45,10,45,237,142,46,33,21,86,189,10,20,18,43,19,99,225,46,25,36,70,46,232,27,30,71,19,46,316,149,70,93,87,196,43,89,28,34,274,91,27,76,18,46,36,276,173,44,290,10,191,90,44,220,117,10,294,143,187,44,564,67,200,74,35,138,161,201,67,298,37,261,74,44,33,20,34,94,416,463,36,28,43,90,546,517,47,17,188,18,10,132,79,28,36,55,72,271,89,94,214,36,52,66,35,242,144,37,165,51,49,18,402,8,34,87,19,77,45,89,73,89,67,317,140,254,202,28,424,70,74,92,47,168,87,488,87,43,89,44,36,34,44,83,465,570,45,54,34,109,44,26,158,35,296,89,148,353,45,88,27,10,35,36,47,117,93,43,28,55,46,8,40,537,20,297,539,20,163,501,37,92,33,117,18,88,44,38,42,46,34,118,45,33,35,277,53,455,74,170,47,623,87,29,185,260,62,72,56,91,102,210,85,112,34,8,28,46,28,26,93,92,20,27,26,36,27,156,210,66,361,44,48,16,117,23,46,203,45,45,92,64,206,47,28,232,172,71,170,25,35,57,123,43,90,190,56,539,34,67,67,30,91,90,45,89,17,250,35,91,33,346,45,89,69,297,39,149,20,71,38,246,70,329,68,419,8,10,145,44,45,188,155,56,44,90,74,202,548,46,87,91,38,56,46,66,86,39,35,80,47,72,45,96,144,27,88,87,17,231,355,53,199,46,68,84,133,32,188,91,18,95,120,182,204,40,18,126,36,65,44,48,17,44,24,210,49,198,299,88,264,166,68,236,18,257,249,183,268,261,281,76,181,109,33,108,95,91,46,332,87,167,37,18,87,177,60,87,90,149,42,36,236,66,19,279,237,42,35,24,27,91,35,356,47,85,245,19,265,191,45,255,20,65,47,205,25,28,146,280,234,371,94,383,185,276,292,45,95,199,268,18,198,367,90,265,43,45,106,19,50,215,33,306,86,103,28,18,211,43,45,29,261,542,57,178,27,270,70,490,128,18,300,76,48,90,74,126,47,180,47,69,44,72
2026-06-19,107,251,83,208,49,102,30,233,150,31,635,161,55,45,29,41,99,55,214,375,21,38,23,288,51,419,202,10,354,78,100,672,47,568,138,238,127,51,60,52,44,30,106,263,41,49,64,239,43,100,44,106,41,63,275,104,108,498,52,64,62,459,16,270,102,52,81,196,44,114,39,43,61,41,56,103,51,46,18,427,207,132,53,50,93,37,81,98,61,102,49,106,51,53,104,82,488,105,54,18,143,649,44,43,51,227,89,351,65,171,43,51,46,37,63,30,62,53,47,40,44,40,403,38,90,21,53,100,200,113,53,511,45,171,44,195,53,13,52,272,158,54,37,16,112,205,13,22,18,53,19,129,267,53,31,47,89,54,289,29,33,71,21,51,413,177,77,107,103,238,49,110,32,39,302,100,32,58,18,54,37,318,208,54,301,8,235,111,51,268,137,13,324,165,221,51,632,85,239,83,44,155,187,235,88,358,39,301,80,50,38,16,44,106,500,549,37,29,51,108,628,569,48,20,224,22,8,127,105,31,36,62,90,310,102,105,256,39,64,86,39,357,169,39,208,38,64,18,463,9,45,105,26,83,49,103,81,99,78,394,160,292,234,31,461,91,89,102,48,197,106,636,98,54,108,55,37,38,49,79,559,689,49,66,42,102,52,32,202,41,310,103,193,431,52,106,29,8,39,39,51,141,103,53,31,62,54,10,40,679,21,370,694,22,199,547,44,101,37,101,18,98,51,47,53,55,39,131,50,40,41,309,70,529,84,193,51,710,106,30,221,317,63,83,63,107,127,224,105,142,37,10,29,55,27,34,103,103,20,27,30,44,32,189,229,78,410,51,54,19,152,32,55,239,52,55,112,62,237,52,32,245,198,84,206,31,42,70,136,51,105,216,58,610,43,78,81,31,99,99,52,102,18,300,42,109,38,394,52,108,91,320,40,206,27,93,39,270,90,394,80,463,11,8,165,51,52,223,192,58,49,107,83,244,661,51,108,97,40,64,51,75,103,41,44,106,52,82,52,89,150,34,100,105,21,255,406,56,201,53,88,109,138,41,213,97,24,96,124,185,242,40,19,152,38,83,55,55,23,53,31,244,63,225,404,105,297,184,80,286,22,297,344,204,312,303,369,85,212,128,44,120,95,105,50,367,105,199,42,23,102,201,65,105,102,187,53,47,271,90,21,322,286,53,45,35,29,107,40,385,53,92,252,27,289,184,52,281,20,83,51,258,32,32,184,351,268,432,109,391,214,334,353,56,106,219,294,23,243,412,94,324,52,53,109,18,62,238,37,360,100,103,31,18,249,53,50,31,318,609,60,208,31,293,93,538,141,22,321,81,51,102,78,141,51,227,51,88,57,88
2026-06-20,0,0,0,0,0,0,0,0,0,0,0,0,0,0,0,0,0,0,0,0,0,0,0,0,0,0,0,0,0,0,0,0,0,0,0,0,0,0,0,0,0,0,0,0,0,0,0,0,0,0,0,0,0,0,0,0,0,0,0,0,0,0,0,0,0,0,0,0,0,0,0,0,0,0,0,0,0,0,0,0,0,0,0,0,0,0,0,0,0,0,0,0,0,0,0,0,0,0,0,0,0,0,0,0,0,0,0,0,0,0,0,0,0,0,0,0,0,0,0,0,0,0,0,0,0,0,0,0,0,0,0,0,0,0,0,0,0,0,0,0,0,0,0,0,0,0,0,0,0,0,0,0,0,0,0,0,0,0,0,0,0,0,0,0,0,0,0,0,0,0,0,0,0,0,0,0,0,0,0,0,0,0,0,0,0,0,0,0,0,0,0,0,0,0,0,0,0,0,0,0,0,0,0,0,0,0,0,0,0,0,0,0,0,0,0,0,0,0,0,0,0,0,0,0,0,0,0,0,0,0,0,0,0,0,0,0,0,0,0,0,0,0,0,0,0,0,0,0,0,0,0,0,0,0,0,0,0,0,0,0,0,0,0,0,0,0,0,0,0,0,0,0,0,0,0,0,0,0,0,0,0,0,0,0,0,0,0,0,0,0,0,0,0,0,0,0,0,0,0,0,0,0,0,0,0,0,0,0,0,0,0,0,0,0,0,0,0,0,0,0,0,0,0,0,0,0,0,0,0,0,0,0,0,0,0,0,0,0,0,0,0,0,0,0,0,0,0,0,0,0,0,0,0,0,0,0,0,0,0,0,0,0,0,0,0,0,0,0,0,0,0,0,0,0,0,0,0,0,0,0,0,0,0,0,0,0,0,0,0,0,0,0,0,0,0,0,0,0,0,0,0,0,0,0,0,0,0,0,0,0,0,0,0,0,0,0,0,0,0,0,0,0,0,0,0,0,0,0,0,0,0,0,0,0,0,0,0,0,0,0,0,0,0,0,0,0,0,0,0,0,0,0,0,0,0,0,0,0,0,0,0,0,0,0,0,0,0,0,0,0,0,0,0,0,0,0,0,0,0,0,0,0,0,0,0,0,0,0,0,0,0,0,0,0,0,0,0,0,0,0,0,0,0,0,0,0,0,0,0,0,0,0,0,0,0,0,0,0,0,0,0,0,0,0,0,0,0,0,0,0,0,0,0,0,0,0,0,0,0,0,0,0,0,0,0,0,0,0,0,0,0,0,0,0,0,0,0,0,0,0,0,0,0,0,0,0,0,0,0,0,0,0,0,0,0,0,0,0,0,0,0,0,0,0,0,0,0,0,0,0,0,0,0,0,0,0,0,0,0,0
2026-06-21,0,0,0,0,0,0,0,0,0,0,0,0,0,0,0,0,0,0,0,0,0,0,0,0,0,0,0,0,0,0,0,0,0,0,0,0,0,0,0,0,0,0,0,0,0,0,0,0,0,0,0,0,0,0,0,0,0,0,0,0,0,0,0,0,0,0,0,0,0,0,0,0,0,0,0,0,0,0,0,0,0,0,0,0,0,0,0,0,0,0,0,0,0,0,0,0,0,0,0,0,0,0,0,0,0,0,0,0,0,0,0,0,0,0,0,0,0,0,0,0,0,0,0,0,0,0,0,0,0,0,0,0,0,0,0,0,0,0,0,0,0,0,0,0,0,0,0,0,0,0,0,0,0,0,0,0,0,0,0,0,0,0,0,0,0,0,0,0,0,0,0,0,0,0,0,0,0,0,0,0,0,0,0,0,0,0,0,0,0,0,0,0,0,0,0,0,0,0,0,0,0,0,0,0,0,0,0,0,0,0,0,0,0,0,0,0,0,0,0,0,0,0,0,0,0,0,0,0,0,0,0,0,0,0,0,0,0,0,0,0,0,0,0,0,0,0,0,0,0,0,0,0,0,0,0,0,0,0,0,0,0,0,0,0,0,0,0,0,0,0,0,0,0,0,0,0,0,0,0,0,0,0,0,0,0,0,0,0,0,0,0,0,0,0,0,0,0,0,0,0,0,0,0,0,0,0,0,0,0,0,0,0,0,0,0,0,0,0,0,0,0,0,0,0,0,0,0,0,0,0,0,0,0,0,0,0,0,0,0,0,0,0,0,0,0,0,0,0,0,0,0,0,0,0,0,0,0,0,0,0,0,0,0,0,0,0,0,0,0,0,0,0,0,0,0,0,0,0,0,0,0,0,0,0,0,0,0,0,0,0,0,0,0,0,0,0,0,0,0,0,0,0,0,0,0,0,0,0,0,0,0,0,0,0,0,0,0,0,0,0,0,0,0,0,0,0,0,0,0,0,0,0,0,0,0,0,0,0,0,0,0,0,0,0,0,0,0,0,0,0,0,0,0,0,0,0,0,0,0,0,0,0,0,0,0,0,0,0,0,0,0,0,0,0,0,0,0,0,0,0,0,0,0,0,0,0,0,0,0,0,0,0,0,0,0,0,0,0,0,0,0,0,0,0,0,0,0,0,0,0,0,0,0,0,0,0,0,0,0,0,0,0,0,0,0,0,0,0,0,0,0,0,0,0,0,0,0,0,0,0,0,0,0,0,0,0,0,0,0,0,0,0,0,0,0,0,0,0,0,0,0,0,0,0,0,0,0,0,0,0,0,0,0,0,0,0,0,0,0,0,0,0,0,0,0,0,0,0,0,0,0,0,0,0,0,0,0,0,0,0
2026-06-22,122,307,101,293,64,140,38,279,168,40,780,171,64,48,30,58,153,64,231,427,25,50,33,330,61,510,199,15,401,88,123,843,60,667,160,256,147,64,81,59,57,37,126,339,46,64,71,280,43,127,56,124,46,75,349,127,129,597,65,78,66,593,10,371,131,66,89,231,57,122,41,58,75,44,65,125,64,60,20,554,264,184,64,30,118,48,97,130,79,122,67,132,63,64,125,89,548,128,62,20,158,774,59,58,64,243,134,439,82,241,48,64,55,40,80,37,75,63,69,46,55,47,469,43,94,25,63,126,260,124,62,596,66,201,56,225,64,18,63,349,185,66,38,10,127,285,18,23,20,67,20,154,339,61,39,46,108,62,406,30,37,84,23,64,478,209,88,125,127,286,63,119,39,45,359,131,38,35,19,62,45,405,280,61,385,5,293,126,61,384,224,18,403,194,267,63,772,98,291,94,56,175,218,298,128,381,42,346,96,58,42,10,59,125,670,638,40,30,62,123,706,660,64,25,256,35,5,139,129,40,41,72,112,384,130,134,311,46,70,101,43,493,198,46,249,26,81,20,657,15,55,128,35,93,61,120,94,119,91,475,172,349,265,37,499,121,114,128,64,252,129,827,129,61,132,66,41,46,68,92,680,778,60,77,60,106,62,37,268,48,361,121,241,524,64,124,39,5,45,48,63,159,121,64,38,78,61,16,49,768,23,428,846,24,243,642,48,126,45,59,20,130,60,64,64,63,45,132,55,62,45,389,105,631,99,246,62,817,129,39,265,385,75,98,84,131,152,293,130,167,41,15,37,64,29,41,131,130,25,30,32,56,42,206,274,89,471,60,63,29,191,38,61,248,62,61,129,68,263,66,41,278,251,118,248,42,49,89,182,67,127,267,58,765,58,96,91,36,138,131,64,125,22,365,61,128,51,507,61,128,114,312,46,267,34,115,38,317,132,461,89,552,14,5,193,64,61,232,216,75,63,125,101,293,832,61,127,125,47,73,59,85,131,50,57,160,64,97,63,91,155,41,121,140,24,309,529,60,208,61,114,129,142,59,199,124,32,125,138,231,262,48,21,151,45,118,64,62,34,64,46,308,75,287,523,136,362,215,92,340,33,365,469,202,393,359,485,98,247,153,56,121,130,125,63,433,120,237,47,33,119,218,77,120,128,249,65,58,299,113,23,382,342,63,70,46,28,126,46,450,68,93,288,36,360,191,67,379,23,117,64,322,42,39,260,443,347,551,127,535,258,360,461,59,124,245,318,33,294,503,115,386,70,60,131,21,77,313,59,413,131,102,31,20,311,73,64,38,382,754,77,263,39,354,119,706,152,24,437,91,62,129,83,152,63,279,58,112,65,97
2026-06-23,113,237,67,177,54,110,39,232,177,27,646,190,55,48,26,43,90,56,213,424,17,34,27,331,52,435,202,9,394,76,99,723,43,686,162,244,157,55,79,53,47,40,112,253,48,56,75,237,40,104,45,110,45,71,300,115,100,460,54,79,72,459,21,253,111,55,105,232,44,111,35,45,75,42,57,111,52,43,20,455,232,122,50,67,85,38,94,111,81,115,56,110,55,53,106,69,439,110,54,21,122,668,43,46,53,224,105,339,77,235,33,54,44,40,50,26,69,55,54,35,44,45,442,37,97,31,56,113,253,110,54,553,53,155,44,193,57,18,55,294,192,57,40,23,113,231,18,28,20,52,20,107,218,56,26,48,88,55,292,28,36,73,28,55,396,159,75,108,112,247,54,108,37,36,348,113,38,77,20,54,38,316,207,59,333,12,282,106,54,297,184,17,325,173,235,56,670,93,225,92,45,149,192,257,126,352,37,317,92,56,36,21,42,106,526,593,39,29,53,117,646,591,55,17,219,28,11,145,108,39,36,81,95,331,107,112,267,39,79,65,40,387,162,38,216,55,54,21,474,9,46,111,39,95,55,104,72,117,74,315,149,314,248,36,505,85,87,113,55,184,110,649,103,51,114,54,36,38,54,85,576,704,58,74,42,106,53,40,200,45,338,111,195,476,55,112,36,11,37,46,52,162,108,56,40,82,54,8,61,687,28,396,707,29,217,576,46,110,35,140,20,109,54,53,56,55,37,120,55,35,37,342,63,564,92,200,56,741,108,36,230,333,65,90,76,104,124,256,110,139,39,9,39,52,28,37,105,110,30,27,29,44,35,223,251,71,459,59,57,18,120,24,56,217,54,57,107,69,227,55,37,259,249,84,230,26,44,69,178,51,109,250,54,657,43,66,73,38,114,104,57,112,20,313,46,112,34,402,56,104,87,314,59,187,34,88,39,295,127,383,72,516,9,10,176,56,58,235,266,77,56,109,94,227,700,56,106,113,58,72,56,74,116,45,44,124,56,94,55,122,164,36,111,107,17,272,481,56,202,57,90,113,181,41,185,111,26,105,125,218,222,58,21,163,37,96,56,55,28,54,27,249,48,247,386,108,334,229,77,286,26,286,377,183,340,290,335,90,223,164,46,112,113,114,55,354,109,211,47,25,112,179,75,107,109,180,55,44,246,93,30,341,243,58,53,35,28,110,37,429,55,126,260,35,388,193,53,331,29,96,54,261,26,37,176,353,222,454,110,456,216,306,333,58,100,229,415,28,263,461,131,354,60,55,114,20,52,231,36,364,111,102,29,21,318,71,59,38,350,620,79,161,37,275,85,577,128,18,383,91,56,112,71,127,55,223,56,89,52,93
2026-06-24,141,329,84,235,72,135,48,277,216,34,859,232,74,55,39,53,134,76,293,523,21,44,33,407,71,488,274,13,518,103,142,916,53,797,195,292,208,70,93,71,55,49,145,322,60,71,94,316,50,147,58,147,59,110,371,143,141,592,70,103,108,558,34,354,136,72,130,281,53,148,50,54,102,50,68,135,68,57,31,564,307,147,74,106,110,50,118,146,98,140,72,141,71,73,141,103,595,150,74,30,169,831,54,52,74,286,132,417,98,268,40,68,52,61,63,33,101,71,73,51,56,59,552,48,114,37,71,142,310,146,72,683,68,191,53,262,71,21,71,339,248,71,65,38,147,308,20,37,30,68,29,145,300,74,34,58,106,71,355,41,51,99,37,70,491,221,106,140,145,325,69,148,46,50,450,140,49,126,31,67,48,437,248,71,435,17,364,145,73,339,199,21,438,229,290,75,821,111,299,123,55,216,262,336,141,493,50,413,121,73,51,34,57,140,644,793,61,36,73,144,808,726,70,22,278,34,17,212,145,48,60,100,104,392,142,143,349,52,102,85,48,481,213,52,258,85,71,30,590,13,56,148,40,120,73,146,109,137,102,454,202,400,292,51,667,109,107,135,74,252,140,781,140,67,142,69,50,51,74,138,728,897,68,100,55,170,71,50,239,62,439,138,217,608,71,146,51,17,50,58,69,224,146,69,51,98,68,13,75,973,39,464,850,37,282,752,61,138,50,203,29,148,67,62,73,73,54,173,72,53,55,398,90,674,116,279,70,958,148,50,283,460,104,115,101,133,138,311,151,171,57,13,51,69,38,40,148,145,38,39,40,55,41,297,311,105,572,66,72,27,162,33,71,305,73,74,145,104,318,70,53,319,319,109,284,34,61,87,230,70,144,312,78,823,54,79,105,51,141,152,68,142,31,398,50,146,42,545,71,142,104,432,73,236,42,110,59,389,129,527,103,618,12,16,217,73,71,319,328,100,72,148,118,306,874,72,140,142,72,98,69,104,140,59,58,152,68,111,70,159,221,41,141,140,21,369,559,78,292,72,109,139,238,54,260,148,33,146,182,301,305,75,29,204,51,125,70,70,32,68,41,316,70,295,490,137,421,263,106,365,32,403,454,249,453,396,407,120,284,203,58,149,140,140,71,480,142,266,56,34,132,254,101,138,143,231,72,54,357,108,38,470,290,69,65,45,38,143,53,531,78,166,345,39,477,270,72,411,38,111,72,301,35,48,213,454,280,573,140,573,278,434,407,71,145,285,521,33,318,567,158,464,71,68,170,29,65,314,50,444,136,146,38,29,361,81,73,48,417,830,102,223,51,402,104,742,193,21,493,115,74,136,97,170,73,284,71,109,73,114
2026-06-25,104,241,72,216,54,107,36,225,145,33,632,143,53,41,26,51,138,53,201,398,18,36,31,277,52,402,165,14,364,76,113,638,51,549,136,219,141,53,69,54,48,34,107,300,43,55,70,241,36,114,49,109,41,73,291,112,111,461,51,72,61,516,10,287,109,53,77,225,49,108,42,51,69,39,55,111,58,49,19,440,230,151,53,30,97,39,83,101,69,103,53,108,55,56,103,77,483,107,52,19,139,652,46,46,47,216,119,404,70,191,39,56,47,40,63,34,67,55,60,39,50,42,376,37,82,20,51,106,237,108,52,469,59,184,52,171,56,16,52,286,167,50,37,9,107,226,17,21,19,51,18,133,288,53,34,40,101,57,331,24,36,72,20,51,440,177,73,107,107,247,53,113,34,38,327,107,35,37,19,55,37,330,218,54,351,5,257,102,54,309,194,16,333,148,241,54,639,87,213,78,48,152,185,249,115,310,38,286,83,56,38,10,48,103,543,601,39,22,51,107,645,603,54,19,231,30,5,134,100,37,38,70,96,333,109,101,281,38,72,74,38,421,164,39,209,23,67,19,535,14,50,102,32,86,55,105,76,112,70,424,154,325,244,35,429,99,90,107,58,210,106,713,108,55,115,54,41,40,53,90,567,661,54,69,51,101,53,34,218,41,318,109,182,456,53,104,34,5,41,39,54,144,104,51,33,71,55,14,42,707,21,356,682,21,199,512,39,115,39,57,20,110,54,61,55,56,37,119,55,55,38,310,94,502,79,201,53,752,107,35,239,293,71,82,67,105,121,222,108,143,35,14,35,54,24,36,103,109,21,24,23,48,34,215,237,75,433,54,51,28,149,34,53,210,55,52,103,64,228,52,37,235,227,100,209,34,40,68,167,52,106,235,47,634,47,75,74,34,108,101,56,102,21,311,51,105,37,428,54,100,99,250,40,219,32,100,40,304,109,397,71,517,14,5,154,55,55,229,189,72,53,114,83,216,669,57,105,106,43,67,52,72,104,40,47,135,55,77,53,91,128,34,110,111,19,245,447,48,185,56,100,116,132,50,175,107,29,110,114,215,224,42,19,129,40,105,54,53,31,53,42,247,62,255,437,112,289,195,80,292,31,293,408,170,339,316,387,80,213,142,52,93,110,110,50,382,111,211,41,31,102,183,70,109,109,198,53,53,263,105,22,326,269,56,62,37,25,107,37,360,54,92,244,32,327,153,53,337,21,103,57,277,32,36,199,360,251,505,102,454,214,314,402,52,106,220,286,29,259,426,101,332,54,53,119,20,65,243,53,343,103,82,24,17,305,66,53,36,330,620,73,226,33,270,96,597,135,18,351,81,56,115,76,137,51,226,57,94,52,80
2026-06-26,94,242,94,243,52,106,29,224,139,35,662,149,52,38,27,44,110,50,191,375,22,47,24,254,52,405,208,11,338,77,99,649,47,571,136,217,115,50,57,51,48,27,94,265,39,53,54,225,40,103,48,106,40,56,262,100,111,506,52,58,50,465,10,277,103,49,61,173,45,113,40,44,55,39,47,106,49,47,16,455,211,151,49,31,95,38,82,112,57,102,53,102,49,50,96,75,504,105,51,16,141,656,45,43,49,228,90,363,57,153,46,54,48,31,65,34,57,53,47,40,46,40,392,41,83,17,52,102,188,107,49,482,47,178,46,174,50,12,51,276,131,53,31,10,96,219,12,17,16,52,16,134,298,53,31,39,93,52,311,29,27,78,17,52,403,186,78,103,103,236,52,105,29,42,320,103,29,37,16,51,37,298,224,50,309,5,209,98,51,280,148,11,320,171,209,51,577,80,227,80,45,154,182,243,84,324,39,299,79,52,37,10,44,101,523,520,30,28,49,103,601,550,49,24,202,23,5,108,105,28,33,55,89,315,104,98,251,38,55,93,39,327,169,39,191,24,65,16,492,11,47,102,23,78,52,108,80,102,81,410,160,275,216,29,421,96,91,110,51,209,104,655,104,53,109,48,39,40,50,76,520,653,50,57,48,89,51,30,203,40,324,96,196,404,50,106,27,5,38,39,51,117,104,51,26,53,50,11,37,649,18,340,658,17,185,525,40,103,36,57,16,106,53,46,50,51,42,127,46,45,38,304,79,525,84,205,52,679,102,26,219,302,58,78,55,99,130,233,101,153,32,11,27,52,27,36,105,101,16,28,27,45,34,169,230,77,407,53,50,23,158,34,50,217,53,50,105,54,229,51,28,254,184,94,185,34,39,74,130,51,100,218,55,650,46,93,74,29,105,108,50,106,16,298,46,102,45,424,51,100,91,288,34,198,24,93,31,269,79,376,79,437,10,5,147,52,49,209,156,53,52,107,79,234,628,53,107,96,32,57,51,75,104,40,45,102,52,79,55,74,140,36,98,102,23,239,407,53,201,53,94,104,107,48,199,103,24,99,123,167,241,34,14,146,41,79,49,50,23,50,32,229,71,221,421,97,288,173,79,285,23,300,317,200,310,328,379,80,199,111,47,101,101,106,51,369,104,185,38,23,103,195,56,104,105,198,52,46,288,97,16,303,314,51,47,36,27,102,38,380,50,70,264,25,265,181,49,302,17,86,50,257,33,29,211,348,294,422,94,408,212,314,372,51,102,209,238,23,251,399,80,303,50,54,104,16,68,222,39,324,106,89,29,15,230,47,53,28,317,595,58,225,29,302,95,549,126,22,355,79,53,101,79,142,51,222,54,90,52,79
2026-06-27,0,0,0,0,0,0,0,0,0,0,0,0,0,0,0,0,0,0,0,0,0,0,0,0,0,0,0,0,0,0,0,0,0,0,0,0,0,0,0,0,0,0,0,0,0,0,0,0,0,0,0,0,0,0,0,0,0,0,0,0,0,0,0,0,0,0,0,0,0,0,0,0,0,0,0,0,0,0,0,0,0,0,0,0,0,0,0,0,0,0,0,0,0,0,0,0,0,0,0,0,0,0,0,0,0,0,0,0,0,0,0,0,0,0,0,0,0,0,0,0,0,0,0,0,0,0,0,0,0,0,0,0,0,0,0,0,0,0,0,0,0,0,0,0,0,0,0,0,0,0,0,0,0,0,0,0,0,0,0,0,0,0,0,0,0,0,0,0,0,0,0,0,0,0,0,0,0,0,0,0,0,0,0,0,0,0,0,0,0,0,0,0,0,0,0,0,0,0,0,0,0,0,0,0,0,0,0,0,0,0,0,0,0,0,0,0,0,0,0,0,0,0,0,0,0,0,0,0,0,0,0,0,0,0,0,0,0,0,0,0,0,0,0,0,0,0,0,0,0,0,0,0,0,0,0,0,0,0,0,0,0,0,0,0,0,0,0,0,0,0,0,0,0,0,0,0,0,0,0,0,0,0,0,0,0,0,0,0,0,0,0,0,0,0,0,0,0,0,0,0,0,0,0,0,0,0,0,0,0,0,0,0,0,0,0,0,0,0,0,0,0,0,0,0,0,0,0,0,0,0,0,0,0,0,0,0,0,0,0,0,0,0,0,0,0,0,0,0,0,0,0,0,0,0,0,0,0,0,0,0,0,0,0,0,0,0,0,0,0,0,0,0,0,0,0,0,0,0,0,0,0,0,0,0,0,0,0,0,0,0,0,0,0,0,0,0,0,0,0,0,0,0,0,0,0,0,0,0,0,0,0,0,0,0,0,0,0,0,0,0,0,0,0,0,0,0,0,0,0,0,0,0,0,0,0,0,0,0,0,0,0,0,0,0,0,0,0,0,0,0,0,0,0,0,0,0,0,0,0,0,0,0,0,0,0,0,0,0,0,0,0,0,0,0,0,0,0,0,0,0,0,0,0,0,0,0,0,0,0,0,0,0,0,0,0,0,0,0,0,0,0,0,0,0,0,0,0,0,0,0,0,0,0,0,0,0,0,0,0,0,0,0,0,0,0,0,0,0,0,0,0,0,0,0,0,0,0,0,0,0,0,0,0,0,0,0,0,0,0,0,0,0,0,0,0,0,0,0,0,0,0,0,0,0,0,0,0,0,0,0,0,0,0,0,0,0,0,0,0,0,0,0,0,0,0,0,0,0,0,0,0,0,0,0,0,0,0,0,0,0
2026-06-28,0,0,0,0,0,0,0,0,0,0,0,0,0,0,0,0,0,0,0,0,0,0,0,0,0,0,0,0,0,0,0,0,0,0,0,0,0,0,0,0,0,0,0,0,0,0,0,0,0,0,0,0,0,0,0,0,0,0,0,0,0,0,0,0,0,0,0,0,0,0,0,0,0,0,0,0,0,0,0,0,0,0,0,0,0,0,0,0,0,0,0,0,0,0,0,0,0,0,0,0,0,0,0,0,0,0,0,0,0,0,0,0,0,0,0,0,0,0,0,0,0,0,0,0,0,0,0,0,0,0,0,0,0,0,0,0,0,0,0,0,0,0,0,0,0,0,0,0,0,0,0,0,0,0,0,0,0,0,0,0,0,0,0,0,0,0,0,0,0,0,0,0,0,0,0,0,0,0,0,0,0,0,0,0,0,0,0,0,0,0,0,0,0,0,0,0,0,0,0,0,0,0,0,0,0,0,0,0,0,0,0,0,0,0,0,0,0,0,0,0,0,0,0,0,0,0,0,0,0,0,0,0,0,0,0,0,0,0,0,0,0,0,0,0,0,0,0,0,0,0,0,0,0,0,0,0,0,0,0,0,0,0,0,0,0,0,0,0,0,0,0,0,0,0,0,0,0,0,0,0,0,0,0,0,0,0,0,0,0,0,0,0,0,0,0,0,0,0,0,0,0,0,0,0,0,0,0,0,0,0,0,0,0,0,0,0,0,0,0,0,0,0,0,0,0,0,0,0,0,0,0,0,0,0,0,0,0,0,0,0,0,0,0,0,0,0,0,0,0,0,0,0,0,0,0,0,0,0,0,0,0,0,0,0,0,0,0,0,0,0,0,0,0,0,0,0,0,0,0,0,0,0,0,0,0,0,0,0,0,0,0,0,0,0,0,0,0,0,0,0,0,0,0,0,0,0,0,0,0,0,0,0,0,0,0,0,0,0,0,0,0,0,0,0,0,0,0,0,0,0,0,0,0,0,0,0,0,0,0,0,0,0,0,0,0,0,0,0,0,0,0,0,0,0,0,0,0,0,0,0,0,0,0,0,0,0,0,0,0,0,0,0,0,0,0,0,0,0,0,0,0,0,0,0,0,0,0,0,0,0,0,0,0,0,0,0,0,0,0,0,0,0,0,0,0,0,0,0,0,0,0,0,0,0,0,0,0,0,0,0,0,0,0,0,0,0,0,0,0,0,0,0,0,0,0,0,0,0,0,0,0,0,0,0,0,0,0,0,0,0,0,0,0,0,0,0,0,0,0,0,0,0,0,0,0,0,0,0,0,0,0,0,0,0,0,0,0,0,0,0,0,0,0,0,0,0,0,0,0,0,0,0,0,0,0,0,0,0,0,0
2026-06-29,127,263,80,238,58,118,35,236,159,36,734,163,57,42,26,47,141,57,216,391,19,41,30,305,57,423,194,14,383,82,112,713,51,591,150,241,146,58,82,58,52,39,114,274,42,58,76,273,41,114,53,118,43,74,313,119,117,535,59,77,75,524,14,302,115,57,86,230,53,119,43,51,71,40,58,112,61,50,23,487,248,158,55,45,103,40,91,122,71,116,59,119,58,62,115,87,528,117,59,23,152,709,50,48,59,244,125,398,80,219,44,60,53,41,73,34,74,57,66,44,51,44,396,40,90,23,58,123,243,114,55,513,67,195,50,203,55,16,57,299,189,56,46,14,116,247,16,23,22,57,21,138,329,58,34,44,106,60,363,26,38,86,22,59,423,203,81,118,112,256,57,115,38,45,334,118,36,47,22,58,44,361,239,58,370,7,278,125,56,309,208,16,343,174,244,55,620,88,254,81,50,160,212,274,105,336,40,343,83,56,44,13,52,110,586,632,46,27,61,112,666,604,56,20,245,31,7,152,116,37,43,73,94,363,119,112,276,43,77,85,44,444,178,42,210,35,72,22,580,14,53,113,31,91,56,119,87,124,83,455,166,333,242,37,462,101,99,111,61,215,118,745,116,59,120,59,41,44,54,106,646,754,58,78,50,122,61,36,225,43,337,118,202,474,53,113,42,7,41,42,63,178,120,56,39,69,61,14,48,749,22,349,744,22,230,559,42,118,45,81,22,117,57,63,60,59,42,137,55,58,42,327,107,535,86,230,58,772,110,38,243,359,83,79,78,114,125,243,119,149,45,15,37,56,27,35,117,116,23,28,28,51,37,215,258,85,463,57,59,30,159,36,60,238,56,55,113,74,247,58,39,245,251,101,219,36,42,70,173,58,126,251,53,726,51,80,74,38,115,120,58,121,22,346,50,115,37,418,59,119,98,299,43,217,33,100,44,289,107,426,80,515,16,7,166,59,56,231,194,77,57,121,83,251,737,55,124,110,45,75,57,86,117,43,55,140,55,87,57,98,143,36,116,114,20,269,481,54,198,58,101,123,148,52,197,118,31,118,137,240,234,47,21,136,41,114,56,57,31,58,42,270,71,268,460,116,315,202,85,308,31,316,446,183,369,321,394,85,231,162,51,107,121,124,55,423,119,214,41,31,113,210,83,115,118,217,53,49,300,104,23,371,270,57,64,36,27,121,43,386,55,97,277,31,354,177,57,353,22,111,59,295,35,37,201,388,269,501,106,462,247,340,408,59,112,245,334,31,269,485,100,357,58,58,145,21,69,284,61,381,110,93,28,22,311,65,59,36,350,643,78,227,38,321,105,637,155,19,378,88,56,115,86,148,57,240,57,106,55,88
2026-06-30,133,273,71,206,63,129,50,258,202,29,786,213,65,56,31,51,107,63,269,500,18,36,34,367,65,512,229,11,461,88,131,867,51,760,193,288,189,69,98,68,51,47,133,314,55,67,92,294,42,127,54,138,53,93,353,135,130,532,64,93,88,562,27,317,139,66,134,298,51,125,43,57,93,43,73,135,61,52,25,531,263,124,71,80,110,41,108,129,97,127,67,134,66,66,136,92,522,135,65,26,138,796,52,51,63,255,137,399,91,303,35,64,51,46,59,29,99,70,69,43,52,53,534,42,113,35,64,131,300,136,68,704,72,184,54,229,66,23,67,347,229,66,49,28,129,279,23,37,26,67,24,117,254,67,30,53,104,65,347,32,48,85,38,65,433,185,87,136,128,285,64,137,49,42,407,141,48,99,26,64,45,446,253,64,433,14,364,128,65,360,212,23,435,181,273,65,743,111,280,106,48,171,223,288,163,437,42,375,110,65,42,28,52,133,630,739,51,33,68,134,715,714,67,18,276,35,14,185,139,49,50,98,105,379,140,128,318,42,94,72,44,500,181,47,248,67,56,27,559,11,56,126,48,108,65,129,89,135,83,354,170,411,289,48,633,107,101,132,64,225,132,762,124,64,133,66,45,43,64,106,723,841,65,89,53,145,62,46,239,54,405,140,242,546,62,129,48,14,42,54,62,202,134,64,49,95,68,11,74,859,38,458,849,37,250,745,58,133,46,166,27,127,69,64,66,59,46,137,66,42,43,426,76,652,111,252,68,888,133,47,268,412,85,119,90,134,138,309,127,163,48,11,51,68,32,41,132,136,39,32,32,56,44,283,281,82,548,62,65,23,139,28,64,266,64,67,130,89,268,68,50,331,310,107,265,31,56,81,222,64,123,297,69,795,55,78,83,46,135,140,68,133,24,407,50,125,37,492,64,132,108,349,74,215,46,105,49,358,166,471,79,635,11,13,205,66,66,286,338,97,63,140,107,256,784,68,137,132,73,96,66,87,139,54,53,162,67,112,68,155,184,41,127,133,18,336,557,65,239,70,103,132,237,50,213,132,34,136,130,284,253,72,25,187,42,128,67,67,35,70,32,288,58,269,466,136,385,258,86,347,36,378,455,206,407,336,386,113,252,211,50,122,129,127,67,407,125,239,54,34,135,223,94,129,142,212,69,50,302,97,38,410,249,63,68,40,32,130,41,515,66,168,294,46,496,217,70,394,38,121,66,307,29,48,210,424,243,562,130,511,251,359,399,67,135,272,528,32,306,543,178,417,62,67,148,25,60,294,44,429,131,123,32,25,364,88,66,51,412,768,95,189,51,330,101,703,155,19,427,116,67,129,84,144,68,250,66,98,65,106
2026-07-01,99,239,35,189,51,111,42,210,139,28,676,140,52,37,18,43,169,49,205,328,9,19,35,247,53,327,136,19,374,72,101,621,41,463,128,208,187,52,86,53,42,42,106,262,37,51,89,241,37,102,41,106,36,86,265,113,108,423,53,94,91,498,19,247,107,52,94,274,41,101,37,42,91,36,50,105,48,46,28,458,254,125,53,60,89,37,72,105,92,102,53,109,53,55,110,75,421,112,56,29,124,601,44,41,54,211,141,342,89,199,18,52,43,58,53,28,94,54,64,38,43,34,336,36,70,25,51,107,293,103,57,416,68,156,43,159,53,17,53,236,216,54,54,21,107,225,15,25,27,53,30,107,237,52,27,34,85,51,293,20,43,75,26,51,383,161,75,106,104,241,52,109,43,36,313,103,42,68,29,56,37,327,204,55,333,10,331,102,52,287,223,17,338,122,230,50,581,72,220,71,43,150,183,241,118,270,35,296,72,56,37,19,43,104,493,554,56,19,52,108,639,576,51,9,223,35,10,198,108,43,59,90,89,329,103,106,254,39,94,35,35,497,169,35,211,50,53,28,479,17,39,106,33,70,56,107,75,98,75,349,155,295,240,46,418,86,84,107,53,191,107,675,108,55,112,54,38,38,51,132,544,686,53,83,42,153,54,43,204,36,272,109,138,481,53,99,43,9,34,34,51,194,109,52,45,86,53,18,52,716,25,277,701,27,214,437,34,108,38,119,28,106,52,70,49,55,38,117,55,71,38,270,124,454,74,197,50,702,102,43,232,295,103,67,90,104,87,234,104,95,57,18,43,53,19,25,109,105,26,18,18,45,25,249,226,72,386,54,52,37,120,26,54,216,52,53,101,95,230,51,43,210,266,86,199,29,34,49,207,54,110,228,37,630,43,38,72,45,104,108,54,107,29,306,42,105,19,425,52,115,86,224,53,179,33,86,54,278,111,367,73,472,18,10,131,53,54,236,230,89,52,101,67,205,574,54,110,103,50,85,53,77,102,35,44,149,51,69,56,115,122,25,110,104,9,197,426,38,138,53,85,107,159,42,128,106,32,106,120,255,232,54,29,125,38,121,53,55,34,52,55,244,54,227,361,109,280,200,74,280,34,297,461,129,338,272,316,69,209,189,42,71,107,106,52,339,102,195,33,34,107,188,93,104,104,192,52,46,274,86,26,353,122,55,67,25,19,107,38,314,53,122,238,30,454,133,57,315,26,123,50,238,27,45,171,360,112,451,107,436,218,287,345,51,101,200,362,34,251,431,121,339,55,54,171,28,54,233,71,353,106,74,19,28,371,62,52,44,329,606,90,162,43,289,83,657,136,9,331,72,49,109,74,113,54,215,53,83,53,70
2026-07-02,123,221,86,208,61,112,37,253,175,32,729,183,54,53,29,52,81,59,227,428,21,44,29,343,58,505,224,8,378,73,122,755,48,714,173,242,132,55,75,57,49,35,118,284,49,58,73,264,36,120,53,117,50,72,324,118,115,493,59,74,60,496,16,320,111,60,103,234,50,120,40,51,72,36,60,111,59,48,17,486,244,137,54,48,101,38,106,110,73,116,56,118,55,62,115,78,485,114,59,17,133,668,48,52,59,241,118,388,72,265,43,61,49,32,60,30,73,56,57,40,51,50,481,40,99,27,56,113,236,120,62,600,62,171,50,216,57,20,53,365,173,59,31,16,105,226,19,29,16,56,16,120,263,57,30,48,96,59,344,32,36,75,30,57,470,179,74,116,117,267,60,120,37,38,395,119,37,52,16,60,36,339,241,59,392,8,257,116,57,336,191,21,351,198,266,60,690,99,259,106,51,153,188,277,136,394,38,327,95,60,36,16,49,113,567,632,30,31,57,116,598,609,61,23,227,27,8,111,118,35,31,72,96,350,121,111,266,38,73,89,37,408,151,39,214,40,62,15,531,8,48,117,39,108,56,120,74,113,71,400,156,345,245,35,548,101,96,112,59,211,117,771,116,65,107,57,38,39,59,73,594,708,57,73,48,85,61,37,235,48,370,112,233,444,56,119,36,8,37,49,57,163,109,57,36,68,59,7,55,727,29,418,785,25,219,670,47,121,39,91,16,114,60,53,54,58,36,124,61,32,38,375,57,647,103,230,54,849,116,39,238,360,55,99,68,125,143,253,115,167,31,8,35,55,31,43,113,113,28,28,29,52,43,218,236,76,460,59,60,16,141,31,58,219,59,58,111,59,218,56,38,304,238,106,238,30,52,81,152,55,122,256,62,724,50,85,76,36,118,115,58,115,16,331,48,112,45,445,56,122,105,321,56,230,41,96,31,309,143,432,79,544,8,8,186,54,58,230,266,74,57,118,108,233,724,58,113,112,56,74,57,75,118,53,51,129,57,101,58,125,163,44,117,113,21,308,493,61,216,57,93,118,175,49,219,121,28,117,117,213,229,57,16,167,40,106,55,61,28,56,23,268,63,271,474,116,372,216,76,319,28,324,423,198,372,295,386,102,245,163,48,115,117,117,59,345,111,228,49,29,111,189,76,115,113,199,60,51,273,97,29,349,308,60,56,40,28,118,37,467,58,118,251,39,332,205,58,337,28,107,52,276,30,36,214,389,280,520,116,460,230,329,385,57,115,242,415,28,262,445,142,351,61,59,102,17,62,275,33,370,114,104,29,17,278,82,57,34,359,662,75,191,37,283,103,629,127,21,373,99,58,116,74,130,62,239,59,99,59,99
2026-07-03,108,270,76,209,58,110,37,242,172,31,674,179,55,48,30,46,124,56,234,409,19,38,24,311,56,352,213,12,413,88,111,763,45,578,141,240,142,56,75,58,44,38,108,262,45,54,79,258,44,112,43,111,42,70,299,108,113,527,52,75,88,444,22,273,104,56,88,217,41,118,43,43,76,44,57,117,56,42,24,449,225,140,57,70,87,43,89,119,76,114,56,109,55,56,114,85,511,117,53,23,153,665,45,46,55,230,102,322,74,166,38,55,44,50,62,30,73,54,51,40,45,44,404,44,84,26,58,111,227,113,58,533,47,168,45,197,58,12,55,268,185,56,51,25,105,234,13,25,24,57,24,116,284,57,33,45,89,54,328,30,36,88,27,54,362,187,82,118,111,236,56,114,36,39,346,112,37,86,24,56,44,354,205,58,316,12,278,106,56,274,169,13,367,167,233,56,653,88,225,88,42,177,207,275,91,351,44,311,89,57,43,24,44,110,514,565,51,33,56,107,637,571,54,19,227,25,12,165,113,38,48,66,81,347,111,106,265,44,74,75,44,351,190,42,215,61,65,23,462,12,47,113,26,88,58,117,84,112,89,427,180,317,251,36,502,85,89,114,55,198,115,636,107,53,118,57,44,41,58,109,565,698,55,76,43,127,59,38,202,43,331,107,177,488,55,113,37,11,47,43,56,155,109,54,37,75,54,12,49,705,25,351,716,25,197,616,44,121,46,150,24,113,56,49,54,55,44,130,60,48,42,329,90,552,91,223,58,771,114,37,241,306,86,86,75,108,107,273,118,136,47,12,37,56,32,32,114,114,26,29,32,42,34,214,241,89,425,60,55,24,144,30,57,257,53,55,111,85,262,57,37,267,237,89,210,31,46,60,173,60,112,233,63,664,44,79,88,37,107,111,61,114,24,318,44,114,40,418,57,119,96,359,51,202,27,90,46,317,91,436,84,495,12,12,164,55,56,238,215,71,53,114,89,271,679,51,115,111,53,74,59,85,109,43,45,122,58,92,56,113,157,31,110,110,19,258,455,57,234,58,90,105,173,45,214,105,26,116,150,237,256,48,25,159,41,87,53,58,24,52,37,258,68,246,373,111,326,209,85,306,25,309,349,210,344,333,340,87,221,152,47,128,116,115,58,442,114,207,46,24,112,203,71,110,112,181,54,42,306,90,26,343,265,56,47,32,33,114,46,407,54,113,299,26,341,201,59,331,24,89,57,262,31,39,189,354,253,461,116,463,227,338,371,59,110,236,331,25,248,476,106,352,54,59,141,24,60,248,48,369,110,118,30,25,300,51,58,34,334,656,76,203,39,320,89,587,165,19,401,88,60,115,90,139,55,233,54,89,55,87
2026-07-04,0,0,0,0,0,0,0,0,0,0,0,0,0,0,0,0,0,0,0,0,0,0,0,0,0,0,0,0,0,0,0,0,0,0,0,0,0,0,0,0,0,0,0,0,0,0,0,0,0,0,0,0,0,0,0,0,0,0,0,0,0,0,0,0,0,0,0,0,0,0,0,0,0,0,0,0,0,0,0,0,0,0,0,0,0,0,0,0,0,0,0,0,0,0,0,0,0,0,0,0,0,0,0,0,0,0,0,0,0,0,0,0,0,0,0,0,0,0,0,0,0,0,0,0,0,0,0,0,0,0,0,0,0,0,0,0,0,0,0,0,0,0,0,0,0,0,0,0,0,0,0,0,0,0,0,0,0,0,0,0,0,0,0,0,0,0,0,0,0,0,0,0,0,0,0,0,0,0,0,0,0,0,0,0,0,0,0,0,0,0,0,0,0,0,0,0,0,0,0,0,0,0,0,0,0,0,0,0,0,0,0,0,0,0,0,0,0,0,0,0,0,0,0,0,0,0,0,0,0,0,0,0,0,0,0,0,0,0,0,0,0,0,0,0,0,0,0,0,0,0,0,0,0,0,0,0,0,0,0,0,0,0,0,0,0,0,0,0,0,0,0,0,0,0,0,0,0,0,0,0,0,0,0,0,0,0,0,0,0,0,0,0,0,0,0,0,0,0,0,0,0,0,0,0,0,0,0,0,0,0,0,0,0,0,0,0,0,0,0,0,0,0,0,0,0,0,0,0,0,0,0,0,0,0,0,0,0,0,0,0,0,0,0,0,0,0,0,0,0,0,0,0,0,0,0,0,0,0,0,0,0,0,0,0,0,0,0,0,0,0,0,0,0,0,0,0,0,0,0,0,0,0,0,0,0,0,0,0,0,0,0,0,0,0,0,0,0,0,0,0,0,0,0,0,0,0,0,0,0,0,0,0,0,0,0,0,0,0,0,0,0,0,0,0,0,0,0,0,0,0,0,0,0,0,0,0,0,0,0,0,0,0,0,0,0,0,0,0,0,0,0,0,0,0,0,0,0,0,0,0,0,0,0,0,0,0,0,0,0,0,0,0,0,0,0,0,0,0,0,0,0,0,0,0,0,0,0,0,0,0,0,0,0,0,0,0,0,0,0,0,0,0,0,0,0,0,0,0,0,0,0,0,0,0,0,0,0,0,0,0,0,0,0,0,0,0,0,0,0,0,0,0,0,0,0,0,0,0,0,0,0,0,0,0,0,0,0,0,0,0,0,0,0,0,0,0,0,0,0,0,0,0,0,0,0,0,0,0,0,0,0,0,0,0,0,0,0,0,0,0,0,0,0,0,0,0,0,0,0,0,0,0,0,0,0,0,0,0,0,0
2026-07-05,0,0,0,0,0,0,0,0,0,0,0,0,0,0,0,0,0,0,0,0,0,0,0,0,0,0,0,0,0,0,0,0,0,0,0,0,0,0,0,0,0,0,0,0,0,0,0,0,0,0,0,0,0,0,0,0,0,0,0,0,0,0,0,0,0,0,0,0,0,0,0,0,0,0,0,0,0,0,0,0,0,0,0,0,0,0,0,0,0,0,0,0,0,0,0,0,0,0,0,0,0,0,0,0,0,0,0,0,0,0,0,0,0,0,0,0,0,0,0,0,0,0,0,0,0,0,0,0,0,0,0,0,0,0,0,0,0,0,0,0,0,0,0,0,0,0,0,0,0,0,0,0,0,0,0,0,0,0,0,0,0,0,0,0,0,0,0,0,0,0,0,0,0,0,0,0,0,0,0,0,0,0,0,0,0,0,0,0,0,0,0,0,0,0,0,0,0,0,0,0,0,0,0,0,0,0,0,0,0,0,0,0,0,0,0,0,0,0,0,0,0,0,0,0,0,0,0,0,0,0,0,0,0,0,0,0,0,0,0,0,0,0,0,0,0,0,0,0,0,0,0,0,0,0,0,0,0,0,0,0,0,0,0,0,0,0,0,0,0,0,0,0,0,0,0,0,0,0,0,0,0,0,0,0,0,0,0,0,0,0,0,0,0,0,0,0,0,0,0,0,0,0,0,0,0,0,0,0,0,0,0,0,0,0,0,0,0,0,0,0,0,0,0,0,0,0,0,0,0,0,0,0,0,0,0,0,0,0,0,0,0,0,0,0,0,0,0,0,0,0,0,0,0,0,0,0,0,0,0,0,0,0,0,0,0,0,0,0,0,0,0,0,0,0,0,0,0,0,0,0,0,0,0,0,0,0,0,0,0,0,0,0,0,0,0,0,0,0,0,0,0,0,0,0,0,0,0,0,0,0,0,0,0,0,0,0,0,0,0,0,0,0,0,0,0,0,0,0,0,0,0,0,0,0,0,0,0,0,0,0,0,0,0,0,0,0,0,0,0,0,0,0,0,0,0,0,0,0,0,0,0,0,0,0,0,0,0,0,0,0,0,0,0,0,0,0,0,0,0,0,0,0,0,0,0,0,0,0,0,0,0,0,0,0,0,0,0,0,0,0,0,0,0,0,0,0,0,0,0,0,0,0,0,0,0,0,0,0,0,0,0,0,0,0,0,0,0,0,0,0,0,0,0,0,0,0,0,0,0,0,0,0,0,0,0,0,0,0,0,0,0,0,0,0,0,0,0,0,0,0,0,0,0,0,0,0,0,0,0,0,0,0,0,0,0,0,0,0,0,0,0,0,0,0,0,0,0,0,0,0,0,0,0,0,0,0,0,0,0,0
2026-07-06,110,234,71,203,50,118,37,234,160,29,676,167,54,44,25,46,107,55,212,404,17,33,29,313,56,430,186,11,372,82,112,682,46,624,147,239,153,57,73,53,50,34,109,282,45,57,79,254,37,113,46,103,43,71,301,117,110,482,54,73,65,503,16,300,113,55,95,221,48,112,39,46,74,38,54,112,54,46,19,450,237,127,51,47,92,39,87,110,74,109,57,107,54,50,105,74,464,114,53,20,116,661,46,44,54,214,113,346,72,230,37,54,46,37,55,30,73,56,56,36,47,45,438,37,92,26,54,113,244,100,54,555,58,171,49,199,56,18,53,301,185,52,38,16,107,247,18,26,20,56,19,118,248,61,27,44,98,54,332,26,36,78,26,54,422,174,77,110,103,243,52,110,40,37,337,107,37,54,18,53,38,343,210,58,348,8,258,108,55,308,192,18,331,171,220,57,621,87,253,87,47,139,194,258,129,348,38,318,87,55,38,16,49,112,536,617,39,27,57,111,634,592,58,19,217,30,9,138,115,38,37,72,97,356,114,104,272,39,70,72,34,428,155,37,208,41,61,18,477,11,46,110,39,89,56,111,74,106,75,373,149,323,241,38,464,94,94,111,52,209,106,689,112,55,109,52,38,38,53,80,589,706,53,74,46,108,57,37,210,43,328,107,190,445,57,106,37,8,36,45,53,161,115,54,36,71,55,11,55,692,26,382,748,25,206,528,45,112,36,94,19,103,57,60,61,56,36,112,54,46,37,333,78,569,88,213,53,703,115,39,243,351,67,95,70,106,116,242,109,144,37,11,36,55,26,35,103,108,25,27,26,50,34,210,242,76,439,57,56,22,138,29,55,211,55,51,109,64,221,51,35,268,235,91,212,29,44,70,173,56,105,243,48,634,46,73,73,38,112,112,56,109,19,323,45,116,36,431,53,112,95,286,53,201,35,100,41,290,122,416,70,502,11,8,161,53,54,219,242,76,54,116,93,228,692,57,105,110,49,72,57,74,109,43,48,129,56,86,52,111,156,36,109,104,18,285,430,50,195,53,94,110,160,47,174,104,30,105,119,213,224,52,21,146,38,109,56,59,29,57,34,264,57,233,415,109,320,210,77,291,29,303,415,162,336,286,357,88,224,155,47,98,111,105,56,355,110,216,43,29,112,189,76,104,108,199,56,47,257,95,25,324,252,56,61,36,26,112,38,418,55,111,244,36,361,173,55,317,27,108,54,279,29,37,194,359,239,468,105,446,218,304,366,53,111,216,368,30,264,442,126,346,54,56,112,20,58,246,43,366,110,96,26,19,289,74,54,36,344,664,75,193,37,280,93,587,133,17,377,87,55,111,78,127,57,210,57,85,50,90
2026-07-07,112,245,60,220,59,113,40,224,148,31,667,146,59,40,22,52,154,57,217,365,14,29,34,271,58,395,153,17,376,82,106,693,51,547,137,238,159,57,87,55,48,40,112,290,39,52,80,243,40,118,49,113,39,86,293,116,112,499,58,84,73,553,14,305,116,59,90,244,48,111,35,51,79,38,52,111,59,51,23,500,235,137,58,43,95,37,79,112,84,122,59,111,54,53,106,81,445,120,56,22,134,650,49,52,57,228,137,389,79,237,31,57,50,46,63,33,79,58,66,37,48,41,399,36,83,26,58,115,275,117,52,501,67,174,47,177,56,18,55,280,204,56,49,14,118,229,17,24,25,57,22,123,282,60,32,41,100,56,349,23,42,74,26,60,437,178,76,113,109,251,59,110,41,38,343,119,40,49,24,56,36,343,230,58,345,7,292,113,54,317,222,18,323,151,238,58,595,86,232,79,47,156,199,268,120,319,39,310,81,55,36,14,49,114,584,574,47,22,55,113,650,568,55,15,228,34,7,159,112,41,46,83,94,354,102,113,295,39,81,62,39,486,165,36,203,36,63,22,534,16,49,110,37,79,58,114,72,115,80,407,152,317,256,40,432,105,95,110,57,199,118,722,112,53,116,57,39,41,58,107,635,700,57,88,49,124,57,40,226,40,291,112,176,476,56,103,39,7,39,39,56,182,114,57,41,83,58,17,48,735,25,337,760,25,227,502,38,111,41,81,22,114,53,64,57,60,39,123,56,58,38,296,107,498,81,208,57,736,110,43,238,326,89,87,85,112,111,261,120,124,46,16,41,55,22,34,114,112,24,22,21,47,34,249,253,76,448,54,55,32,134,30,55,223,58,56,115,72,228,56,41,240,257,92,219,33,38,71,182,54,113,234,48,681,51,64,73,39,116,106,57,118,23,323,51,111,32,425,54,112,96,240,50,215,37,102,43,294,124,405,75,512,15,7,157,51,57,226,242,84,57,117,78,209,686,56,111,102,51,85,55,78,103,38,52,158,56,76,56,106,131,33,110,112,15,237,432,44,167,59,103,111,167,49,156,119,35,109,122,237,230,49,23,125,40,115,60,56,34,58,47,249,59,236,423,114,297,201,73,282,33,281,465,150,334,297,361,78,223,165,52,88,114,115,56,363,116,209,40,33,110,184,77,107,109,212,57,51,273,94,25,365,205,56,69,33,23,108,39,379,57,112,260,37,393,143,54,346,26,122,59,279,31,42,180,384,198,481,102,455,243,309,410,56,113,215,344,32,262,436,113,355,54,56,138,23,61,242,59,354,111,84,23,23,333,71,56,40,363,710,87,200,41,309,101,637,144,15,379,76,56,116,75,130,57,234,55,98,55,82
2026-07-08,106,236,81,195,59,107,35,224,176,30,696,182,55,48,32,46,74,60,227,474,21,42,24,356,57,436,219,7,398,82,110,794,42,671,167,256,149,57,70,56,48,34,111,265,51,57,68,265,37,107,45,113,48,72,296,110,106,491,54,70,56,470,19,290,118,58,104,210,48,109,38,46,68,40,56,115,57,47,16,471,232,124,52,60,95,41,97,107,71,109,56,113,59,55,109,75,453,115,55,17,133,697,48,47,57,219,97,351,67,241,44,54,48,33,55,29,65,56,50,39,46,51,478,37,100,29,58,108,222,113,58,626,50,171,46,215,58,18,55,339,169,53,34,20,114,231,18,26,18,54,18,106,236,58,27,50,90,58,294,32,35,69,27,52,407,169,79,117,113,251,57,108,37,39,362,108,35,66,16,56,38,372,217,54,342,9,259,115,53,271,164,18,366,197,229,55,632,100,240,92,46,151,191,258,129,419,39,329,101,54,37,20,48,107,555,596,34,30,54,115,640,568,55,21,213,25,10,118,103,36,37,70,87,322,107,112,286,38,71,84,41,378,154,39,204,46,57,17,523,7,47,113,36,96,56,114,76,114,75,346,149,317,226,37,571,95,94,107,55,210,112,658,116,54,109,55,38,39,60,76,620,710,57,68,46,95,57,35,223,47,355,108,211,442,56,108,35,9,35,51,52,150,113,56,35,71,59,7,55,726,27,407,684,29,208,670,50,113,38,123,17,117,51,52,51,53,37,131,55,28,38,365,51,646,97,208,58,804,113,35,229,323,57,107,69,104,135,262,113,151,34,7,34,55,30,39,112,108,26,31,30,46,36,219,240,75,464,55,56,14,135,28,54,221,55,54,114,59,218,56,37,287,233,93,225,28,47,82,150,55,114,246,63,658,46,82,79,35,114,117,56,113,16,330,48,107,39,407,57,112,91,328,55,200,37,93,32,299,127,434,76,472,7,9,184,53,52,232,244,73,57,113,94,229,704,55,113,110,55,70,57,80,109,46,44,118,58,96,56,130,166,39,109,112,22,287,452,64,228,54,92,109,172,42,221,110,24,112,117,221,227,54,18,178,36,96,57,60,25,54,21,253,54,242,383,114,364,215,77,308,26,316,354,210,353,285,380,99,232,150,45,127,110,116,58,363,115,211,50,26,110,188,71,106,115,198,57,44,266,94,27,344,298,61,50,36,32,109,38,448,55,117,264,37,329,210,56,339,29,98,54,266,27,34,188,369,279,489,111,431,216,315,357,56,112,243,381,26,251,461,124,344,54,55,95,16,54,275,28,360,105,116,31,17,285,71,56,36,358,637,70,191,35,282,94,587,135,21,392,101,57,112,76,142,55,214,56,91,54,107
2026-07-09,137,310,97,278,67,137,44,290,201,37,821,217,68,56,39,58,149,67,291,533,25,49,31,417,70,525,276,13,500,109,143,915,54,734,188,287,182,69,86,64,55,46,134,321,56,68,90,310,53,139,56,136,54,91,370,144,133,664,70,87,94,596,25,340,132,66,105,282,55,140,48,56,86,51,68,137,66,55,26,551,293,166,65,75,113,53,111,141,89,132,68,135,67,71,140,103,631,136,72,27,188,818,60,57,70,289,130,472,90,228,53,70,55,56,78,39,82,69,63,52,59,54,525,51,107,29,68,141,293,139,67,612,63,213,56,251,73,17,69,337,205,70,53,26,142,277,16,29,27,73,28,163,326,71,37,58,117,68,377,38,44,108,29,67,501,233,102,141,138,302,71,144,44,54,419,134,43,87,26,74,52,423,267,70,445,12,315,131,69,380,214,16,443,230,298,71,827,109,280,110,53,210,232,314,122,459,51,416,104,70,52,26,52,137,659,792,52,37,68,142,780,718,68,24,276,30,13,202,127,41,53,89,112,412,145,134,354,51,78,99,51,427,220,53,274,69,74,26,605,14,58,144,36,109,70,138,103,137,95,530,199,367,298,44,622,112,118,137,72,239,131,798,132,70,140,66,51,51,69,115,737,910,68,86,60,143,71,47,259,54,424,138,219,522,66,131,43,13,55,57,71,196,138,70,42,86,70,14,58,868,30,458,909,30,260,697,62,141,55,159,27,137,67,61,71,69,52,165,71,59,52,407,95,634,111,252,70,969,136,44,277,399,95,108,84,133,155,289,140,179,54,13,42,70,35,44,132,134,30,40,39,58,43,245,300,103,560,67,69,28,178,37,65,311,65,68,136,88,320,66,43,339,281,108,268,40,54,83,205,67,138,283,71,792,55,99,101,43,137,133,71,146,27,374,60,140,49,508,70,128,119,422,60,246,33,112,53,355,117,526,100,605,15,13,199,70,69,285,267,87,67,134,110,321,811,71,131,140,65,89,76,105,138,51,57,139,71,109,68,128,201,43,135,138,27,339,535,77,264,66,111,132,189,54,269,143,30,140,170,268,325,62,26,180,52,119,70,69,31,71,43,322,80,303,508,140,422,239,106,393,31,392,414,255,412,389,456,115,275,170,54,151,140,141,68,478,149,255,53,31,143,267,86,135,136,245,64,57,369,108,28,427,351,70,62,44,38,138,52,487,66,131,384,34,420,260,67,397,31,113,66,317,40,42,247,487,320,595,142,540,308,406,451,72,143,269,409,33,313,547,138,433,69,71,160,27,75,310,52,462,135,137,38,26,338,70,71,47,416,791,91,258,43,385,109,722,175,25,463,109,70,135,109,181,62,267,69,110,73,107
2026-07-10,146,308,93,269,70,147,51,285,225,39,881,223,75,60,33,64,136,70,280,542,23,45,38,425,75,534,237,13,469,90,157,978,60,806,209,307,195,75,100,76,62,53,142,367,57,74,100,323,47,154,63,146,62,100,391,157,153,577,74,102,85,701,20,400,149,72,129,307,64,146,46,63,99,48,73,147,72,63,23,617,300,162,71,60,125,45,124,148,94,154,75,143,72,71,145,92,569,136,75,24,163,870,66,62,67,281,150,500,108,352,46,71,61,48,75,37,99,74,78,47,66,57,564,47,123,37,70,146,336,150,77,719,83,209,61,264,71,25,71,430,262,78,49,20,146,315,26,34,25,77,25,148,304,73,36,59,125,74,425,34,51,94,37,72,557,205,90,144,142,324,75,140,50,49,435,140,49,72,24,74,45,454,314,73,437,10,386,143,69,424,269,26,446,210,294,68,838,111,299,123,63,182,259,329,184,492,44,406,115,75,48,20,62,153,730,755,48,33,75,138,836,741,70,24,313,40,10,166,145,49,48,99,132,409,150,153,378,46,105,91,50,599,206,45,265,46,73,26,722,14,60,145,52,121,70,146,91,147,94,481,188,415,302,49,648,126,136,155,68,279,144,868,146,71,132,73,49,49,75,110,776,920,76,100,63,124,70,48,295,59,452,151,267,573,72,144,51,10,45,60,72,215,143,74,49,97,69,14,75,981,36,506,956,36,285,784,60,144,45,110,23,147,74,79,69,69,48,157,73,54,48,438,92,706,117,276,72,1006,141,52,285,435,88,110,101,144,167,317,141,192,45,14,48,71,33,47,135,140,34,33,34,63,51,307,347,90,551,78,75,28,175,37,72,262,75,75,136,80,296,71,48,346,327,125,295,36,61,97,210,77,146,302,65,885,63,90,94,50,145,157,72,147,25,441,64,142,46,544,73,131,124,366,69,268,53,128,49,369,173,596,99,669,14,10,232,78,70,302,324,95,77,155,128,289,947,73,143,148,72,101,73,95,142,59,63,180,79,113,72,162,198,51,144,142,22,334,567,66,231,69,123,151,230,63,223,154,40,142,158,302,268,75,24,199,48,153,72,70,44,76,40,330,75,336,578,150,416,268,94,360,39,422,525,234,463,363,486,120,277,224,65,136,143,149,74,428,138,265,62,39,148,252,101,156,151,265,75,67,342,121,36,436,317,73,79,50,34,146,49,520,73,154,303,51,490,207,74,417,38,143,74,367,34,53,258,496,300,620,140,627,282,413,484,76,136,280,489,39,364,566,173,427,73,72,154,23,77,341,53,481,151,110,32,23,412,102,74,48,461,871,98,241,51,358,125,833,165,23,503,115,69,150,90,164,76,291,73,122,73,116
2026-07-11,0,0,0,0,0,0,0,0,0,0,0,0,0,0,0,0,0,0,0,0,0,0,0,0,0,0,0,0,0,0,0,0,0,0,0,0,0,0,0,0,0,0,0,0,0,0,0,0,0,0,0,0,0,0,0,0,0,0,0,0,0,0,0,0,0,0,0,0,0,0,0,0,0,0,0,0,0,0,0,0,0,0,0,0,0,0,0,0,0,0,0,0,0,0,0,0,0,0,0,0,0,0,0,0,0,0,0,0,0,0,0,0,0,0,0,0,0,0,0,0,0,0,0,0,0,0,0,0,0,0,0,0,0,0,0,0,0,0,0,0,0,0,0,0,0,0,0,0,0,0,0,0,0,0,0,0,0,0,0,0,0,0,0,0,0,0,0,0,0,0,0,0,0,0,0,0,0,0,0,0,0,0,0,0,0,0,0,0,0,0,0,0,0,0,0,0,0,0,0,0,0,0,0,0,0,0,0,0,0,0,0,0,0,0,0,0,0,0,0,0,0,0,0,0,0,0,0,0,0,0,0,0,0,0,0,0,0,0,0,0,0,0,0,0,0,0,0,0,0,0,0,0,0,0,0,0,0,0,0,0,0,0,0,0,0,0,0,0,0,0,0,0,0,0,0,0,0,0,0,0,0,0,0,0,0,0,0,0,0,0,0,0,0,0,0,0,0,0,0,0,0,0,0,0,0,0,0,0,0,0,0,0,0,0,0,0,0,0,0,0,0,0,0,0,0,0,0,0,0,0,0,0,0,0,0,0,0,0,0,0,0,0,0,0,0,0,0,0,0,0,0,0,0,0,0,0,0,0,0,0,0,0,0,0,0,0,0,0,0,0,0,0,0,0,0,0,0,0,0,0,0,0,0,0,0,0,0,0,0,0,0,0,0,0,0,0,0,0,0,0,0,0,0,0,0,0,0,0,0,0,0,0,0,0,0,0,0,0,0,0,0,0,0,0,0,0,0,0,0,0,0,0,0,0,0,0,0,0,0,0,0,0,0,0,0,0,0,0,0,0,0,0,0,0,0,0,0,0,0,0,0,0,0,0,0,0,0,0,0,0,0,0,0,0,0,0,0,0,0,0,0,0,0,0,0,0,0,0,0,0,0,0,0,0,0,0,0,0,0,0,0,0,0,0,0,0,0,0,0,0,0,0,0,0,0,0,0,0,0,0,0,0,0,0,0,0,0,0,0,0,0,0,0,0,0,0,0,0,0,0,0,0,0,0,0,0,0,0,0,0,0,0,0,0,0,0,0,0,0,0,0,0,0,0,0,0,0,0,0,0,0,0,0,0,0,0,0,0,0,0,0,0,0,0,0,0,0,0,0,0,0,0,0,0,0,0,0,0,0,0
2026-07-12,0,0,0,0,0,0,0,0,0,0,0,0,0,0,0,0,0,0,0,0,0,0,0,0,0,0,0,0,0,0,0,0,0,0,0,0,0,0,0,0,0,0,0,0,0,0,0,0,0,0,0,0,0,0,0,0,0,0,0,0,0,0,0,0,0,0,0,0,0,0,0,0,0,0,0,0,0,0,0,0,0,0,0,0,0,0,0,0,0,0,0,0,0,0,0,0,0,0,0,0,0,0,0,0,0,0,0,0,0,0,0,0,0,0,0,0,0,0,0,0,0,0,0,0,0,0,0,0,0,0,0,0,0,0,0,0,0,0,0,0,0,0,0,0,0,0,0,0,0,0,0,0,0,0,0,0,0,0,0,0,0,0,0,0,0,0,0,0,0,0,0,0,0,0,0,0,0,0,0,0,0,0,0,0,0,0,0,0,0,0,0,0,0,0,0,0,0,0,0,0,0,0,0,0,0,0,0,0,0,0,0,0,0,0,0,0,0,0,0,0,0,0,0,0,0,0,0,0,0,0,0,0,0,0,0,0,0,0,0,0,0,0,0,0,0,0,0,0,0,0,0,0,0,0,0,0,0,0,0,0,0,0,0,0,0,0,0,0,0,0,0,0,0,0,0,0,0,0,0,0,0,0,0,0,0,0,0,0,0,0,0,0,0,0,0,0,0,0,0,0,0,0,0,0,0,0,0,0,0,0,0,0,0,0,0,0,0,0,0,0,0,0,0,0,0,0,0,0,0,0,0,0,0,0,0,0,0,0,0,0,0,0,0,0,0,0,0,0,0,0,0,0,0,0,0,0,0,0,0,0,0,0,0,0,0,0,0,0,0,0,0,0,0,0,0,0,0,0,0,0,0,0,0,0,0,0,0,0,0,0,0,0,0,0,0,0,0,0,0,0,0,0,0,0,0,0,0,0,0,0,0,0,0,0,0,0,0,0,0,0,0,0,0,0,0,0,0,0,0,0,0,0,0,0,0,0,0,0,0,0,0,0,0,0,0,0,0,0,0,0,0,0,0,0,0,0,0,0,0,0,0,0,0,0,0,0,0,0,0,0,0,0,0,0,0,0,0,0,0,0,0,0,0,0,0,0,0,0,0,0,0,0,0,0,0,0,0,0,0,0,0,0,0,0,0,0,0,0,0,0,0,0,0,0,0,0,0,0,0,0,0,0,0,0,0,0,0,0,0,0,0,0,0,0,0,0,0,0,0,0,0,0,0,0,0,0,0,0,0,0,0,0,0,0,0,0,0,0,0,0,0,0,0,0,0,0,0,0,0,0,0,0,0,0,0,0,0,0,0,0,0,0,0,0,0,0,0,0,0,0,0,0,0,0,0,0,0,0,0,0
2026-07-13,122,293,88,254,61,117,42,276,152,40,705,162,61,47,27,53,167,64,227,434,23,43,33,311,60,445,189,17,428,88,122,739,58,641,153,245,150,64,84,62,55,37,123,336,45,59,80,285,45,115,58,116,45,83,327,121,122,609,57,77,76,612,11,344,120,61,86,249,57,118,47,55,78,46,61,127,62,57,23,527,265,169,62,34,112,49,88,122,78,134,62,123,63,59,122,91,571,129,62,24,163,735,54,58,59,279,133,462,82,220,44,62,58,46,81,36,84,58,65,44,56,48,419,45,94,24,61,126,241,114,64,523,66,195,55,213,62,16,61,341,192,59,46,12,126,268,17,22,22,64,23,156,347,66,40,44,110,62,381,29,39,85,22,66,517,205,85,131,124,285,61,116,41,44,357,121,41,40,22,66,48,355,249,64,410,6,294,127,61,352,224,17,379,189,259,64,729,90,279,93,61,165,236,285,122,353,44,344,87,63,44,11,53,126,713,668,48,28,63,123,696,652,59,22,251,36,6,163,125,40,45,84,116,383,121,121,289,43,75,85,45,484,196,44,237,29,77,23,610,17,57,121,33,92,67,125,90,117,87,507,179,345,264,40,494,107,112,121,65,250,123,792,123,60,126,62,46,43,61,111,704,779,64,83,56,127,66,39,261,45,350,121,207,500,62,134,42,6,44,44,62,177,124,63,40,88,63,17,48,816,22,355,783,21,238,553,42,126,45,76,24,130,61,69,58,64,45,143,61,66,42,330,116,578,85,222,64,855,119,41,267,365,88,89,77,123,129,279,125,165,49,17,40,63,28,41,125,115,23,29,29,54,39,229,287,94,464,62,64,35,180,39,60,255,64,64,125,73,271,61,41,266,265,118,223,41,46,83,185,64,126,274,60,770,57,89,85,38,121,123,60,127,23,360,51,124,44,490,60,132,114,283,44,243,36,108,48,313,123,467,86,554,18,6,170,58,61,266,204,82,65,122,88,260,762,61,129,127,46,87,62,89,120,47,56,160,67,89,63,98,142,38,120,126,24,289,502,57,205,58,109,124,144,60,200,122,36,116,145,243,276,45,23,146,46,112,60,61,33,61,51,287,81,281,526,124,328,214,95,322,35,341,450,182,399,340,446,90,247,158,57,105,125,129,61,498,127,243,46,33,125,224,85,126,123,238,64,52,304,110,23,378,307,63,64,40,27,129,46,416,61,91,317,35,390,188,64,384,24,114,60,323,39,41,236,416,303,524,119,526,250,368,421,61,126,229,300,34,299,502,108,362,59,62,154,23,80,291,62,402,126,89,28,23,335,71,58,42,369,747,80,259,41,361,110,678,160,23,421,88,66,127,92,158,64,266,60,118,60,90
2026-07-14,127,297,92,253,59,117,36,252,155,40,714,176,59,46,33,49,150,63,230,411,22,49,27,339,62,437,239,14,401,95,126,736,53,654,156,249,143,59,73,61,49,34,129,295,45,61,67,280,46,123,53,116,47,71,314,117,118,580,57,71,77,535,17,321,122,62,75,227,51,121,45,48,68,49,59,119,61,49,23,489,258,161,58,53,91,48,98,123,75,118,60,124,62,58,122,95,593,119,61,22,171,734,51,54,64,274,110,421,71,178,49,64,54,43,78,39,74,59,55,50,54,44,441,46,89,23,63,116,239,128,62,524,53,195,48,217,60,13,65,295,184,58,46,18,119,259,13,22,24,59,23,152,348,57,41,45,102,58,350,32,35,95,22,66,454,211,96,118,122,253,59,127,36,48,342,115,35,60,23,59,46,366,247,58,377,9,261,123,61,306,179,13,390,186,239,60,698,96,268,94,47,179,223,289,89,367,47,350,88,61,48,18,52,118,575,637,46,34,60,119,690,656,56,26,248,27,9,162,114,35,46,71,94,381,123,117,302,48,72,92,45,394,190,47,223,46,72,23,504,13,55,122,27,92,63,125,97,122,96,461,181,352,258,35,519,100,98,121,64,219,118,778,116,63,121,62,49,48,59,106,605,735,58,76,47,126,58,36,231,45,355,126,187,496,56,120,38,10,49,45,62,157,119,59,34,66,61,14,47,742,22,380,784,23,213,598,44,121,47,111,21,119,58,53,62,58,48,153,61,56,46,332,95,564,92,228,55,780,121,36,255,346,82,90,73,124,145,278,124,163,45,14,36,59,33,36,120,117,21,33,32,52,38,200,283,92,482,58,55,28,177,39,61,244,57,58,120,77,303,62,37,284,221,98,236,38,45,71,164,59,116,256,65,752,52,94,95,37,116,126,55,116,24,333,51,118,45,458,59,110,101,363,44,234,25,98,45,319,96,443,93,498,14,9,178,62,59,232,193,71,60,122,87,283,718,57,119,117,44,76,59,89,113,47,55,126,58,97,61,98,153,38,120,119,25,280,497,68,248,61,105,122,144,55,238,126,27,117,155,224,272,41,24,148,46,89,60,64,26,61,39,277,75,273,452,125,324,208,90,321,27,344,363,217,365,362,420,97,244,143,50,125,114,122,61,454,122,223,45,27,122,260,73,125,120,234,58,49,344,101,22,367,349,59,50,37,32,122,46,399,59,101,313,25,344,209,62,358,21,92,62,298,38,33,222,405,314,486,120,510,258,368,411,64,114,232,319,26,276,504,104,361,58,59,134,23,77,274,57,382,119,124,32,23,301,49,58,34,358,664,71,252,36,370,105,643,163,25,386,94,62,116,91,165,65,260,60,106,62,89
2026-07-15,138,289,68,238,68,132,51,265,178,35,818,183,71,51,27,57,174,63,272,442,17,34,42,348,67,490,186,19,449,89,133,859,58,678,176,264,198,63,96,68,60,49,126,353,47,62,104,295,44,131,56,128,52,99,352,138,135,560,68,102,85,612,19,349,130,64,117,276,57,127,42,60,101,42,66,134,68,58,27,573,289,165,69,52,121,44,93,129,98,137,65,137,67,67,130,91,493,142,64,27,158,760,60,58,66,248,174,476,103,293,34,63,57,55,69,37,102,67,85,45,57,48,445,45,103,30,66,134,326,135,69,598,82,215,57,217,66,24,68,344,259,65,54,18,128,258,23,34,28,64,28,141,328,69,36,51,122,67,403,25,52,85,33,67,523,200,87,131,134,302,70,127,54,48,422,138,48,63,28,69,43,425,274,62,382,9,366,134,68,371,282,24,409,171,270,63,763,102,254,97,55,172,234,310,161,402,43,415,103,67,43,18,60,136,703,769,57,27,68,132,786,652,70,17,273,41,9,198,135,50,55,107,121,423,138,143,342,45,101,66,43,593,193,45,266,46,67,28,579,17,58,127,41,99,66,134,89,131,83,484,174,393,306,50,503,119,116,133,66,243,131,820,135,67,137,67,46,44,68,129,691,858,67,97,58,141,68,49,264,48,360,133,228,529,63,131,51,9,42,46,65,217,132,68,50,103,66,18,63,868,31,420,872,31,268,623,48,136,46,104,28,133,64,82,67,67,45,139,69,73,45,356,129,601,99,263,69,870,139,47,294,397,100,97,98,144,134,283,138,160,52,17,49,67,27,39,142,135,32,26,26,59,40,303,275,87,534,67,66,37,158,35,62,260,65,65,135,89,263,68,51,295,321,115,255,33,50,83,219,66,131,290,51,839,60,63,89,52,136,129,69,132,28,389,54,131,35,507,67,136,110,286,65,242,45,109,57,336,161,510,89,602,18,9,175,68,64,276,304,97,62,132,91,244,824,69,124,135,65,104,67,87,132,48,56,181,66,101,66,139,159,41,132,135,17,312,533,52,189,66,116,138,199,61,167,146,40,129,143,309,269,65,25,165,44,157,65,67,37,64,56,320,72,293,509,135,357,240,88,348,41,354,560,166,396,368,422,94,263,196,57,103,135,140,70,424,133,244,49,39,131,226,105,135,134,248,67,57,316,120,31,429,235,70,81,39,27,136,42,441,63,140,299,46,492,188,66,388,33,141,67,333,37,46,214,451,226,574,132,565,259,395,473,67,136,250,435,42,307,553,143,413,68,69,178,28,71,291,71,422,136,95,27,26,388,92,64,54,418,794,94,227,49,365,116,768,161,17,456,96,71,130,83,147,65,275,66,111,67,94
2026-07-16,122,234,82,202,61,128,39,266,204,27,754,196,60,53,32,53,74,60,248,503,21,38,33,377,61,555,208,8,451,74,118,802,50,722,188,261,170,63,86,65,51,39,126,301,54,61,83,280,39,123,50,129,55,84,341,126,123,484,62,81,64,571,21,299,122,62,129,254,52,125,42,50,80,41,59,120,63,51,18,487,257,125,62,59,103,39,100,133,79,116,60,120,61,61,119,74,488,122,60,19,132,757,48,49,61,228,121,388,87,306,42,60,56,37,60,28,84,58,62,40,51,52,536,38,106,32,61,124,271,117,60,662,59,183,48,255,65,23,63,375,208,58,36,19,123,250,23,34,17,62,18,123,255,61,29,54,103,61,353,32,41,82,36,60,445,178,75,126,127,272,64,122,42,38,370,118,40,69,17,64,38,379,232,59,389,10,301,120,60,347,221,23,382,202,250,66,775,113,279,110,57,152,215,246,157,430,38,335,110,57,40,20,54,124,602,712,38,29,58,125,727,637,66,21,240,31,10,118,129,43,37,85,104,382,120,125,298,40,84,80,41,464,163,37,228,49,54,17,530,7,54,122,47,112,66,131,80,131,76,391,153,354,281,40,585,106,100,125,66,229,116,735,112,61,124,66,40,40,62,77,665,794,62,81,50,99,59,40,250,58,437,125,260,485,66,121,43,10,39,56,65,179,131,62,40,84,62,8,67,763,32,446,784,30,234,694,55,121,38,121,18,127,60,62,60,63,39,131,62,32,37,388,60,716,108,243,64,847,117,40,262,387,63,107,83,117,148,277,129,166,37,8,42,61,31,43,123,128,33,31,33,49,46,245,253,79,467,62,63,16,130,27,62,218,62,60,121,65,226,63,40,321,268,110,238,28,52,87,183,62,125,274,61,773,53,88,85,41,128,119,64,128,18,374,52,136,45,470,60,120,102,353,70,241,45,109,36,328,162,489,79,562,8,10,209,59,62,252,290,83,65,122,106,240,753,61,117,126,64,81,65,79,127,55,51,159,61,113,64,135,182,45,120,128,20,352,489,65,231,66,108,119,201,54,219,122,32,124,128,232,220,67,18,184,39,118,65,63,32,60,24,276,59,277,474,124,397,222,79,329,30,340,434,194,405,298,395,104,256,178,52,125,128,116,62,393,124,241,51,28,121,195,86,109,122,208,59,52,277,109,34,366,280,59,60,44,32,121,39,506,60,138,255,47,362,202,59,367,33,110,62,287,28,40,213,419,259,522,127,523,259,355,376,57,127,257,473,33,297,481,160,357,60,63,101,18,61,285,30,396,116,115,31,18,329,90,63,40,393,728,80,198,41,299,110,629,141,21,437,109,62,125,78,135,63,254,56,101,65,107
2026-07-17,123,277,58,231,64,125,46,259,149,33,780,160,64,42,23,51,191,62,232,400,14,29,39,306,61,379,159,20,450,89,120,773,58,609,148,249,194,61,97,58,51,49,122,318,44,59,96,282,40,126,54,128,46,102,324,126,124,526,61,93,85,635,17,324,125,61,100,305,53,126,41,49,102,40,65,122,64,52,29,561,284,140,61,53,108,39,88,131,96,125,61,125,61,65,120,79,486,130,63,28,132,717,52,54,63,244,155,417,93,255,25,59,51,58,66,33,94,63,81,41,50,44,428,43,89,29,61,121,335,126,61,545,82,197,56,177,62,19,60,291,240,67,59,19,129,256,20,30,29,66,28,131,310,63,33,40,107,62,369,23,48,87,28,61,444,197,84,125,121,290,58,120,50,42,382,127,47,63,28,64,43,402,245,61,355,9,345,128,63,340,243,19,364,155,260,63,724,89,273,87,53,163,221,293,143,370,42,316,83,64,44,19,53,131,612,737,54,22,61,124,811,609,63,14,252,40,9,194,121,51,55,99,111,382,128,120,300,41,92,54,42,539,180,41,257,43,65,28,591,20,56,124,37,87,59,124,78,119,81,443,172,376,281,49,464,109,99,126,62,214,116,772,120,65,127,61,43,39,63,129,675,808,59,100,54,153,60,50,221,44,320,124,187,504,62,118,45,9,42,44,59,213,123,57,48,92,58,19,60,813,30,364,846,31,253,538,41,123,43,99,28,135,62,74,65,63,42,138,64,75,42,310,131,556,89,235,56,833,123,48,278,367,100,84,96,130,114,261,125,133,56,19,48,62,24,33,125,120,28,24,25,48,35,282,272,86,515,62,62,38,148,32,61,246,62,64,120,98,240,61,48,250,314,110,232,31,42,59,218,64,129,274,46,788,55,54,86,46,129,127,61,131,28,372,53,124,28,494,63,127,100,251,58,220,41,107,59,335,139,458,82,541,19,9,160,62,64,257,269,95,63,127,89,233,719,63,127,126,62,96,63,87,124,44,53,175,65,86,61,127,153,33,125,130,14,268,464,47,159,63,106,124,187,54,171,128,41,124,129,316,261,55,28,148,42,124,64,58,38,59,57,282,63,281,456,124,323,224,84,335,38,325,515,151,417,328,405,87,247,195,54,90,122,129,64,395,121,230,42,38,124,207,97,119,122,233,59,52,313,104,30,378,198,62,84,31,24,123,41,384,64,128,282,39,465,155,62,356,29,136,59,306,32,44,199,420,188,512,126,564,244,351,413,64,125,226,388,40,275,466,133,405,63,60,177,29,63,283,74,395,123,88,24,29,397,82,62,49,364,679,102,212,48,325,108,721,161,14,416,88,59,118,84,149,64,247,66,107,61,87
2026-07-18,0,0,0,0,0,0,0,0,0,0,0,0,0,0,0,0,0,0,0,0,0,0,0,0,0,0,0,0,0,0,0,0,0,0,0,0,0,0,0,0,0,0,0,0,0,0,0,0,0,0,0,0,0,0,0,0,0,0,0,0,0,0,0,0,0,0,0,0,0,0,0,0,0,0,0,0,0,0,0,0,0,0,0,0,0,0,0,0,0,0,0,0,0,0,0,0,0,0,0,0,0,0,0,0,0,0,0,0,0,0,0,0,0,0,0,0,0,0,0,0,0,0,0,0,0,0,0,0,0,0,0,0,0,0,0,0,0,0,0,0,0,0,0,0,0,0,0,0,0,0,0,0,0,0,0,0,0,0,0,0,0,0,0,0,0,0,0,0,0,0,0,0,0,0,0,0,0,0,0,0,0,0,0,0,0,0,0,0,0,0,0,0,0,0,0,0,0,0,0,0,0,0,0,0,0,0,0,0,0,0,0,0,0,0,0,0,0,0,0,0,0,0,0,0,0,0,0,0,0,0,0,0,0,0,0,0,0,0,0,0,0,0,0,0,0,0,0,0,0,0,0,0,0,0,0,0,0,0,0,0,0,0,0,0,0,0,0,0,0,0,0,0,0,0,0,0,0,0,0,0,0,0,0,0,0,0,0,0,0,0,0,0,0,0,0,0,0,0,0,0,0,0,0,0,0,0,0,0,0,0,0,0,0,0,0,0,0,0,0,0,0,0,0,0,0,0,0,0,0,0,0,0,0,0,0,0,0,0,0,0,0,0,0,0,0,0,0,0,0,0,0,0,0,0,0,0,0,0,0,0,0,0,0,0,0,0,0,0,0,0,0,0,0,0,0,0,0,0,0,0,0,0,0,0,0,0,0,0,0,0,0,0,0,0,0,0,0,0,0,0,0,0,0,0,0,0,0,0,0,0,0,0,0,0,0,0,0,0,0,0,0,0,0,0,0,0,0,0,0,0,0,0,0,0,0,0,0,0,0,0,0,0,0,0,0,0,0,0,0,0,0,0,0,0,0,0,0,0,0,0,0,0,0,0,0,0,0,0,0,0,0,0,0,0,0,0,0,0,0,0,0,0,0,0,0,0,0,0,0,0,0,0,0,0,0,0,0,0,0,0,0,0,0,0,0,0,0,0,0,0,0,0,0,0,0,0,0,0,0,0,0,0,0,0,0,0,0,0,0,0,0,0,0,0,0,0,0,0,0,0,0,0,0,0,0,0,0,0,0,0,0,0,0,0,0,0,0,0,0,0,0,0,0,0,0,0,0,0,0,0,0,0,0,0,0,0,0,0,0,0,0,0,0,0,0,0,0,0,0,0,0,0,0,0,0,0,0,0,0,0
2026-07-19,0,0,0,0,0,0,0,0,0,0,0,0,0,0,0,0,0,0,0,0,0,0,0,0,0,0,0,0,0,0,0,0,0,0,0,0,0,0,0,0,0,0,0,0,0,0,0,0,0,0,0,0,0,0,0,0,0,0,0,0,0,0,0,0,0,0,0,0,0,0,0,0,0,0,0,0,0,0,0,0,0,0,0,0,0,0,0,0,0,0,0,0,0,0,0,0,0,0,0,0,0,0,0,0,0,0,0,0,0,0,0,0,0,0,0,0,0,0,0,0,0,0,0,0,0,0,0,0,0,0,0,0,0,0,0,0,0,0,0,0,0,0,0,0,0,0,0,0,0,0,0,0,0,0,0,0,0,0,0,0,0,0,0,0,0,0,0,0,0,0,0,0,0,0,0,0,0,0,0,0,0,0,0,0,0,0,0,0,0,0,0,0,0,0,0,0,0,0,0,0,0,0,0,0,0,0,0,0,0,0,0,0,0,0,0,0,0,0,0,0,0,0,0,0,0,0,0,0,0,0,0,0,0,0,0,0,0,0,0,0,0,0,0,0,0,0,0,0,0,0,0,0,0,0,0,0,0,0,0,0,0,0,0,0,0,0,0,0,0,0,0,0,0,0,0,0,0,0,0,0,0,0,0,0,0,0,0,0,0,0,0,0,0,0,0,0,0,0,0,0,0,0,0,0,0,0,0,0,0,0,0,0,0,0,0,0,0,0,0,0,0,0,0,0,0,0,0,0,0,0,0,0,0,0,0,0,0,0,0,0,0,0,0,0,0,0,0,0,0,0,0,0,0,0,0,0,0,0,0,0,0,0,0,0,0,0,0,0,0,0,0,0,0,0,0,0,0,0,0,0,0,0,0,0,0,0,0,0,0,0,0,0,0,0,0,0,0,0,0,0,0,0,0,0,0,0,0,0,0,0,0,0,0,0,0,0,0,0,0,0,0,0,0,0,0,0,0,0,0,0,0,0,0,0,0,0,0,0,0,0,0,0,0,0,0,0,0,0,0,0,0,0,0,0,0,0,0,0,0,0,0,0,0,0,0,0,0,0,0,0,0,0,0,0,0,0,0,0,0,0,0,0,0,0,0,0,0,0,0,0,0,0,0,0,0,0,0,0,0,0,0,0,0,0,0,0,0,0,0,0,0,0,0,0,0,0,0,0,0,0,0,0,0,0,0,0,0,0,0,0,0,0,0,0,0,0,0,0,0,0,0,0,0,0,0,0,0,0,0,0,0,0,0,0,0,0,0,0,0,0,0,0,0,0,0,0,0,0,0,0,0,0,0,0,0,0,0,0,0,0,0,0,0,0,0,0,0,0,0,0,0,0,0,0,0,0,0,0,0,0
2026-07-20,139,368,82,341,70,134,50,279,157,46,835,170,68,47,33,57,262,70,255,389,22,43,38,325,67,382,213,25,462,114,138,786,58,598,146,281,202,70,100,72,57,44,136,350,47,68,90,304,58,136,60,137,43,98,351,138,139,730,71,102,124,654,22,351,135,71,79,309,54,147,58,60,96,58,65,145,71,55,36,583,308,206,68,65,113,52,89,141,95,140,74,137,70,62,140,116,675,146,67,37,184,856,58,58,69,339,146,497,103,160,40,67,58,73,97,44,92,67,75,53,59,43,403,59,86,22,70,136,325,150,65,500,74,212,59,181,71,12,69,285,244,66,72,21,142,310,13,24,38,72,37,194,424,67,46,44,119,68,408,32,50,119,23,73,478,254,114,139,145,324,69,137,48,57,433,142,49,77,39,63,58,446,263,70,391,10,333,132,68,348,242,12,425,173,303,66,812,89,305,90,57,235,257,327,82,373,57,382,85,68,59,22,58,128,674,719,72,32,68,141,825,747,68,21,301,35,11,274,140,47,76,93,122,426,141,143,347,57,93,85,57,527,243,58,269,54,89,36,626,26,61,140,23,87,70,132,112,143,119,611,249,394,315,50,479,110,122,135,70,245,138,861,138,68,137,68,59,57,66,171,682,857,71,99,56,185,65,45,279,42,341,130,186,586,69,136,51,11,54,45,64,222,143,68,48,88,69,26,48,892,23,338,888,24,262,608,45,141,57,134,33,130,66,76,69,67,54,177,70,101,55,345,182,526,92,239,67,934,146,48,296,396,135,82,88,144,121,296,145,136,74,24,48,66,34,33,125,135,23,33,33,59,32,265,337,122,503,73,69,51,202,47,71,335,73,66,143,116,318,71,47,249,309,112,256,48,45,70,228,69,151,292,65,812,58,85,119,50,142,139,71,128,35,402,60,138,41,491,73,145,123,333,46,258,25,117,71,356,82,517,115,588,25,11,169,70,71,292,209,98,69,143,84,319,847,70,140,140,44,96,70,114,134,44,61,164,66,88,72,104,166,33,135,147,21,259,557,67,236,68,120,130,153,55,227,134,38,130,182,330,353,44,37,151,55,126,67,67,37,66,73,320,93,313,477,135,323,235,108,353,38,395,490,224,441,418,439,86,284,179,59,125,132,139,69,565,146,257,44,38,129,277,95,152,130,247,69,57,411,120,24,426,289,68,76,32,33,132,57,385,65,101,358,24,486,213,71,424,23,119,68,318,46,49,234,455,274,622,141,534,308,406,501,72,140,266,319,36,319,584,106,409,67,66,229,34,89,322,102,419,134,119,31,36,419,49,71,50,396,836,100,289,47,455,114,857,213,22,488,94,68,131,114,203,65,291,70,113,66,90
2026-07-21,119,278,74,185,64,135,44,271,191,29,784,211,62,49,33,48,101,62,261,504,18,39,29,374,62,459,238,10,442,88,133,848,52,702,192,274,178,66,91,64,52,45,119,261,56,63,86,303,44,121,50,131,52,86,325,134,127,563,62,85,84,533,29,299,137,62,122,261,50,122,45,49,83,43,62,119,62,50,25,508,264,125,62,88,97,42,102,123,88,131,66,122,58,64,122,80,539,122,63,24,140,747,48,48,60,227,120,377,86,258,39,64,48,48,60,29,91,63,59,42,48,51,498,44,100,32,66,127,276,125,61,672,57,168,48,239,65,20,65,335,232,61,45,29,119,261,20,33,23,61,24,113,246,62,28,55,100,65,323,32,42,85,34,63,412,193,84,122,120,280,60,121,47,39,391,131,42,98,24,65,41,383,241,61,393,15,338,122,65,302,203,20,394,196,253,61,710,105,262,100,50,183,223,276,148,414,43,364,102,62,46,28,50,124,561,684,49,33,61,130,701,675,61,19,239,30,14,166,129,44,51,92,105,376,119,137,304,42,87,78,40,428,172,45,220,71,58,24,502,10,49,123,42,103,66,124,84,117,90,360,167,385,287,44,577,95,99,128,66,225,119,711,132,64,114,62,45,42,65,105,645,853,64,89,49,131,60,44,243,51,397,138,218,524,63,134,45,13,40,50,62,185,131,63,45,92,64,11,69,832,34,447,786,32,235,685,52,123,45,169,23,127,67,61,64,61,43,144,67,40,45,415,68,660,107,245,62,845,128,45,270,369,87,113,93,123,142,282,119,157,48,10,44,61,34,37,128,122,34,33,33,49,38,270,276,84,503,62,64,19,134,29,64,245,64,65,124,86,253,60,43,323,285,98,239,28,48,75,205,62,119,266,65,739,51,79,86,44,124,127,59,126,24,374,51,119,36,457,64,130,103,349,69,228,41,91,46,348,144,493,86,571,9,14,197,63,59,268,295,84,60,126,106,269,746,61,125,129,71,83,62,93,125,51,47,139,63,101,63,159,191,38,130,132,18,300,482,65,246,62,99,131,211,49,248,130,32,137,137,262,264,68,23,203,42,110,65,62,30,60,30,286,58,261,430,128,384,229,87,341,28,350,420,225,378,340,365,98,260,189,49,133,128,119,63,371,125,232,51,30,126,225,87,118,126,201,63,48,292,93,35,398,261,61,55,40,33,121,44,480,64,154,273,40,420,224,66,351,35,109,62,286,29,42,214,408,237,525,127,499,247,352,387,63,126,261,471,30,286,476,154,390,64,62,140,25,59,293,40,398,128,126,32,24,344,83,61,44,392,738,88,200,44,335,97,702,152,19,424,108,65,132,84,153,63,257,62,95,62,111
2026-07-22,114,257,71,252,59,110,41,236,137,34,676,152,56,40,24,53,188,56,223,383,18,38,32,260,57,372,166,19,380,84,113,700,52,517,130,246,157,55,80,57,50,39,113,308,41,61,79,249,41,117,49,111,40,80,299,117,110,545,57,74,77,594,12,304,115,56,78,249,54,109,42,51,76,42,59,114,59,54,25,477,242,157,57,37,108,43,80,106,77,113,55,111,59,59,121,76,526,119,57,23,147,684,47,50,58,252,130,441,76,202,35,59,52,49,71,35,80,59,69,40,53,39,365,43,77,22,58,115,265,112,57,479,64,193,51,181,55,15,58,273,193,54,49,12,111,251,15,21,24,58,23,162,335,59,37,38,105,57,373,25,38,82,20,56,441,205,85,109,112,265,58,112,38,43,330,110,40,41,23,55,44,361,228,54,368,6,281,111,56,326,205,15,357,156,246,54,700,79,238,73,50,178,193,268,108,325,42,308,74,57,43,11,50,119,622,613,45,23,59,110,735,587,55,18,264,33,6,178,114,38,46,77,106,347,118,120,280,42,79,74,43,472,190,39,223,31,72,23,563,18,50,116,30,73,59,110,91,115,86,480,164,338,239,40,432,103,101,109,54,228,123,776,116,58,116,58,44,41,58,112,600,666,56,79,53,120,56,38,252,40,299,112,186,474,60,121,39,6,44,38,58,181,111,60,39,83,57,18,40,764,21,327,753,21,217,494,39,122,38,68,26,108,58,68,55,57,40,142,57,68,45,293,131,485,78,202,61,773,108,39,245,340,84,74,77,121,117,232,107,125,48,18,38,54,24,34,118,114,21,24,25,53,33,231,254,82,433,59,57,36,155,35,57,244,60,62,107,82,246,58,40,242,249,108,224,36,38,69,178,52,113,250,47,743,51,73,83,39,114,116,56,115,24,324,53,114,35,444,58,109,102,270,42,221,29,105,44,308,106,433,88,497,18,7,150,58,58,238,192,76,61,111,80,247,691,58,119,117,41,81,57,81,110,40,51,153,60,81,57,88,127,34,119,113,20,234,457,47,184,56,101,114,137,54,177,113,33,122,138,243,260,42,26,128,41,115,59,57,34,56,56,268,73,260,436,121,319,193,84,295,31,303,447,160,374,337,391,72,229,151,52,96,117,110,57,400,118,204,40,32,114,208,76,117,108,217,54,53,281,107,21,362,242,58,65,33,23,120,43,349,60,86,273,33,362,151,55,337,21,115,59,277,36,38,207,396,237,495,114,467,241,345,404,54,113,214,303,32,276,426,108,354,62,60,156,24,70,258,72,388,112,83,24,22,331,55,56,38,335,689,81,230,41,324,99,615,156,17,386,79,56,112,86,143,58,234,59,102,58,74
2026-07-23,116,262,67,237,57,113,40,241,140,34,648,157,54,40,21,49,181,58,204,366,16,32,33,269,61,403,164,19,382,79,108,753,50,515,125,242,160,57,86,58,52,40,109,287,40,64,85,246,40,122,50,109,39,80,305,113,114,529,59,83,81,551,14,308,116,57,86,254,49,112,39,51,85,40,58,123,57,53,24,500,250,158,60,40,101,41,77,116,78,112,57,124,59,53,105,81,472,110,55,27,142,658,48,54,55,245,143,405,83,207,32,60,50,47,72,35,81,56,67,42,50,38,362,41,74,24,59,112,282,117,57,473,69,180,50,165,56,16,57,259,193,57,49,13,115,252,16,23,26,53,25,131,314,56,33,37,106,59,378,23,38,80,23,58,423,198,79,110,116,252,55,114,39,42,331,111,40,51,24,56,40,363,220,61,348,7,297,116,61,332,226,16,371,153,239,56,611,78,254,75,52,157,198,265,109,302,42,326,78,56,40,14,52,117,599,593,46,23,55,115,693,614,55,16,242,36,6,176,120,42,47,83,98,367,118,112,282,41,86,64,40,498,191,41,228,34,70,24,556,19,46,115,30,79,55,116,84,113,80,419,166,319,246,43,421,97,103,106,55,215,123,677,119,58,116,55,42,42,58,121,618,713,58,81,49,131,59,40,234,37,306,115,173,503,60,109,41,7,41,39,61,174,113,59,42,79,58,18,47,767,24,315,776,22,224,502,42,115,40,84,25,111,55,63,58,63,42,127,53,75,42,299,126,505,76,213,57,765,115,41,250,343,96,76,83,107,110,246,116,125,47,18,42,52,24,33,118,118,24,23,23,54,32,241,255,81,456,58,56,37,153,34,56,237,58,52,111,85,250,54,41,247,261,102,218,32,39,65,197,57,114,232,45,710,51,65,76,41,113,110,57,123,25,328,49,118,33,443,58,122,99,271,48,207,32,100,50,310,108,428,82,512,19,7,148,57,61,241,209,84,56,107,77,249,704,56,115,114,49,83,59,76,115,38,52,150,53,77,60,97,136,30,113,114,16,254,431,44,175,56,101,117,147,46,160,115,32,119,129,250,246,46,26,121,40,122,58,57,33,56,55,270,72,254,437,112,273,196,80,303,35,311,438,156,341,325,390,77,241,151,49,94,115,120,57,377,111,207,41,34,113,208,82,111,119,223,58,49,286,104,23,353,209,58,65,34,24,108,41,386,55,97,283,33,375,157,57,332,24,119,56,285,34,42,193,386,221,474,113,488,230,310,411,56,112,225,312,34,287,451,108,369,59,59,168,26,67,260,70,362,116,85,22,26,334,64,56,39,350,660,80,226,41,337,96,667,146,15,389,79,54,114,87,136,57,252,58,103,60,77
2026-07-24,120,318,105,289,68,123,42,284,185,45,804,180,70,54,32,57,151,67,260,477,27,54,32,369,64,512,243,16,446,102,132,840,59,711,174,274,157,68,82,63,54,43,129,352,52,67,75,303,50,128,57,136,54,80,347,125,132,665,66,78,81,652,16,350,137,65,88,242,55,139,50,59,83,55,64,132,72,55,23,588,282,185,63,47,117,48,99,132,77,137,70,133,71,68,134,105,661,131,67,25,178,851,58,60,65,286,125,462,80,215,55,66,59,47,91,41,80,67,62,51,59,51,490,50,100,24,68,131,267,142,68,641,67,234,60,224,65,16,71,338,205,72,43,17,137,297,17,25,25,67,25,166,387,69,42,53,116,65,402,34,40,106,24,67,517,248,102,133,135,283,72,133,39,51,409,129,39,55,25,66,50,407,265,67,419,8,274,131,67,362,208,16,434,201,293,70,822,105,301,100,59,214,244,290,112,407,52,342,102,66,51,16,58,138,716,729,52,36,69,136,775,726,67,27,275,31,8,172,133,39,48,82,115,390,135,132,314,48,78,110,50,463,230,48,271,40,88,23,679,17,61,127,32,103,72,133,101,135,106,548,192,363,298,40,551,122,119,136,66,264,135,840,133,70,133,66,49,50,66,114,673,811,66,88,59,125,66,40,284,53,365,136,210,556,67,136,38,9,51,52,65,168,137,68,42,85,62,16,52,825,25,447,837,24,231,676,54,135,50,100,23,130,66,63,68,67,51,160,67,64,49,383,109,631,97,261,66,869,130,38,270,417,88,99,80,131,163,280,138,190,48,15,40,67,36,44,140,131,24,35,36,57,44,232,311,104,501,63,65,33,196,43,73,257,67,61,136,79,302,66,39,320,248,114,259,41,50,84,179,70,132,272,68,787,62,112,107,43,138,134,64,127,25,393,58,136,54,517,68,134,118,373,48,275,33,121,49,340,114,487,103,585,17,8,189,70,64,273,214,76,64,131,94,294,791,63,136,135,47,81,68,95,130,52,59,154,69,101,65,111,169,45,134,143,26,306,539,69,246,64,120,127,148,57,240,128,30,131,167,259,298,49,24,161,51,112,67,65,34,67,49,303,84,304,499,132,370,218,97,375,31,354,445,239,408,406,472,97,272,158,59,138,132,132,69,498,140,240,51,31,132,256,80,131,134,249,68,62,346,118,26,387,363,68,60,44,38,139,48,491,63,106,327,30,379,241,65,398,25,113,69,337,44,41,246,454,350,559,141,523,273,401,456,67,126,289,321,32,297,557,106,391,64,68,150,26,91,325,62,413,133,118,33,24,322,60,69,38,411,825,81,279,37,390,122,737,158,27,460,100,69,144,106,187,67,292,68,118,65,99
2026-07-25,0,0,0,0,0,0,0,0,0,0,0,0,0,0,0,0,0,0,0,0,0,0,0,0,0,0,0,0,0,0,0,0,0,0,0,0,0,0,0,0,0,0,0,0,0,0,0,0,0,0,0,0,0,0,0,0,0,0,0,0,0,0,0,0,0,0,0,0,0,0,0,0,0,0,0,0,0,0,0,0,0,0,0,0,0,0,0,0,0,0,0,0,0,0,0,0,0,0,0,0,0,0,0,0,0,0,0,0,0,0,0,0,0,0,0,0,0,0,0,0,0,0,0,0,0,0,0,0,0,0,0,0,0,0,0,0,0,0,0,0,0,0,0,0,0,0,0,0,0,0,0,0,0,0,0,0,0,0,0,0,0,0,0,0,0,0,0,0,0,0,0,0,0,0,0,0,0,0,0,0,0,0,0,0,0,0,0,0,0,0,0,0,0,0,0,0,0,0,0,0,0,0,0,0,0,0,0,0,0,0,0,0,0,0,0,0,0,0,0,0,0,0,0,0,0,0,0,0,0,0,0,0,0,0,0,0,0,0,0,0,0,0,0,0,0,0,0,0,0,0,0,0,0,0,0,0,0,0,0,0,0,0,0,0,0,0,0,0,0,0,0,0,0,0,0,0,0,0,0,0,0,0,0,0,0,0,0,0,0,0,0,0,0,0,0,0,0,0,0,0,0,0,0,0,0,0,0,0,0,0,0,0,0,0,0,0,0,0,0,0,0,0,0,0,0,0,0,0,0,0,0,0,0,0,0,0,0,0,0,0,0,0,0,0,0,0,0,0,0,0,0,0,0,0,0,0,0,0,0,0,0,0,0,0,0,0,0,0,0,0,0,0,0,0,0,0,0,0,0,0,0,0,0,0,0,0,0,0,0,0,0,0,0,0,0,0,0,0,0,0,0,0,0,0,0,0,0,0,0,0,0,0,0,0,0,0,0,0,0,0,0,0,0,0,0,0,0,0,0,0,0,0,0,0,0,0,0,0,0,0,0,0,0,0,0,0,0,0,0,0,0,0,0,0,0,0,0,0,0,0,0,0,0,0,0,0,0,0,0,0,0,0,0,0,0,0,0,0,0,0,0,0,0,0,0,0,0,0,0,0,0,0,0,0,0,0,0,0,0,0,0,0,0,0,0,0,0,0,0,0,0,0,0,0,0,0,0,0,0,0,0,0,0,0,0,0,0,0,0,0,0,0,0,0,0,0,0,0,0,0,0,0,0,0,0,0,0,0,0,0,0,0,0,0,0,0,0,0,0,0,0,0,0,0,0,0,0,0,0,0,0,0,0,0,0,0,0,0,0,0,0,0,0,0,0,0,0,0,0,0,0,0,0,0,0,0,0,0,0,0
2026-07-26,0,0,0,0,0,0,0,0,0,0,0,0,0,0,0,0,0,0,0,0,0,0,0,0,0,0,0,0,0,0,0,0,0,0,0,0,0,0,0,0,0,0,0,0,0,0,0,0,0,0,0,0,0,0,0,0,0,0,0,0,0,0,0,0,0,0,0,0,0,0,0,0,0,0,0,0,0,0,0,0,0,0,0,0,0,0,0,0,0,0,0,0,0,0,0,0,0,0,0,0,0,0,0,0,0,0,0,0,0,0,0,0,0,0,0,0,0,0,0,0,0,0,0,0,0,0,0,0,0,0,0,0,0,0,0,0,0,0,0,0,0,0,0,0,0,0,0,0,0,0,0,0,0,0,0,0,0,0,0,0,0,0,0,0,0,0,0,0,0,0,0,0,0,0,0,0,0,0,0,0,0,0,0,0,0,0,0,0,0,0,0,0,0,0,0,0,0,0,0,0,0,0,0,0,0,0,0,0,0,0,0,0,0,0,0,0,0,0,0,0,0,0,0,0,0,0,0,0,0,0,0,0,0,0,0,0,0,0,0,0,0,0,0,0,0,0,0,0,0,0,0,0,0,0,0,0,0,0,0,0,0,0,0,0,0,0,0,0,0,0,0,0,0,0,0,0,0,0,0,0,0,0,0,0,0,0,0,0,0,0,0,0,0,0,0,0,0,0,0,0,0,0,0,0,0,0,0,0,0,0,0,0,0,0,0,0,0,0,0,0,0,0,0,0,0,0,0,0,0,0,0,0,0,0,0,0,0,0,0,0,0,0,0,0,0,0,0,0,0,0,0,0,0,0,0,0,0,0,0,0,0,0,0,0,0,0,0,0,0,0,0,0,0,0,0,0,0,0,0,0,0,0,0,0,0,0,0,0,0,0,0,0,0,0,0,0,0,0,0,0,0,0,0,0,0,0,0,0,0,0,0,0,0,0,0,0,0,0,0,0,0,0,0,0,0,0,0,0,0,0,0,0,0,0,0,0,0,0,0,0,0,0,0,0,0,0,0,0,0,0,0,0,0,0,0,0,0,0,0,0,0,0,0,0,0,0,0,0,0,0,0,0,0,0,0,0,0,0,0,0,0,0,0,0,0,0,0,0,0,0,0,0,0,0,0,0,0,0,0,0,0,0,0,0,0,0,0,0,0,0,0,0,0,0,0,0,0,0,0,0,0,0,0,0,0,0,0,0,0,0,0,0,0,0,0,0,0,0,0,0,0,0,0,0,0,0,0,0,0,0,0,0,0,0,0,0,0,0,0,0,0,0,0,0,0,0,0,0,0,0,0,0,0,0,0,0,0,0,0,0,0,0,0,0,0,0,0,0,0,0,0,0,0,0,0,0,0,0,0,0
2026-07-27,99,219,60,157,51,101,36,205,159,21,608,171,54,47,28,40,69,49,200,404,15,30,23,327,54,397,191,7,386,70,99,695,42,629,155,226,150,50,70,53,40,38,105,228,46,52,69,221,37,105,39,104,44,72,266,100,102,401,52,72,72,405,26,243,99,52,106,224,39,102,34,39,75,36,50,103,51,41,18,420,228,90,50,79,77,35,92,103,74,104,50,101,53,52,100,69,404,109,51,20,115,648,37,40,53,184,96,310,76,216,32,53,38,41,41,21,75,51,43,36,39,45,455,36,93,29,58,102,236,105,52,538,46,134,38,190,52,18,52,282,185,52,40,26,112,217,18,30,21,53,19,80,199,52,22,47,76,54,263,28,37,67,31,52,354,150,65,107,106,234,49,102,38,35,308,105,36,91,21,52,35,326,197,54,325,14,274,114,51,243,163,17,311,166,210,49,655,91,222,90,40,140,186,226,116,347,39,301,89,52,37,28,38,106,459,556,41,29,51,106,600,536,52,16,189,25,13,137,103,37,38,74,73,323,100,110,249,38,73,59,34,349,149,34,173,66,45,20,398,7,39,102,35,90,52,104,71,103,67,281,135,290,220,37,494,77,77,103,53,172,101,577,97,52,108,53,34,34,51,93,576,625,54,71,40,116,53,35,164,45,321,107,181,414,50,105,37,13,33,45,53,155,104,52,35,73,54,7,65,681,28,362,649,29,197,571,45,109,35,157,20,103,53,50,50,55,36,113,51,27,36,330,47,563,93,209,52,679,106,39,218,310,67,87,74,104,108,235,107,127,41,7,36,50,29,33,101,106,28,28,28,38,31,223,234,69,405,54,52,15,103,23,53,216,49,49,101,74,212,48,37,260,224,82,207,21,45,64,174,53,107,215,57,633,39,59,73,38,107,112,53,94,19,312,38,97,30,382,52,108,79,326,65,179,34,82,39,279,119,386,73,430,7,13,168,54,52,229,242,74,50,104,97,210,620,51,110,99,62,74,55,70,97,45,37,112,52,83,50,132,172,30,98,105,16,271,429,56,205,50,80,98,196,41,185,106,25,103,121,213,201,58,21,154,35,90,51,55,24,48,21,232,44,220,352,102,336,196,72,267,24,291,341,177,329,270,305,88,219,157,39,108,99,105,52,296,102,198,47,23,104,175,71,107,105,159,49,38,238,76,30,322,214,53,48,31,29,109,35,417,52,140,223,33,355,173,53,284,31,86,53,225,22,37,163,342,188,417,106,443,212,312,301,54,104,212,402,25,244,450,135,316,52,53,111,19,46,249,28,322,111,106,27,20,278,69,51,37,333,590,74,141,36,254,78,530,127,15,366,85,51,102,69,122,55,189,54,75,51,90
2026-07-28,137,313,72,265,70,150,56,296,188,37,863,201,70,51,30,55,174,71,275,505,20,39,38,362,68,493,199,18,474,99,134,846,61,703,183,287,202,68,105,68,59,50,148,338,56,70,105,327,44,151,59,133,54,99,373,141,142,584,71,101,93,682,22,359,137,70,127,307,57,135,46,59,100,48,69,138,70,57,25,591,279,170,70,70,123,46,107,143,102,140,70,141,70,67,133,95,568,144,70,29,153,784,63,55,71,268,168,448,99,294,38,74,56,55,70,38,101,73,78,48,61,54,505,47,104,35,72,138,332,137,71,682,81,211,57,236,68,23,69,364,268,73,55,22,136,300,22,32,29,70,28,142,321,71,37,49,119,70,403,30,52,95,34,66,499,217,99,139,146,301,72,138,51,46,424,147,52,78,27,68,46,434,268,76,405,11,364,148,73,378,253,23,436,188,310,68,845,105,300,102,59,185,254,321,173,434,46,368,105,69,48,22,54,141,651,766,58,27,73,139,792,721,69,18,274,41,11,185,138,51,53,102,115,450,134,139,329,47,102,77,45,556,201,49,260,54,71,28,664,17,60,137,49,106,68,141,89,138,94,477,187,404,316,49,598,120,116,144,71,257,151,869,139,67,141,71,50,48,74,137,799,840,72,104,57,150,71,47,265,52,417,146,233,569,72,146,52,12,45,49,68,217,143,73,53,97,69,17,68,932,32,439,905,33,283,687,56,139,48,133,28,132,73,78,72,69,48,150,68,67,49,375,112,679,101,260,68,913,139,48,298,430,96,106,104,142,137,309,135,152,56,17,48,70,29,42,142,136,32,29,32,64,43,286,294,97,540,67,70,36,166,38,68,280,71,68,141,98,289,70,51,321,313,117,265,35,55,89,252,69,148,297,60,905,56,73,93,53,138,138,70,149,29,392,58,134,37,535,67,146,117,309,67,265,46,115,54,374,159,521,95,651,17,11,194,68,71,291,310,103,74,133,103,269,868,72,135,142,69,100,69,91,150,54,58,177,71,107,70,150,166,42,131,142,20,336,566,56,219,75,127,138,217,61,205,132,41,144,143,316,271,68,28,180,46,144,69,74,39,69,54,339,78,303,502,133,385,251,95,337,41,373,550,201,441,358,484,114,262,206,62,113,134,141,66,421,135,248,53,41,145,239,105,135,140,266,72,54,328,121,34,450,262,74,78,45,32,145,47,483,70,154,297,47,495,206,72,391,35,147,72,349,35,50,248,476,261,595,139,604,287,399,459,73,135,262,484,40,305,555,151,449,71,69,174,29,72,323,64,432,142,109,32,27,408,85,70,50,430,851,105,225,50,389,123,785,179,20,430,106,70,134,91,156,69,266,72,116,69,110
2026-07-29,145,298,76,244,73,139,49,286,207,37,884,206,72,52,29,60,161,71,283,498,18,40,40,384,72,553,212,17,497,89,134,937,60,730,190,309,202,73,94,68,59,53,136,337,54,74,106,302,48,142,55,139,53,104,377,143,147,582,75,100,93,658,21,355,135,72,132,332,62,142,47,59,102,46,73,130,68,60,28,601,275,154,73,67,117,48,104,126,106,144,70,139,71,68,140,96,541,144,71,28,162,836,62,58,69,276,164,458,105,317,38,67,58,55,71,34,96,68,83,45,61,55,504,47,107,37,69,139,359,142,69,678,83,211,54,253,68,23,72,371,266,73,52,22,141,290,24,36,26,68,26,149,320,66,34,52,121,69,389,31,52,90,35,71,526,215,89,143,144,319,69,145,50,45,420,142,51,75,26,67,49,441,266,69,449,12,370,133,72,386,270,24,415,205,273,68,831,111,295,107,58,180,238,312,170,445,47,396,107,70,46,21,60,136,669,746,55,30,73,139,797,757,69,19,304,39,11,191,145,52,55,101,116,425,139,148,334,44,100,76,46,604,204,46,262,55,71,28,608,17,62,138,50,109,68,147,90,137,94,474,183,421,332,51,609,126,122,137,69,257,140,812,136,76,138,68,46,45,73,121,764,878,70,102,59,153,69,51,263,54,407,138,254,586,67,143,48,11,45,55,70,219,135,70,51,101,70,16,73,944,34,456,964,34,265,675,54,132,46,134,29,150,68,81,70,73,45,153,70,64,46,405,110,710,105,290,71,930,135,54,292,409,94,114,100,131,143,311,142,166,54,16,50,69,28,47,134,143,37,32,30,59,43,308,293,90,546,70,69,31,164,35,74,267,72,67,132,88,274,68,48,331,345,116,278,34,55,86,238,71,134,284,58,890,63,74,87,52,143,137,71,133,27,414,57,132,38,551,69,145,114,353,70,250,45,113,54,352,168,553,96,630,15,11,205,69,68,281,310,98,71,140,110,262,876,71,135,142,68,104,69,89,149,54,61,179,69,106,74,152,183,42,140,144,17,331,577,59,222,70,118,142,230,61,204,140,41,140,155,309,269,73,27,192,44,144,66,65,42,68,46,308,71,304,558,145,403,254,97,363,40,384,547,193,452,377,463,115,292,209,58,115,147,138,72,428,144,269,57,40,141,221,100,142,138,246,70,61,330,110,34,456,256,74,80,43,32,142,47,495,72,151,313,50,468,203,73,414,35,138,69,361,37,53,243,457,250,547,146,613,287,413,467,72,144,264,486,40,344,560,157,449,70,69,160,28,68,325,62,447,137,108,29,28,421,97,70,50,422,843,96,226,49,374,118,799,165,19,470,119,71,148,96,156,71,287,68,125,69,111
2026-07-30,128,305,71,235,63,130,45,277,180,34,806,200,62,49,31,50,163,66,257,464,18,34,33,325,66,438,206,16,464,93,132,863,52,688,169,288,186,67,90,69,50,47,135,308,53,68,91,275,48,128,53,127,46,91,337,127,125,580,64,98,97,565,27,322,131,67,115,276,54,132,49,53,94,46,66,131,63,50,30,547,279,160,69,81,105,43,101,129,88,133,67,129,67,60,127,90,548,129,66,30,152,790,50,54,65,263,129,394,94,231,36,64,51,60,68,33,92,64,65,46,52,47,444,50,102,29,66,128,320,129,66,592,67,194,55,202,66,18,64,296,229,64,59,26,134,273,18,31,28,62,28,147,307,67,35,50,107,61,381,33,48,94,31,61,436,210,96,132,121,281,69,133,48,48,396,128,47,87,29,66,49,417,244,66,432,13,340,130,64,332,213,18,384,182,289,66,776,97,272,96,53,188,233,287,122,382,48,377,97,66,47,26,53,124,589,717,60,30,66,125,747,714,61,18,248,34,13,216,129,46,58,94,105,406,134,134,304,47,95,73,47,485,207,47,229,68,62,30,554,16,51,126,36,97,63,131,95,127,93,444,195,394,283,48,570,106,100,121,66,236,132,720,129,63,127,62,48,48,63,135,677,823,63,94,53,143,65,44,237,49,361,130,181,548,62,135,49,13,46,51,66,192,127,69,47,94,62,17,61,851,33,396,805,30,249,625,49,134,49,156,31,129,64,69,65,66,47,155,64,60,46,351,109,563,101,243,68,892,128,47,273,366,102,102,93,131,122,299,124,151,60,16,47,66,30,36,135,129,30,31,29,54,37,272,285,98,479,62,68,32,153,34,68,300,64,65,130,103,282,65,47,287,287,105,252,33,48,71,221,66,135,266,64,753,56,71,88,46,129,140,66,139,29,374,51,130,35,510,69,142,96,343,64,230,35,102,58,350,127,493,99,553,16,13,181,64,64,274,269,93,64,133,102,272,795,66,132,125,65,89,63,91,130,48,55,157,68,102,64,142,175,36,132,133,17,281,524,66,235,65,104,133,199,52,210,127,34,135,156,301,288,64,29,176,49,113,66,65,35,63,50,278,68,280,481,132,342,234,93,356,34,333,480,200,398,380,396,101,246,190,50,122,131,131,69,434,132,243,48,34,133,235,96,124,124,222,68,52,338,109,30,397,258,60,67,35,30,132,48,461,66,137,319,36,457,206,65,370,31,124,68,301,33,49,214,409,222,592,136,523,286,371,409,67,131,265,447,34,302,537,143,421,66,64,182,28,67,306,62,418,135,115,32,28,385,74,64,49,387,728,93,218,45,363,107,685,181,18,439,104,64,128,99,158,65,253,63,108,65,98
2026-07-31,140,377,125,324,71,149,47,319,200,49,949,240,78,58,44,61,172,77,301,548,30,63,32,414,74,513,305,17,524,119,160,1010,64,807,191,339,176,79,95,82,61,45,147,375,59,75,92,340,60,155,63,149,59,92,445,164,148,730,70,92,106,655,25,374,163,77,105,272,64,150,59,63,92,58,76,147,77,59,30,658,310,195,73,75,128,60,119,160,90,158,76,156,78,76,150,115,747,145,80,30,199,893,64,63,72,349,140,505,96,220,58,80,62,59,95,45,93,77,70,59,61,55,555,61,120,29,76,153,295,146,72,705,61,237,61,273,72,15,74,371,224,76,56,27,148,314,16,29,30,75,30,189,399,74,46,60,127,75,437,44,46,114,29,75,556,274,123,144,159,325,72,150,48,61,436,157,48,93,29,72,61,430,279,77,489,14,322,154,78,403,211,17,486,246,310,73,931,119,330,122,65,247,279,364,114,537,61,431,121,77,60,26,62,146,757,791,57,41,71,150,818,812,77,32,310,34,12,205,162,48,58,93,128,477,155,155,343,59,92,116,65,464,256,62,288,65,90,29,691,17,66,157,33,119,78,161,121,150,120,626,239,423,352,46,622,118,121,149,72,287,161,934,153,71,159,76,58,59,74,129,774,993,78,94,60,165,75,44,283,61,442,148,256,617,83,146,46,13,63,61,77,192,147,73,47,91,73,17,58,1024,28,463,961,28,287,742,59,156,62,158,31,149,76,66,71,83,58,195,81,66,60,434,125,725,112,289,77,1014,152,46,328,447,104,122,89,147,169,345,144,193,61,17,47,74,45,46,154,159,28,44,45,67,46,264,350,120,573,76,80,35,226,48,72,345,79,78,154,101,365,80,44,339,295,123,290,48,58,90,210,77,143,313,86,869,63,123,114,47,158,148,79,151,30,404,66,156,58,586,78,138,125,472,57,262,32,129,56,400,107,563,117,659,19,13,230,80,78,316,247,99,78,153,113,372,899,75,145,156,61,93,73,122,148,58,63,153,77,118,78,130,200,44,155,156,30,331,627,83,326,80,131,158,196,64,304,155,34,158,200,286,379,56,29,206,64,122,77,74,35,77,53,354,97,330,563,155,398,270,126,407,35,462,452,282,474,462,497,116,298,182,63,175,157,146,72,570,149,308,57,33,147,292,96,150,149,291,77,64,429,126,29,454,455,72,64,46,45,142,62,541,77,136,410,34,460,293,78,455,28,115,74,344,48,46,266,484,374,650,144,595,340,452,490,76,153,316,402,31,365,638,133,436,76,77,178,30,92,342,69,497,145,148,42,30,385,63,77,44,473,853,87,319,44,469,134,829,219,30,528,118,76,163,121,215,74,325,75,130,74,119
2026-08-01,0,0,0,0,0,0,0,0,0,0,0,0,0,0,0,0,0,0,0,0,0,0,0,0,0,0,0,0,0,0,0,0,0,0,0,0,0,0,0,0,0,0,0,0,0,0,0,0,0,0,0,0,0,0,0,0,0,0,0,0,0,0,0,0,0,0,0,0,0,0,0,0,0,0,0,0,0,0,0,0,0,0,0,0,0,0,0,0,0,0,0,0,0,0,0,0,0,0,0,0,0,0,0,0,0,0,0,0,0,0,0,0,0,0,0,0,0,0,0,0,0,0,0,0,0,0,0,0,0,0,0,0,0,0,0,0,0,0,0,0,0,0,0,0,0,0,0,0,0,0,0,0,0,0,0,0,0,0,0,0,0,0,0,0,0,0,0,0,0,0,0,0,0,0,0,0,0,0,0,0,0,0,0,0,0,0,0,0,0,0,0,0,0,0,0,0,0,0,0,0,0,0,0,0,0,0,0,0,0,0,0,0,0,0,0,0,0,0,0,0,0,0,0,0,0,0,0,0,0,0,0,0,0,0,0,0,0,0,0,0,0,0,0,0,0,0,0,0,0,0,0,0,0,0,0,0,0,0,0,0,0,0,0,0,0,0,0,0,0,0,0,0,0,0,0,0,0,0,0,0,0,0,0,0,0,0,0,0,0,0,0,0,0,0,0,0,0,0,0,0,0,0,0,0,0,0,0,0,0,0,0,0,0,0,0,0,0,0,0,0,0,0,0,0,0,0,0,0,0,0,0,0,0,0,0,0,0,0,0,0,0,0,0,0,0,0,0,0,0,0,0,0,0,0,0,0,0,0,0,0,0,0,0,0,0,0,0,0,0,0,0,0,0,0,0,0,0,0,0,0,0,0,0,0,0,0,0,0,0,0,0,0,0,0,0,0,0,0,0,0,0,0,0,0,0,0,0,0,0,0,0,0,0,0,0,0,0,0,0,0,0,0,0,0,0,0,0,0,0,0,0,0,0,0,0,0,0,0,0,0,0,0,0,0,0,0,0,0,0,0,0,0,0,0,0,0,0,0,0,0,0,0,0,0,0,0,0,0,0,0,0,0,0,0,0,0,0,0,0,0,0,0,0,0,0,0,0,0,0,0,0,0,0,0,0,0,0,0,0,0,0,0,0,0,0,0,0,0,0,0,0,0,0,0,0,0,0,0,0,0,0,0,0,0,0,0,0,0,0,0,0,0,0,0,0,0,0,0,0,0,0,0,0,0,0,0,0,0,0,0,0,0,0,0,0,0,0,0,0,0,0,0,0,0,0,0,0,0,0,0,0,0,0,0,0,0,0,0,0,0,0,0,0,0,0,0,0,0,0,0,0,0,0,0,0,0,0,0,0,0
2026-08-02,0,0,0,0,0,0,0,0,0,0,0,0,0,0,0,0,0,0,0,0,0,0,0,0,0,0,0,0,0,0,0,0,0,0,0,0,0,0,0,0,0,0,0,0,0,0,0,0,0,0,0,0,0,0,0,0,0,0,0,0,0,0,0,0,0,0,0,0,0,0,0,0,0,0,0,0,0,0,0,0,0,0,0,0,0,0,0,0,0,0,0,0,0,0,0,0,0,0,0,0,0,0,0,0,0,0,0,0,0,0,0,0,0,0,0,0,0,0,0,0,0,0,0,0,0,0,0,0,0,0,0,0,0,0,0,0,0,0,0,0,0,0,0,0,0,0,0,0,0,0,0,0,0,0,0,0,0,0,0,0,0,0,0,0,0,0,0,0,0,0,0,0,0,0,0,0,0,0,0,0,0,0,0,0,0,0,0,0,0,0,0,0,0,0,0,0,0,0,0,0,0,0,0,0,0,0,0,0,0,0,0,0,0,0,0,0,0,0,0,0,0,0,0,0,0,0,0,0,0,0,0,0,0,0,0,0,0,0,0,0,0,0,0,0,0,0,0,0,0,0,0,0,0,0,0,0,0,0,0,0,0,0,0,0,0,0,0,0,0,0,0,0,0,0,0,0,0,0,0,0,0,0,0,0,0,0,0,0,0,0,0,0,0,0,0,0,0,0,0,0,0,0,0,0,0,0,0,0,0,0,0,0,0,0,0,0,0,0,0,0,0,0,0,0,0,0,0,0,0,0,0,0,0,0,0,0,0,0,0,0,0,0,0,0,0,0,0,0,0,0,0,0,0,0,0,0,0,0,0,0,0,0,0,0,0,0,0,0,0,0,0,0,0,0,0,0,0,0,0,0,0,0,0,0,0,0,0,0,0,0,0,0,0,0,0,0,0,0,0,0,0,0,0,0,0,0,0,0,0,0,0,0,0,0,0,0,0,0,0,0,0,0,0,0,0,0,0,0,0,0,0,0,0,0,0,0,0,0,0,0,0,0,0,0,0,0,0,0,0,0,0,0,0,0,0,0,0,0,0,0,0,0,0,0,0,0,0,0,0,0,0,0,0,0,0,0,0,0,0,0,0,0,0,0,0,0,0,0,0,0,0,0,0,0,0,0,0,0,0,0,0,0,0,0,0,0,0,0,0,0,0,0,0,0,0,0,0,0,0,0,0,0,0,0,0,0,0,0,0,0,0,0,0,0,0,0,0,0,0,0,0,0,0,0,0,0,0,0,0,0,0,0,0,0,0,0,0,0,0,0,0,0,0,0,0,0,0,0,0,0,0,0,0,0,0,0,0,0,0,0,0,0,0,0,0,0,0,0,0,0,0,0,0,0,0,0,0,0,0,0
2026-08-03,131,250,53,221,61,116,49,245,159,30,752,168,61,46,23,52,169,63,237,418,13,25,40,297,63,447,154,16,437,78,122,769,49,594,169,250,198,60,95,63,51,49,127,299,45,63,104,269,40,118,51,121,45,91,323,114,126,488,63,100,88,550,19,278,126,62,123,304,51,129,41,53,92,39,63,120,63,51,27,545,253,139,62,58,103,40,92,123,95,129,66,123,60,66,117,83,472,132,63,27,130,711,48,53,61,232,164,403,91,270,25,60,52,56,60,31,94,64,76,42,53,45,473,40,94,34,61,123,325,116,61,555,77,192,53,194,60,21,60,321,241,62,54,21,125,270,22,32,27,65,28,124,277,60,30,44,108,62,361,22,49,84,31,66,471,184,80,126,122,279,61,117,50,39,365,123,49,70,28,63,41,398,244,62,392,10,366,126,63,329,245,21,416,157,270,63,671,92,270,89,53,160,223,291,157,355,41,358,95,64,40,20,50,125,597,697,52,23,63,119,735,622,58,12,261,39,10,181,124,49,53,91,103,369,124,123,292,41,99,54,39,564,175,39,224,48,59,27,537,16,51,113,46,88,68,129,79,119,80,383,165,357,273,48,534,103,103,124,62,215,126,764,128,62,125,64,39,40,62,127,673,719,61,102,51,144,61,46,241,44,334,121,196,544,62,127,48,10,40,44,61,219,114,63,48,100,66,17,63,764,30,391,854,31,258,545,43,124,40,117,26,125,68,78,61,64,40,128,63,68,39,330,117,585,93,226,57,837,122,47,257,387,91,84,98,127,116,275,122,134,52,17,51,58,23,36,125,119,31,23,22,50,35,287,264,78,500,62,57,35,145,31,63,236,60,64,121,92,235,59,46,261,316,102,239,29,44,71,226,65,129,275,47,745,53,55,79,52,124,122,63,124,27,358,54,127,26,461,61,120,99,267,62,225,44,101,53,311,157,445,84,589,17,10,178,65,63,275,266,98,60,122,93,230,716,60,129,124,67,96,60,81,110,43,53,186,61,82,59,135,164,36,128,112,13,278,459,44,176,65,105,123,194,53,161,121,39,121,128,296,235,63,27,151,42,139,65,60,39,63,53,269,58,279,467,117,327,223,79,341,39,311,529,147,367,311,385,88,253,196,51,92,127,119,65,389,125,226,45,37,126,198,103,123,127,228,63,51,299,110,31,418,180,58,79,36,24,127,40,410,62,136,256,42,464,167,60,359,31,135,66,308,31,48,204,415,177,526,127,551,253,330,398,61,116,229,462,37,277,497,139,408,59,62,175,27,60,281,66,385,132,86,23,27,394,88,60,50,409,719,97,191,47,333,107,714,151,13,415,88,61,128,77,138,62,238,58,95,66,86
2026-08-04,106,264,83,233,50,100,32,223,135,32,642,166,53,38,29,46,121,51,213,354,19,37,23,282,53,372,212,12,378,85,107,670,42,517,134,220,130,54,68,52,43,31,105,250,42,54,63,234,42,99,45,104,40,67,296,106,100,511,53,65,71,460,18,274,103,50,72,200,45,105,40,44,65,40,52,105,48,45,21,434,223,136,54,55,85,40,80,106,67,104,52,98,51,54,100,83,515,97,48,22,136,664,41,44,49,224,89,356,65,144,41,52,45,41,66,31,63,55,45,39,43,40,371,40,81,20,53,106,208,102,51,447,45,160,46,182,50,11,54,259,165,53,42,18,109,217,11,20,21,53,21,124,277,49,31,42,84,49,297,28,32,81,20,53,361,189,83,98,99,227,52,106,32,41,326,97,32,64,22,50,41,324,200,51,332,9,226,107,52,254,156,11,328,157,232,52,642,86,221,83,46,161,188,218,78,328,39,305,86,54,40,18,43,106,496,574,44,28,50,106,559,544,50,19,217,24,10,144,102,32,38,63,84,331,102,105,256,41,66,83,38,322,181,41,207,44,65,21,475,12,40,103,22,82,54,109,84,104,81,429,163,290,234,30,432,87,82,107,54,199,103,587,103,53,104,54,43,41,51,100,539,703,55,66,40,119,51,31,201,39,300,102,163,422,51,104,30,9,41,40,53,138,103,51,33,64,54,12,40,668,21,317,667,20,197,545,38,102,43,108,21,102,50,46,54,54,38,134,53,50,39,308,87,474,80,199,55,690,109,32,231,293,74,79,62,102,108,233,103,136,43,12,33,48,29,31,97,101,21,30,27,44,33,181,243,84,403,53,54,24,146,33,53,248,53,51,108,72,241,52,34,235,202,84,195,32,39,63,156,55,103,213,60,622,44,79,79,30,101,102,50,110,21,320,42,96,40,388,48,104,83,315,40,190,22,87,41,272,77,394,82,448,12,9,149,52,52,216,179,62,55,106,84,236,662,50,105,106,40,61,53,82,107,39,46,102,53,77,53,94,134,31,103,97,19,230,402,54,202,55,85,102,131,42,197,102,22,103,128,196,243,39,22,138,41,81,50,53,24,51,38,245,63,242,376,101,287,181,80,283,24,297,313,202,339,327,323,83,216,126,42,113,107,103,47,396,98,188,41,22,107,207,64,103,104,191,55,43,294,87,20,318,283,51,46,32,30,102,40,376,52,90,279,23,308,201,53,308,20,78,51,239,32,32,181,360,280,455,104,402,221,314,346,53,106,219,273,23,237,408,95,305,53,52,134,21,64,240,46,318,106,106,28,21,263,44,53,34,321,595,63,226,32,332,89,568,151,19,336,80,52,106,85,137,55,231,52,87,49,81
2026-08-05,105,231,53,174,55,108,40,219,146,27,625,158,53,41,24,42,128,54,203,352,13,25,26,274,52,313,177,13,355,79,99,642,41,529,131,228,162,50,78,53,40,39,101,235,39,56,79,221,39,114,41,108,42,80,275,102,98,480,52,76,87,422,25,239,104,53,94,239,39,107,38,39,76,39,54,108,51,40,23,433,220,122,52,68,81,38,80,109,79,103,50,99,52,54,102,78,411,108,51,25,130,635,41,40,51,208,102,331,75,179,26,49,39,50,51,26,77,53,53,40,40,40,381,37,79,26,54,107,238,107,54,468,56,154,38,171,53,15,53,224,192,56,51,24,100,219,13,28,24,51,26,104,233,57,26,39,77,51,267,24,38,80,26,55,355,167,73,111,105,242,53,100,40,38,304,105,39,87,26,54,38,335,190,54,344,12,298,108,51,253,161,14,323,144,222,56,582,77,220,78,40,145,180,245,102,319,38,300,77,54,37,24,41,101,484,507,49,24,54,106,586,553,52,14,206,27,13,180,105,39,50,81,78,311,104,109,242,38,81,52,38,392,160,40,192,61,53,24,459,13,40,108,27,79,51,105,77,108,74,316,147,282,224,37,410,87,80,103,52,169,102,591,107,51,105,53,42,39,55,114,566,625,50,77,41,139,49,41,196,42,286,107,147,421,52,103,40,12,38,42,52,166,107,53,38,79,52,13,54,730,25,325,637,25,192,479,39,101,38,137,24,102,53,53,51,50,38,123,50,51,39,296,97,463,83,189,55,707,103,38,225,288,82,75,80,104,100,227,103,105,48,13,40,53,24,26,107,108,25,25,26,40,27,225,235,79,412,51,53,27,124,27,49,204,50,54,102,89,229,49,41,225,234,73,191,27,38,57,168,50,104,212,51,607,39,51,78,42,103,105,50,102,25,292,39,109,26,397,52,112,79,295,50,163,27,80,52,280,96,380,74,473,13,13,146,51,49,220,219,79,53,100,80,218,612,47,105,107,53,77,51,80,107,39,39,122,57,75,51,114,156,28,99,106,13,235,420,51,178,52,76,109,174,42,173,109,26,109,131,243,229,52,24,141,37,96,52,51,28,50,39,243,52,220,339,106,291,191,76,294,29,269,375,165,317,288,296,81,195,164,37,100,110,103,49,352,104,193,39,27,107,179,79,105,106,171,54,39,272,77,26,320,178,52,54,27,25,107,39,353,52,121,262,28,360,175,50,285,25,98,50,222,25,40,157,343,165,435,105,404,222,317,313,51,100,220,362,26,239,414,117,338,53,53,149,24,49,236,52,357,100,102,23,27,312,56,55,39,327,642,79,162,40,301,82,599,140,12,357,84,51,110,73,125,51,215,53,78,54,80
2026-08-06,145,315,71,253,71,141,50,293,182,36,865,194,70,52,30,55,182,70,268,478,17,34,41,367,71,475,211,18,521,102,134,856,60,696,175,294,226,70,104,68,58,51,139,353,49,74,103,311,49,134,56,137,49,107,364,149,140,547,72,105,108,658,26,336,137,69,124,357,53,141,51,55,103,49,72,134,70,59,31,611,310,165,73,78,108,50,107,135,107,141,74,146,67,71,143,98,598,148,73,32,167,862,62,57,70,291,165,477,110,258,33,69,55,60,72,35,101,67,78,49,56,51,492,46,101,34,67,141,338,137,72,623,80,211,56,211,65,22,69,318,289,72,66,27,142,304,22,34,34,69,32,145,316,68,34,50,120,71,392,31,54,95,33,70,500,223,99,141,128,322,75,144,55,48,415,136,55,93,33,73,49,462,279,71,411,13,387,143,66,361,266,21,439,189,303,72,793,103,320,97,56,199,241,324,154,400,51,406,100,66,48,24,55,141,667,792,63,29,70,140,771,750,74,17,277,41,13,230,143,56,65,100,112,419,136,141,322,48,107,68,48,594,208,49,249,63,73,32,585,19,56,135,42,103,70,128,98,145,100,464,202,379,322,52,552,113,112,138,72,251,137,841,149,70,133,71,49,50,72,131,726,911,71,105,59,177,73,51,271,53,358,142,213,605,68,143,56,13,54,49,72,237,141,69,53,104,70,19,64,953,35,448,942,35,275,657,50,145,48,165,33,140,73,83,67,76,48,167,69,76,48,378,136,632,104,267,68,937,141,54,281,382,116,99,100,140,127,323,145,148,67,19,53,76,32,38,141,147,37,30,30,56,39,326,302,96,575,71,69,38,156,38,68,289,77,73,139,110,288,71,54,290,362,119,270,35,51,75,259,70,142,304,61,839,56,65,97,55,144,128,69,133,32,409,59,138,35,514,71,138,114,349,71,244,44,112,63,380,137,512,94,608,19,13,190,71,68,278,301,103,71,134,108,281,828,72,138,144,65,104,72,94,144,54,57,179,71,103,70,143,176,37,153,131,17,339,553,60,222,69,120,137,209,59,215,127,38,151,156,324,272,65,32,175,47,144,68,71,40,62,58,316,76,297,488,148,365,262,98,364,40,369,549,188,427,384,426,105,293,219,56,117,139,151,69,486,142,265,52,40,126,240,110,148,137,249,71,59,337,110,32,457,223,70,77,37,30,136,51,478,67,148,327,43,505,210,73,383,36,144,72,326,38,49,234,487,232,589,137,591,288,395,463,65,135,266,485,41,302,583,153,444,72,72,204,33,68,310,81,446,143,116,29,34,447,84,69,55,427,795,103,235,52,419,113,825,173,17,492,107,64,144,102,164,65,285,68,122,69,107
2026-08-07,113,224,121,247,56,108,26,242,173,34,682,186,56,49,32,54,50,57,224,472,29,56,22,335,57,532,232,5,371,72,108,714,51,655,165,256,107,58,51,57,50,27,118,290,51,58,55,262,36,113,51,114,48,52,308,112,117,505,57,54,34,546,9,337,116,53,84,183,49,109,40,49,56,37,56,106,58,51,10,478,224,142,52,29,103,40,104,118,52,117,54,109,59,57,113,77,524,111,57,10,147,673,46,49,60,222,87,380,53,221,59,54,51,20,63,33,58,57,46,39,52,48,475,41,99,22,53,118,178,110,55,641,44,176,52,238,52,16,54,374,131,58,20,10,109,250,17,22,9,54,10,144,295,55,34,52,108,56,337,32,26,78,23,58,464,190,81,109,110,239,58,113,28,37,328,113,28,36,10,58,36,310,253,59,348,5,207,111,56,340,146,17,352,220,243,58,699,104,251,108,51,149,205,243,118,415,39,328,98,56,39,10,49,112,579,620,20,35,57,117,585,554,55,28,212,20,5,65,110,26,19,55,102,326,108,108,269,38,55,113,41,318,157,40,201,26,68,11,559,5,51,118,35,104,52,119,80,108,72,445,151,325,241,27,533,101,101,114,56,237,109,705,111,58,107,59,39,39,56,48,627,686,55,52,48,52,60,28,230,51,392,118,240,428,56,112,26,5,37,47,54,111,115,56,28,55,57,5,43,698,22,420,694,21,199,672,53,111,36,64,10,117,54,46,60,54,39,129,55,21,36,387,36,644,102,218,55,799,108,27,222,349,37,99,54,113,164,269,113,189,20,5,26,56,34,44,108,113,23,37,32,53,47,173,242,76,427,56,55,10,164,33,56,215,54,59,106,34,235,59,27,320,188,107,223,33,51,93,119,56,115,247,66,615,53,109,80,28,111,114,56,122,10,317,48,109,58,444,54,114,99,327,42,240,35,104,20,308,125,435,81,497,5,5,196,58,55,224,202,55,58,108,100,253,724,58,116,107,45,55,60,78,109,54,53,109,54,106,58,97,151,47,116,115,30,306,472,67,257,59,97,110,140,53,240,103,23,113,121,159,242,44,10,162,37,80,54,53,21,59,15,266,67,242,437,111,356,192,78,310,22,321,309,232,366,302,418,96,234,123,49,139,117,109,57,391,112,226,49,21,108,192,53,104,118,207,56,48,261,98,21,323,414,59,45,45,36,114,39,480,53,94,263,35,255,225,52,338,22,75,55,300,35,27,235,386,388,511,113,459,215,339,395,56,111,243,289,22,275,437,105,330,58,56,60,10,67,266,20,355,105,104,35,10,216,67,58,26,361,614,55,235,26,293,101,578,125,29,379,101,54,109,75,143,57,236,56,104,57,100
2026-08-08,0,0,0,0,0,0,0,0,0,0,0,0,0,0,0,0,0,0,0,0,0,0,0,0,0,0,0,0,0,0,0,0,0,0,0,0,0,0,0,0,0,0,0,0,0,0,0,0,0,0,0,0,0,0,0,0,0,0,0,0,0,0,0,0,0,0,0,0,0,0,0,0,0,0,0,0,0,0,0,0,0,0,0,0,0,0,0,0,0,0,0,0,0,0,0,0,0,0,0,0,0,0,0,0,0,0,0,0,0,0,0,0,0,0,0,0,0,0,0,0,0,0,0,0,0,0,0,0,0,0,0,0,0,0,0,0,0,0,0,0,0,0,0,0,0,0,0,0,0,0,0,0,0,0,0,0,0,0,0,0,0,0,0,0,0,0,0,0,0,0,0,0,0,0,0,0,0,0,0,0,0,0,0,0,0,0,0,0,0,0,0,0,0,0,0,0,0,0,0,0,0,0,0,0,0,0,0,0,0,0,0,0,0,0,0,0,0,0,0,0,0,0,0,0,0,0,0,0,0,0,0,0,0,0,0,0,0,0,0,0,0,0,0,0,0,0,0,0,0,0,0,0,0,0,0,0,0,0,0,0,0,0,0,0,0,0,0,0,0,0,0,0,0,0,0,0,0,0,0,0,0,0,0,0,0,0,0,0,0,0,0,0,0,0,0,0,0,0,0,0,0,0,0,0,0,0,0,0,0,0,0,0,0,0,0,0,0,0,0,0,0,0,0,0,0,0,0,0,0,0,0,0,0,0,0,0,0,0,0,0,0,0,0,0,0,0,0,0,0,0,0,0,0,0,0,0,0,0,0,0,0,0,0,0,0,0,0,0,0,0,0,0,0,0,0,0,0,0,0,0,0,0,0,0,0,0,0,0,0,0,0,0,0,0,0,0,0,0,0,0,0,0,0,0,0,0,0,0,0,0,0,0,0,0,0,0,0,0,0,0,0,0,0,0,0,0,0,0,0,0,0,0,0,0,0,0,0,0,0,0,0,0,0,0,0,0,0,0,0,0,0,0,0,0,0,0,0,0,0,0,0,0,0,0,0,0,0,0,0,0,0,0,0,0,0,0,0,0,0,0,0,0,0,0,0,0,0,0,0,0,0,0,0,0,0,0,0,0,0,0,0,0,0,0,0,0,0,0,0,0,0,0,0,0,0,0,0,0,0,0,0,0,0,0,0,0,0,0,0,0,0,0,0,0,0,0,0,0,0,0,0,0,0,0,0,0,0,0,0,0,0,0,0,0,0,0,0,0,0,0,0,0,0,0,0,0,0,0,0,0,0,0,0,0,0,0,0,0,0,0,0,0,0,0,0,0,0,0,0,0,0,0,0,0,0,0,0,0,0,0
2026-08-09,0,0,0,0,0,0,0,0,0,0,0,0,0,0,0,0,0,0,0,0,0,0,0,0,0,0,0,0,0,0,0,0,0,0,0,0,0,0,0,0,0,0,0,0,0,0,0,0,0,0,0,0,0,0,0,0,0,0,0,0,0,0,0,0,0,0,0,0,0,0,0,0,0,0,0,0,0,0,0,0,0,0,0,0,0,0,0,0,0,0,0,0,0,0,0,0,0,0,0,0,0,0,0,0,0,0,0,0,0,0,0,0,0,0,0,0,0,0,0,0,0,0,0,0,0,0,0,0,0,0,0,0,0,0,0,0,0,0,0,0,0,0,0,0,0,0,0,0,0,0,0,0,0,0,0,0,0,0,0,0,0,0,0,0,0,0,0,0,0,0,0,0,0,0,0,0,0,0,0,0,0,0,0,0,0,0,0,0,0,0,0,0,0,0,0,0,0,0,0,0,0,0,0,0,0,0,0,0,0,0,0,0,0,0,0,0,0,0,0,0,0,0,0,0,0,0,0,0,0,0,0,0,0,0,0,0,0,0,0,0,0,0,0,0,0,0,0,0,0,0,0,0,0,0,0,0,0,0,0,0,0,0,0,0,0,0,0,0,0,0,0,0,0,0,0,0,0,0,0,0,0,0,0,0,0,0,0,0,0,0,0,0,0,0,0,0,0,0,0,0,0,0,0,0,0,0,0,0,0,0,0,0,0,0,0,0,0,0,0,0,0,0,0,0,0,0,0,0,0,0,0,0,0,0,0,0,0,0,0,0,0,0,0,0,0,0,0,0,0,0,0,0,0,0,0,0,0,0,0,0,0,0,0,0,0,0,0,0,0,0,0,0,0,0,0,0,0,0,0,0,0,0,0,0,0,0,0,0,0,0,0,0,0,0,0,0,0,0,0,0,0,0,0,0,0,0,0,0,0,0,0,0,0,0,0,0,0,0,0,0,0,0,0,0,0,0,0,0,0,0,0,0,0,0,0,0,0,0,0,0,0,0,0,0,0,0,0,0,0,0,0,0,0,0,0,0,0,0,0,0,0,0,0,0,0,0,0,0,0,0,0,0,0,0,0,0,0,0,0,0,0,0,0,0,0,0,0,0,0,0,0,0,0,0,0,0,0,0,0,0,0,0,0,0,0,0,0,0,0,0,0,0,0,0,0,0,0,0,0,0,0,0,0,0,0,0,0,0,0,0,0,0,0,0,0,0,0,0,0,0,0,0,0,0,0,0,0,0,0,0,0,0,0,0,0,0,0,0,0,0,0,0,0,0,0,0,0,0,0,0,0,0,0,0,0,0,0,0,0,0,0,0,0,0,0,0,0,0,0,0,0,0,0,0,0,0,0,0,0,0
2026-08-10,139,349,104,294,74,147,45,292,197,43,909,221,70,55,44,55,147,72,283,496,26,54,30,415,69,469,303,14,479,118,149,873,58,774,181,322,179,69,87,70,55,46,140,318,53,70,93,330,56,142,57,143,55,92,389,131,137,713,70,94,111,579,31,339,146,72,110,272,52,141,57,55,87,54,66,138,70,55,30,574,293,184,68,90,114,55,118,141,88,153,68,147,76,76,139,112,644,149,73,28,202,862,56,54,68,312,116,427,92,178,46,75,56,68,86,42,93,70,61,58,54,56,536,56,111,31,70,140,289,142,72,646,60,212,56,235,69,14,69,331,226,77,64,34,148,297,14,29,32,71,31,153,344,71,41,59,110,69,385,44,44,109,31,74,498,248,123,148,144,324,75,145,44,56,437,142,47,112,32,75,57,427,251,69,436,16,309,137,67,351,191,14,438,217,294,68,840,116,317,119,54,213,263,333,105,446,62,409,105,72,56,33,56,139,670,748,62,43,70,147,805,753,72,27,277,29,17,210,143,47,60,98,113,430,145,143,328,56,81,109,58,407,238,60,263,88,75,31,609,15,53,134,28,106,71,146,117,136,115,522,232,437,321,43,601,109,109,151,69,235,145,790,143,69,130,68,56,56,74,146,762,900,69,87,56,179,68,45,266,55,420,145,218,572,72,150,44,15,58,54,70,199,140,70,47,92,68,14,60,879,30,457,854,30,276,719,56,142,56,186,29,140,74,61,70,73,58,197,72,57,57,405,102,627,113,257,67,979,141,46,287,425,111,111,98,146,145,342,131,171,60,14,46,73,43,39,138,142,31,43,41,55,39,265,328,114,542,69,68,31,187,43,71,332,70,72,150,111,337,68,44,333,288,106,270,42,55,76,208,73,142,313,80,807,57,101,118,45,147,137,69,134,32,410,55,140,49,567,76,135,110,472,58,250,30,110,64,368,97,551,108,622,15,16,208,72,75,297,250,92,67,140,119,336,877,71,144,143,61,88,75,113,153,52,53,145,61,112,70,137,186,40,133,140,28,336,599,87,320,75,111,142,204,54,283,134,28,149,179,290,341,62,30,203,56,102,72,65,30,70,43,309,80,297,509,143,396,268,119,380,31,406,362,277,461,449,462,109,273,179,57,168,137,143,69,521,144,265,56,28,137,288,87,142,141,232,72,54,401,106,31,448,341,69,56,36,42,147,55,507,66,134,396,28,451,282,74,430,30,104,71,304,43,45,226,458,340,606,148,553,294,405,443,70,139,305,424,31,323,585,132,409,67,71,184,29,81,306,57,470,149,165,44,31,360,58,69,42,446,811,87,274,44,452,102,751,198,25,485,109,72,144,121,203,71,305,73,112,71,116
2026-08-11,117,286,83,231,59,112,39,251,160,34,702,156,58,44,29,49,150,56,231,404,21,40,28,306,59,396,204,15,403,90,113,718,51,539,145,236,137,58,76,62,47,36,121,298,45,60,67,238,43,112,50,118,43,75,294,120,119,531,56,80,87,530,21,281,105,58,82,227,49,111,45,46,79,47,59,126,62,48,24,502,241,162,57,58,90,45,85,120,72,121,57,117,57,56,111,91,542,123,57,25,158,738,53,48,57,263,107,375,79,168,39,57,49,49,73,35,80,58,58,44,48,42,415,44,87,23,60,115,258,117,56,511,55,177,50,188,56,12,57,278,189,59,50,20,121,250,12,24,27,59,24,139,322,57,34,44,93,59,357,31,41,91,24,54,417,207,92,114,116,273,57,121,39,45,334,114,37,71,24,62,47,357,218,57,362,11,245,108,59,316,180,13,387,168,268,59,694,91,266,86,47,187,203,279,88,373,43,329,85,60,47,19,46,116,559,618,50,30,61,119,664,599,59,20,243,30,10,180,118,39,51,81,96,354,111,111,284,42,77,83,44,405,198,46,237,49,67,26,491,16,46,119,26,80,57,110,93,124,93,452,183,320,246,39,478,100,94,119,58,215,118,688,118,54,120,54,44,44,58,110,623,733,60,73,49,140,61,38,223,45,317,118,185,483,56,120,37,10,42,43,58,170,112,60,38,72,58,16,48,705,23,365,707,24,216,560,41,123,44,115,26,118,59,55,59,59,48,140,56,59,48,307,101,528,85,210,60,771,113,38,254,324,89,85,78,117,120,259,120,142,47,15,42,58,30,34,118,110,22,31,28,48,32,228,256,92,444,55,61,31,168,34,59,273,59,60,115,90,265,55,38,250,230,105,220,36,41,69,173,59,119,249,57,694,51,81,91,35,115,116,58,117,24,322,46,106,40,436,55,118,95,304,47,215,26,94,50,304,86,408,88,515,15,10,150,58,62,247,204,76,60,117,86,264,696,58,115,111,47,78,58,88,111,45,50,124,59,83,56,108,149,33,108,112,19,253,489,57,208,56,98,117,152,51,213,116,28,111,146,238,280,43,25,148,43,100,55,59,30,60,43,262,70,236,406,115,307,205,86,295,27,326,366,200,347,359,380,83,219,149,45,114,112,118,58,441,116,217,41,28,115,219,81,117,113,211,58,46,326,95,23,377,281,60,57,33,31,107,46,394,59,100,287,25,345,202,59,334,23,99,58,264,34,37,197,371,252,498,117,480,235,359,402,56,109,242,326,28,255,484,111,359,56,58,149,25,72,269,61,393,117,117,30,26,319,50,60,38,338,664,75,230,40,366,95,608,149,21,388,91,56,124,89,146,56,242,59,91,57,82
2026-08-12,141,323,104,286,68,144,45,299,192,41,928,221,72,55,37,62,161,72,297,482,26,54,35,387,72,526,245,16,484,102,151,899,59,766,184,296,182,74,94,67,57,43,138,349,58,74,90,321,53,143,59,146,55,93,359,143,141,675,70,89,90,670,21,352,139,74,108,273,61,143,52,59,93,57,65,144,74,58,27,592,310,195,73,66,122,53,109,150,90,140,70,133,72,71,140,111,652,147,69,29,186,851,57,59,70,294,131,468,91,239,53,72,62,56,87,42,88,71,67,54,63,54,504,55,109,28,75,154,281,146,68,653,65,210,62,248,70,18,74,377,228,73,56,22,146,305,19,30,26,70,29,169,385,73,40,54,120,69,400,39,44,106,29,76,471,244,107,145,133,299,72,144,46,56,417,140,43,76,27,69,52,454,276,75,423,11,321,140,71,381,221,18,443,220,276,73,797,106,306,110,58,213,276,332,125,445,55,410,105,66,53,23,62,142,689,738,54,39,68,144,851,769,69,28,305,34,11,176,142,45,52,90,125,423,143,140,334,53,86,105,56,490,224,57,254,54,86,28,645,15,58,138,38,115,71,132,110,139,105,558,211,430,317,47,597,123,116,146,71,270,147,868,138,70,147,70,51,50,69,129,731,854,73,87,60,140,71,43,273,52,408,144,231,612,69,144,43,12,54,59,71,193,137,73,45,88,69,16,56,918,29,445,912,28,272,755,54,142,52,123,27,141,70,69,68,70,53,165,68,62,54,393,108,705,105,276,77,987,149,46,281,438,101,116,89,138,161,311,139,183,58,17,45,69,36,43,140,135,29,38,38,57,45,283,314,102,551,75,70,35,184,43,72,292,76,72,148,89,324,71,46,330,294,114,288,41,58,83,200,70,142,304,70,853,57,100,114,47,138,149,75,138,29,371,59,142,52,576,72,142,122,401,59,265,36,131,54,386,129,500,106,620,16,11,204,73,70,303,261,83,69,145,119,311,879,73,137,138,58,91,72,111,140,54,57,156,68,111,68,135,190,44,134,143,26,313,549,66,289,74,118,142,184,61,264,132,33,145,168,306,316,60,27,179,55,112,70,73,36,71,49,325,88,315,531,136,407,260,110,401,31,400,494,250,451,400,453,103,303,172,59,148,131,144,70,500,138,266,53,34,143,249,89,144,131,238,67,61,377,121,28,450,365,67,68,44,40,140,52,500,72,128,350,33,444,244,69,405,29,119,67,335,41,46,244,457,351,578,139,594,287,406,468,66,141,279,389,34,336,611,139,432,71,72,172,26,82,339,65,471,143,132,38,28,368,76,66,46,444,782,90,271,48,412,110,800,199,27,480,115,69,145,112,181,75,290,71,120,76,107
2026-08-13,96,215,67,174,46,93,31,199,136,26,579,145,46,39,24,40,87,46,178,347,16,33,24,283,47,354,175,9,341,66,93,607,38,515,130,208,130,48,62,46,40,28,96,219,38,48,63,215,34,89,39,98,38,60,261,93,93,414,47,62,65,398,19,228,99,46,83,197,39,91,35,38,62,33,43,100,49,41,18,401,192,112,47,52,75,35,81,98,59,93,44,95,45,46,93,69,417,88,47,18,117,572,39,39,46,183,87,295,61,180,30,49,39,37,50,25,65,46,43,31,41,40,365,36,78,22,46,99,192,89,44,435,46,134,37,167,49,12,46,238,148,48,37,19,88,202,13,22,18,42,18,99,224,45,25,34,75,44,261,26,30,70,22,47,349,151,66,98,93,218,47,99,31,35,276,96,31,62,18,47,34,304,177,47,297,9,231,92,46,258,147,13,299,147,196,44,570,74,198,77,39,143,169,211,88,302,31,265,76,46,34,18,38,94,453,504,35,26,48,93,524,469,44,16,193,22,9,127,93,32,34,59,75,264,89,96,209,36,64,63,33,316,145,35,187,48,49,18,447,9,36,93,27,77,45,97,70,93,65,327,133,259,211,30,425,68,77,93,46,167,93,549,90,47,90,45,33,34,45,82,505,607,47,59,39,100,46,31,181,37,289,88,160,372,45,94,31,9,35,38,46,133,95,49,30,63,49,10,46,583,21,294,603,24,171,505,41,95,35,106,17,96,47,42,45,48,34,105,47,36,33,277,63,454,71,184,48,631,99,30,202,264,65,72,59,94,92,215,97,124,35,9,31,48,24,29,88,91,22,26,25,37,28,176,208,69,397,49,48,18,112,24,48,193,46,47,94,64,218,45,29,219,199,78,185,24,37,57,139,50,96,195,51,588,39,66,72,33,90,95,50,100,18,275,35,93,32,366,47,99,76,271,46,154,25,74,38,237,91,350,69,411,9,9,148,44,47,199,181,61,47,96,77,191,559,47,97,92,43,61,49,68,93,38,40,98,48,77,46,94,133,30,97,98,16,241,383,50,184,48,68,90,145,40,173,95,23,94,107,199,207,44,19,138,33,75,48,48,22,44,28,207,52,204,335,95,279,176,66,259,22,252,296,176,312,272,302,76,191,131,41,110,95,98,48,298,91,180,36,21,96,160,63,91,98,171,47,39,228,77,23,279,223,47,41,28,25,95,34,361,47,95,238,27,292,167,44,275,24,79,48,217,24,31,161,328,193,403,93,357,188,270,309,45,94,191,300,23,217,395,104,277,45,45,108,18,50,218,36,304,93,93,25,17,244,52,47,31,302,521,60,173,29,275,76,533,113,17,345,71,50,98,66,116,48,204,46,78,43,82
2026-08-14,122,208,68,192,56,114,42,249,175,26,702,170,56,46,24,51,100,57,228,448,18,33,36,335,59,464,178,10,399,67,109,726,51,721,168,252,168,56,86,61,52,40,115,294,50,60,83,259,34,118,49,114,48,80,310,123,114,424,56,81,57,501,13,312,116,60,123,270,53,118,34,48,79,34,63,115,57,52,17,502,226,110,57,42,102,34,96,113,80,121,58,116,56,58,114,66,401,120,56,17,123,670,54,51,63,186,137,404,80,318,34,58,51,33,52,28,78,58,67,35,52,46,456,33,99,32,57,116,276,118,60,585,70,184,53,212,57,23,57,357,204,59,36,15,119,240,23,30,18,59,17,104,238,60,25,46,106,60,337,24,39,74,30,62,462,152,66,122,108,253,58,117,40,36,372,118,41,49,18,61,34,347,241,60,357,7,312,110,60,346,230,23,366,180,252,54,661,98,260,98,52,137,198,272,173,364,36,338,94,59,34,14,48,116,634,624,33,25,56,115,665,607,55,16,235,35,7,117,117,40,34,81,100,363,121,108,287,33,84,66,35,468,140,35,203,35,56,18,563,10,51,114,49,91,60,118,65,120,66,369,135,343,243,38,500,100,95,111,58,227,117,757,112,57,116,58,34,35,60,79,651,693,57,81,52,96,55,43,251,47,374,112,230,478,57,118,40,7,34,51,57,170,119,59,42,82,58,10,61,757,32,423,745,32,230,627,48,113,36,91,18,110,54,68,58,55,33,105,56,39,31,367,67,614,97,230,60,783,115,40,241,349,59,96,81,116,140,263,116,162,32,10,38,57,23,40,112,112,30,24,26,49,43,263,244,71,481,59,59,19,128,27,60,202,57,58,117,56,213,59,41,280,262,103,224,27,46,82,178,63,118,251,49,656,51,63,65,41,117,113,57,117,17,353,51,115,34,457,60,113,103,266,64,211,48,109,33,310,162,443,70,499,10,7,167,57,57,256,281,85,60,117,98,195,700,58,114,117,63,79,56,66,123,48,51,157,59,93,55,130,160,42,120,114,17,324,446,48,173,56,105,118,187,52,173,117,34,114,113,241,205,62,17,159,33,128,58,60,34,57,31,254,50,252,432,108,352,207,72,298,31,294,474,152,368,258,382,90,217,178,51,95,115,116,58,318,114,216,52,33,115,170,82,118,108,199,57,51,240,104,31,365,240,61,65,42,24,111,35,427,55,133,222,49,373,161,56,342,31,126,61,300,28,43,211,393,205,502,113,480,219,330,405,56,115,227,440,31,297,441,144,361,60,57,100,17,52,269,41,368,110,85,23,17,332,91,55,43,350,683,85,177,41,287,98,656,122,18,396,98,58,110,69,116,61,218,59,97,59,98
2026-08-15,0,0,0,0,0,0,0,0,0,0,0,0,0,0,0,0,0,0,0,0,0,0,0,0,0,0,0,0,0,0,0,0,0,0,0,0,0,0,0,0,0,0,0,0,0,0,0,0,0,0,0,0,0,0,0,0,0,0,0,0,0,0,0,0,0,0,0,0,0,0,0,0,0,0,0,0,0,0,0,0,0,0,0,0,0,0,0,0,0,0,0,0,0,0,0,0,0,0,0,0,0,0,0,0,0,0,0,0,0,0,0,0,0,0,0,0,0,0,0,0,0,0,0,0,0,0,0,0,0,0,0,0,0,0,0,0,0,0,0,0,0,0,0,0,0,0,0,0,0,0,0,0,0,0,0,0,0,0,0,0,0,0,0,0,0,0,0,0,0,0,0,0,0,0,0,0,0,0,0,0,0,0,0,0,0,0,0,0,0,0,0,0,0,0,0,0,0,0,0,0,0,0,0,0,0,0,0,0,0,0,0,0,0,0,0,0,0,0,0,0,0,0,0,0,0,0,0,0,0,0,0,0,0,0,0,0,0,0,0,0,0,0,0,0,0,0,0,0,0,0,0,0,0,0,0,0,0,0,0,0,0,0,0,0,0,0,0,0,0,0,0,0,0,0,0,0,0,0,0,0,0,0,0,0,0,0,0,0,0,0,0,0,0,0,0,0,0,0,0,0,0,0,0,0,0,0,0,0,0,0,0,0,0,0,0,0,0,0,0,0,0,0,0,0,0,0,0,0,0,0,0,0,0,0,0,0,0,0,0,0,0,0,0,0,0,0,0,0,0,0,0,0,0,0,0,0,0,0,0,0,0,0,0,0,0,0,0,0,0,0,0,0,0,0,0,0,0,0,0,0,0,0,0,0,0,0,0,0,0,0,0,0,0,0,0,0,0,0,0,0,0,0,0,0,0,0,0,0,0,0,0,0,0,0,0,0,0,0,0,0,0,0,0,0,0,0,0,0,0,0,0,0,0,0,0,0,0,0,0,0,0,0,0,0,0,0,0,0,0,0,0,0,0,0,0,0,0,0,0,0,0,0,0,0,0,0,0,0,0,0,0,0,0,0,0,0,0,0,0,0,0,0,0,0,0,0,0,0,0,0,0,0,0,0,0,0,0,0,0,0,0,0,0,0,0,0,0,0,0,0,0,0,0,0,0,0,0,0,0,0,0,0,0,0,0,0,0,0,0,0,0,0,0,0,0,0,0,0,0,0,0,0,0,0,0,0,0,0,0,0,0,0,0,0,0,0,0,0,0,0,0,0,0,0,0,0,0,0,0,0,0,0,0,0,0,0,0,0,0,0,0,0,0,0,0,0,0,0,0,0,0,0,0,0,0,0,0,0,0,0
2026-08-16,0,0,0,0,0,0,0,0,0,0,0,0,0,0,0,0,0,0,0,0,0,0,0,0,0,0,0,0,0,0,0,0,0,0,0,0,0,0,0,0,0,0,0,0,0,0,0,0,0,0,0,0,0,0,0,0,0,0,0,0,0,0,0,0,0,0,0,0,0,0,0,0,0,0,0,0,0,0,0,0,0,0,0,0,0,0,0,0,0,0,0,0,0,0,0,0,0,0,0,0,0,0,0,0,0,0,0,0,0,0,0,0,0,0,0,0,0,0,0,0,0,0,0,0,0,0,0,0,0,0,0,0,0,0,0,0,0,0,0,0,0,0,0,0,0,0,0,0,0,0,0,0,0,0,0,0,0,0,0,0,0,0,0,0,0,0,0,0,0,0,0,0,0,0,0,0,0,0,0,0,0,0,0,0,0,0,0,0,0,0,0,0,0,0,0,0,0,0,0,0,0,0,0,0,0,0,0,0,0,0,0,0,0,0,0,0,0,0,0,0,0,0,0,0,0,0,0,0,0,0,0,0,0,0,0,0,0,0,0,0,0,0,0,0,0,0,0,0,0,0,0,0,0,0,0,0,0,0,0,0,0,0,0,0,0,0,0,0,0,0,0,0,0,0,0,0,0,0,0,0,0,0,0,0,0,0,0,0,0,0,0,0,0,0,0,0,0,0,0,0,0,0,0,0,0,0,0,0,0,0,0,0,0,0,0,0,0,0,0,0,0,0,0,0,0,0,0,0,0,0,0,0,0,0,0,0,0,0,0,0,0,0,0,0,0,0,0,0,0,0,0,0,0,0,0,0,0,0,0,0,0,0,0,0,0,0,0,0,0,0,0,0,0,0,0,0,0,0,0,0,0,0,0,0,0,0,0,0,0,0,0,0,0,0,0,0,0,0,0,0,0,0,0,0,0,0,0,0,0,0,0,0,0,0,0,0,0,0,0,0,0,0,0,0,0,0,0,0,0,0,0,0,0,0,0,0,0,0,0,0,0,0,0,0,0,0,0,0,0,0,0,0,0,0,0,0,0,0,0,0,0,0,0,0,0,0,0,0,0,0,0,0,0,0,0,0,0,0,0,0,0,0,0,0,0,0,0,0,0,0,0,0,0,0,0,0,0,0,0,0,0,0,0,0,0,0,0,0,0,0,0,0,0,0,0,0,0,0,0,0,0,0,0,0,0,0,0,0,0,0,0,0,0,0,0,0,0,0,0,0,0,0,0,0,0,0,0,0,0,0,0,0,0,0,0,0,0,0,0,0,0,0,0,0,0,0,0,0,0,0,0,0,0,0,0,0,0,0,0,0,0,0,0,0,0,0,0,0,0,0,0,0,0,0,0,0,0,0,0,0
2026-08-17,110,235,59,182,50,98,36,208,124,28,596,139,55,34,23,45,146,48,201,334,14,28,29,273,50,380,159,13,356,70,103,643,43,558,124,211,147,51,76,50,44,38,100,263,38,50,73,227,36,104,41,112,35,78,276,101,102,454,47,76,72,452,16,255,100,51,84,230,43,101,37,43,74,36,52,100,50,45,22,444,219,124,51,47,87,37,74,100,82,98,51,104,53,50,100,67,423,104,52,21,122,622,44,45,51,207,114,321,74,195,28,48,42,44,59,26,73,51,57,35,44,35,347,39,73,24,49,104,246,102,51,457,57,153,43,161,52,15,51,258,185,54,45,17,100,222,14,23,22,49,23,111,257,51,29,37,82,52,293,22,35,72,22,52,384,163,72,99,99,238,48,106,39,38,303,101,33,58,22,47,35,327,201,53,334,8,256,103,48,247,186,14,298,142,226,53,549,71,222,74,41,147,185,240,107,290,34,283,73,50,37,16,44,106,508,543,41,21,53,108,575,509,56,14,208,28,8,152,104,36,44,77,81,319,103,108,243,36,75,52,35,409,166,36,199,38,54,23,477,13,45,109,29,77,54,99,70,104,75,381,152,302,216,37,408,84,85,96,50,191,103,637,105,55,103,52,35,35,52,100,542,581,48,75,44,125,51,38,208,37,296,105,157,439,51,94,36,8,37,36,53,171,106,49,37,77,53,13,46,610,22,322,676,24,201,442,36,102,35,97,23,106,51,62,48,50,38,118,48,57,34,276,97,489,76,198,49,699,94,36,224,290,82,74,76,99,100,227,103,116,43,14,38,47,21,29,95,100,22,22,21,44,29,215,220,72,409,55,54,30,115,29,51,213,53,50,109,75,208,49,35,217,251,86,200,28,38,58,165,53,106,217,44,650,41,57,71,37,103,101,51,101,22,289,42,110,29,377,55,99,85,235,46,191,30,90,46,278,104,366,71,453,14,8,128,51,51,214,206,72,49,103,72,209,633,53,104,103,47,76,53,71,102,37,42,137,50,74,51,99,133,29,99,104,14,238,417,43,158,51,88,103,138,44,147,101,28,100,118,226,217,46,22,129,36,108,51,52,31,52,43,233,56,228,383,102,261,185,72,274,28,277,426,144,337,278,348,78,208,146,44,88,99,106,49,334,108,195,35,29,102,186,73,101,105,178,50,45,250,81,23,314,190,50,59,30,23,99,36,351,52,102,235,31,340,147,51,305,24,98,55,255,26,38,170,337,173,414,98,445,209,279,354,50,100,189,318,29,228,416,110,311,48,51,145,23,55,234,57,330,105,83,22,21,305,61,54,35,329,601,77,183,38,281,89,561,138,13,340,74,51,101,72,120,52,224,52,86,47,77
2026-08-18,94,209,77,178,48,91,27,203,150,27,623,156,47,41,29,41,56,49,201,383,20,39,19,305,49,405,203,6,349,69,97,635,39,596,145,208,114,45,55,48,38,28,95,224,42,46,58,223,36,95,40,93,41,57,254,97,90,441,48,55,53,411,18,254,96,47,85,159,40,95,35,38,61,35,50,94,50,39,15,388,210,109,48,57,79,38,86,100,56,103,50,98,46,49,91,71,452,98,48,14,116,539,39,39,49,197,78,299,59,175,40,46,40,31,49,27,53,50,38,34,39,42,398,34,83,22,49,95,174,103,49,482,39,142,38,188,48,12,50,273,139,49,30,19,97,202,12,22,15,48,15,101,215,48,26,39,84,49,256,30,27,67,22,51,357,164,70,92,88,201,48,97,29,36,306,103,28,61,14,48,34,303,174,44,308,10,205,97,49,247,119,13,304,166,196,47,606,86,215,82,38,141,170,215,90,343,35,251,83,48,37,17,39,96,443,531,31,30,48,92,547,513,48,18,194,19,10,105,104,28,32,55,73,289,99,89,235,35,56,82,33,282,144,36,164,46,52,15,432,6,38,97,25,88,50,94,74,93,68,311,142,266,225,28,451,76,76,98,49,177,95,567,98,50,97,48,35,33,46,64,475,633,47,59,38,78,46,28,190,43,309,95,179,384,47,98,28,9,35,46,50,117,102,49,30,53,51,6,43,622,22,358,585,23,176,573,44,91,33,109,16,93,49,40,47,46,34,111,47,24,34,316,41,521,81,184,47,652,98,27,202,282,53,84,55,101,114,216,99,137,28,6,28,50,29,33,88,96,22,31,29,39,33,163,210,73,373,50,46,12,127,27,45,191,45,47,95,56,206,51,27,247,172,76,193,25,43,62,135,47,97,207,53,576,40,77,64,28,91,94,47,94,16,261,37,94,41,378,50,95,78,326,43,166,25,80,30,257,95,356,68,414,6,9,168,51,48,192,186,54,46,91,85,200,598,46,96,94,44,51,50,67,96,40,40,93,50,82,48,99,144,31,99,102,21,268,402,56,213,48,74,100,151,41,208,99,18,95,110,179,193,44,15,142,36,68,49,49,20,48,18,205,50,214,363,106,310,162,69,247,18,273,267,194,308,271,306,85,193,120,38,116,96,99,47,333,101,193,39,19,97,174,54,101,100,170,47,40,253,82,23,289,280,48,38,31,28,96,33,386,49,97,232,27,269,196,49,286,22,72,48,223,28,28,171,314,253,411,93,392,189,271,299,50,97,203,305,18,215,385,102,289,48,47,84,15,53,226,25,307,100,108,29,15,215,52,49,28,297,547,55,168,29,257,76,522,127,19,343,81,47,97,69,119,48,196,46,81,47,88
2026-08-19,113,247,73,217,56,117,39,237,158,33,719,152,61,46,25,49,132,59,226,411,19,37,34,289,63,442,178,14,401,73,113,758,53,633,157,241,158,61,81,60,58,40,117,317,48,58,80,270,37,117,55,121,45,71,317,121,115,490,61,80,62,587,12,324,124,55,105,243,51,127,39,53,82,41,61,118,58,50,20,502,249,136,58,36,113,38,89,111,84,115,58,121,60,56,120,71,460,120,61,19,129,688,50,50,57,213,133,395,77,273,36,60,51,37,64,33,77,56,67,37,52,43,433,36,91,26,58,121,267,118,60,533,68,184,54,198,61,21,61,333,194,59,37,12,117,240,21,27,19,61,20,122,280,57,31,46,107,60,359,26,40,79,25,61,458,170,77,111,123,270,58,117,40,40,347,122,43,40,18,58,39,362,259,61,361,6,305,115,58,345,237,20,364,170,247,56,698,92,245,87,54,147,221,287,139,374,40,347,90,60,37,12,54,121,598,680,37,25,60,119,702,670,61,18,254,36,6,131,127,44,36,80,102,351,118,126,295,37,82,79,39,509,168,39,205,31,65,19,625,14,54,115,41,91,59,113,76,119,75,421,158,323,251,41,498,104,106,109,59,230,121,763,119,58,116,58,38,38,57,86,667,728,61,84,52,97,59,39,267,47,366,117,235,495,60,117,41,6,37,46,65,181,119,60,40,78,63,14,53,746,27,377,755,25,234,611,47,116,40,73,19,123,53,66,59,57,40,116,59,54,39,329,92,589,91,233,61,765,110,44,243,359,69,94,80,119,142,254,116,161,36,13,40,63,24,40,117,115,27,25,24,54,39,260,253,77,494,56,58,26,145,30,57,215,59,55,117,62,229,59,37,277,252,112,233,31,45,76,171,58,109,255,50,715,52,74,74,41,115,123,59,125,18,335,51,115,38,467,60,114,106,271,51,227,44,101,39,288,145,432,78,503,13,6,172,57,57,229,247,81,55,119,92,219,710,57,115,119,53,84,60,80,117,48,54,152,59,95,60,105,145,40,114,116,19,301,503,48,182,60,100,117,161,55,173,122,33,113,127,219,216,52,18,144,39,119,56,62,33,61,37,280,66,264,477,125,337,208,81,302,32,326,482,167,359,277,421,91,242,162,53,99,116,121,61,359,121,222,46,34,116,188,76,120,119,220,63,52,277,108,26,355,261,59,66,41,26,113,37,437,62,113,248,42,390,156,57,366,26,122,60,308,33,40,208,391,240,520,118,489,243,340,412,58,122,227,384,35,275,464,127,361,62,61,129,19,65,297,53,398,119,84,26,19,333,81,60,38,367,689,78,215,42,300,106,663,136,20,397,93,57,123,76,131,56,236,61,108,56,91
2026-08-20,119,263,71,219,54,115,44,248,166,34,718,180,61,43,25,48,131,65,237,411,18,38,34,313,60,449,175,13,412,75,114,691,53,628,158,253,159,55,84,58,53,42,119,312,47,60,80,258,39,119,50,114,45,80,315,119,117,491,61,84,72,545,16,334,116,59,100,262,50,127,38,50,83,39,60,123,60,51,22,516,255,137,54,48,103,38,85,116,85,109,59,119,61,59,124,77,471,120,63,21,130,684,52,51,58,224,130,403,79,260,37,61,50,40,62,30,84,64,67,39,51,48,416,35,84,28,63,116,272,115,60,529,66,171,52,199,59,21,56,326,192,55,43,16,119,245,20,26,20,59,20,121,280,61,31,47,104,60,356,27,42,77,27,60,460,180,76,122,112,259,58,115,40,39,362,124,41,57,21,57,41,381,255,60,373,8,292,115,55,322,222,20,371,170,239,58,693,92,258,93,52,151,213,261,134,357,40,310,87,59,40,17,51,121,569,612,44,27,62,115,647,587,61,18,247,33,8,158,126,41,40,86,100,360,117,115,274,39,82,74,39,455,173,39,216,38,59,21,533,13,52,117,41,91,60,112,74,122,78,405,153,321,255,43,492,101,95,116,61,212,117,727,128,56,118,58,42,39,64,94,646,743,56,79,52,113,57,42,252,44,349,122,210,483,60,113,42,8,40,44,60,182,120,56,42,82,60,14,56,804,27,415,769,25,235,605,48,117,38,102,21,113,61,66,56,55,37,122,59,55,41,376,95,592,91,216,59,799,114,42,243,347,78,94,81,117,138,271,116,149,39,14,43,59,25,38,116,115,29,26,27,53,39,236,256,79,456,60,56,26,142,30,63,222,59,57,122,71,237,60,40,264,265,103,249,32,46,75,174,57,120,251,52,780,50,76,80,39,112,115,58,119,22,351,52,122,37,441,59,114,105,285,58,212,40,101,42,323,146,425,74,510,13,8,174,58,59,244,262,86,58,118,91,233,744,61,123,126,58,82,58,80,113,50,48,144,58,88,59,128,147,38,121,117,18,288,452,53,187,57,99,115,176,53,172,119,33,116,120,248,233,57,21,146,38,120,58,59,31,60,41,260,64,260,462,122,346,210,73,314,33,323,455,177,360,295,368,92,239,174,50,96,123,115,58,387,125,219,49,33,118,192,89,117,118,211,57,54,277,106,27,392,261,58,69,36,27,126,39,405,58,123,263,39,366,173,57,359,29,122,58,298,31,40,204,409,238,497,122,489,236,359,385,59,117,223,386,32,278,490,129,387,61,57,129,20,64,273,54,410,123,96,25,21,339,87,62,42,377,698,79,206,44,305,99,681,131,19,406,94,59,115,82,128,57,252,60,100,64,94
2026-08-21,98,203,52,183,47,101,37,203,127,26,583,124,48,33,17,43,145,47,180,330,13,26,28,222,47,336,130,14,306,64,94,599,45,478,114,186,143,48,71,45,46,35,91,264,33,45,69,211,30,94,42,95,34,69,256,96,96,405,51,70,65,487,10,261,92,48,77,213,45,89,33,42,75,31,50,98,50,40,19,408,212,116,49,30,87,33,68,100,70,98,47,93,50,48,94,65,388,102,50,18,112,567,41,41,49,188,125,340,71,196,26,47,42,35,51,27,75,48,58,31,42,33,305,33,68,21,46,91,238,95,51,426,58,156,44,155,46,15,49,252,173,47,38,9,102,221,16,21,18,46,19,101,231,50,26,34,86,51,305,18,34,63,21,46,375,162,63,101,99,232,49,94,36,34,274,100,36,34,19,50,32,296,198,47,311,5,253,91,46,285,210,16,290,134,203,45,570,65,202,67,45,131,169,228,112,267,31,240,67,46,32,10,43,93,527,542,37,18,49,102,573,478,49,13,212,30,5,130,96,35,37,72,82,306,103,94,225,34,69,51,31,418,144,31,176,25,49,19,430,14,42,92,33,66,48,96,59,99,64,360,129,282,199,35,377,86,86,97,48,181,103,642,95,48,94,47,32,31,48,92,512,581,48,67,44,103,50,35,211,33,256,95,160,386,48,98,36,5,33,35,53,146,93,46,36,71,51,14,42,676,21,278,608,20,193,448,32,101,31,63,19,95,48,60,50,50,33,100,49,52,32,253,95,431,64,174,49,636,97,33,191,280,72,66,71,96,98,213,103,116,37,15,34,46,19,30,97,98,20,19,18,43,28,222,205,64,376,46,48,28,124,29,47,180,48,46,91,62,185,47,37,217,227,78,188,27,33,59,151,48,96,216,34,592,41,54,63,34,99,98,48,105,19,279,43,99,25,356,49,96,81,196,42,198,33,87,39,253,110,368,64,446,14,5,137,45,48,192,197,68,48,102,70,200,547,50,93,95,41,75,49,64,93,33,42,137,48,67,47,92,105,30,96,102,13,206,399,36,117,49,85,96,124,42,128,99,30,98,104,213,187,42,18,109,32,97,45,46,30,49,41,222,56,215,375,99,249,172,66,258,30,260,401,123,315,239,329,67,193,143,43,74,95,93,52,305,100,177,36,30,95,159,67,100,99,184,47,43,223,85,21,299,176,49,61,31,19,96,33,315,47,90,205,31,330,114,49,275,21,107,47,249,27,34,174,313,167,398,97,387,200,280,346,47,91,184,304,31,215,392,98,319,45,50,119,19,53,205,57,314,104,61,18,20,292,63,47,35,297,559,70,170,35,269,85,562,114,13,335,66,49,99,64,113,49,198,45,86,50,67
2026-08-22,0,0,0,0,0,0,0,0,0,0,0,0,0,0,0,0,0,0,0,0,0,0,0,0,0,0,0,0,0,0,0,0,0,0,0,0,0,0,0,0,0,0,0,0,0,0,0,0,0,0,0,0,0,0,0,0,0,0,0,0,0,0,0,0,0,0,0,0,0,0,0,0,0,0,0,0,0,0,0,0,0,0,0,0,0,0,0,0,0,0,0,0,0,0,0,0,0,0,0,0,0,0,0,0,0,0,0,0,0,0,0,0,0,0,0,0,0,0,0,0,0,0,0,0,0,0,0,0,0,0,0,0,0,0,0,0,0,0,0,0,0,0,0,0,0,0,0,0,0,0,0,0,0,0,0,0,0,0,0,0,0,0,0,0,0,0,0,0,0,0,0,0,0,0,0,0,0,0,0,0,0,0,0,0,0,0,0,0,0,0,0,0,0,0,0,0,0,0,0,0,0,0,0,0,0,0,0,0,0,0,0,0,0,0,0,0,0,0,0,0,0,0,0,0,0,0,0,0,0,0,0,0,0,0,0,0,0,0,0,0,0,0,0,0,0,0,0,0,0,0,0,0,0,0,0,0,0,0,0,0,0,0,0,0,0,0,0,0,0,0,0,0,0,0,0,0,0,0,0,0,0,0,0,0,0,0,0,0,0,0,0,0,0,0,0,0,0,0,0,0,0,0,0,0,0,0,0,0,0,0,0,0,0,0,0,0,0,0,0,0,0,0,0,0,0,0,0,0,0,0,0,0,0,0,0,0,0,0,0,0,0,0,0,0,0,0,0,0,0,0,0,0,0,0,0,0,0,0,0,0,0,0,0,0,0,0,0,0,0,0,0,0,0,0,0,0,0,0,0,0,0,0,0,0,0,0,0,0,0,0,0,0,0,0,0,0,0,0,0,0,0,0,0,0,0,0,0,0,0,0,0,0,0,0,0,0,0,0,0,0,0,0,0,0,0,0,0,0,0,0,0,0,0,0,0,0,0,0,0,0,0,0,0,0,0,0,0,0,0,0,0,0,0,0,0,0,0,0,0,0,0,0,0,0,0,0,0,0,0,0,0,0,0,0,0,0,0,0,0,0,0,0,0,0,0,0,0,0,0,0,0,0,0,0,0,0,0,0,0,0,0,0,0,0,0,0,0,0,0,0,0,0,0,0,0,0,0,0,0,0,0,0,0,0,0,0,0,0,0,0,0,0,0,0,0,0,0,0,0,0,0,0,0,0,0,0,0,0,0,0,0,0,0,0,0,0,0,0,0,0,0,0,0,0,0,0,0,0,0,0,0,0,0,0,0,0,0,0,0,0,0,0,0,0,0,0,0,0,0,0,0,0,0,0,0,0,0,0,0,0
2026-08-23,0,0,0,0,0,0,0,0,0,0,0,0,0,0,0,0,0,0,0,0,0,0,0,0,0,0,0,0,0,0,0,0,0,0,0,0,0,0,0,0,0,0,0,0,0,0,0,0,0,0,0,0,0,0,0,0,0,0,0,0,0,0,0,0,0,0,0,0,0,0,0,0,0,0,0,0,0,0,0,0,0,0,0,0,0,0,0,0,0,0,0,0,0,0,0,0,0,0,0,0,0,0,0,0,0,0,0,0,0,0,0,0,0,0,0,0,0,0,0,0,0,0,0,0,0,0,0,0,0,0,0,0,0,0,0,0,0,0,0,0,0,0,0,0,0,0,0,0,0,0,0,0,0,0,0,0,0,0,0,0,0,0,0,0,0,0,0,0,0,0,0,0,0,0,0,0,0,0,0,0,0,0,0,0,0,0,0,0,0,0,0,0,0,0,0,0,0,0,0,0,0,0,0,0,0,0,0,0,0,0,0,0,0,0,0,0,0,0,0,0,0,0,0,0,0,0,0,0,0,0,0,0,0,0,0,0,0,0,0,0,0,0,0,0,0,0,0,0,0,0,0,0,0,0,0,0,0,0,0,0,0,0,0,0,0,0,0,0,0,0,0,0,0,0,0,0,0,0,0,0,0,0,0,0,0,0,0,0,0,0,0,0,0,0,0,0,0,0,0,0,0,0,0,0,0,0,0,0,0,0,0,0,0,0,0,0,0,0,0,0,0,0,0,0,0,0,0,0,0,0,0,0,0,0,0,0,0,0,0,0,0,0,0,0,0,0,0,0,0,0,0,0,0,0,0,0,0,0,0,0,0,0,0,0,0,0,0,0,0,0,0,0,0,0,0,0,0,0,0,0,0,0,0,0,0,0,0,0,0,0,0,0,0,0,0,0,0,0,0,0,0,0,0,0,0,0,0,0,0,0,0,0,0,0,0,0,0,0,0,0,0,0,0,0,0,0,0,0,0,0,0,0,0,0,0,0,0,0,0,0,0,0,0,0,0,0,0,0,0,0,0,0,0,0,0,0,0,0,0,0,0,0,0,0,0,0,0,0,0,0,0,0,0,0,0,0,0,0,0,0,0,0,0,0,0,0,0,0,0,0,0,0,0,0,0,0,0,0,0,0,0,0,0,0,0,0,0,0,0,0,0,0,0,0,0,0,0,0,0,0,0,0,0,0,0,0,0,0,0,0,0,0,0,0,0,0,0,0,0,0,0,0,0,0,0,0,0,0,0,0,0,0,0,0,0,0,0,0,0,0,0,0,0,0,0,0,0,0,0,0,0,0,0,0,0,0,0,0,0,0,0,0,0,0,0,0,0,0,0,0,0,0,0,0,0,0,0,0,0,0
2026-08-24,99,228,74,193,47,93,31,205,136,29,602,156,48,39,28,39,103,50,189,349,17,38,21,279,49,370,194,11,338,72,103,572,40,550,135,213,123,48,60,49,39,31,91,250,41,49,62,220,37,95,39,102,40,61,278,95,99,452,45,61,67,428,18,240,101,47,76,176,41,100,36,40,61,34,46,100,48,40,18,422,210,126,49,56,82,38,75,97,64,97,51,101,54,49,98,75,445,97,49,18,136,554,39,38,47,218,90,327,64,154,36,46,40,38,55,29,63,48,43,38,39,38,382,38,81,20,50,103,189,97,48,464,43,148,39,169,50,12,49,270,162,50,39,18,101,201,12,21,20,53,19,109,253,49,28,40,84,47,280,25,31,69,22,50,366,167,74,97,103,214,46,101,33,35,292,101,32,59,20,52,36,289,188,52,332,9,218,99,49,236,142,12,292,148,203,47,550,80,212,79,39,151,176,230,81,333,37,296,72,44,37,19,42,92,465,537,41,25,46,96,542,493,49,18,192,21,9,136,100,31,37,63,80,289,105,92,227,38,61,76,38,303,154,37,180,46,54,20,460,10,38,97,25,75,51,94,76,98,74,386,156,283,211,31,446,84,80,92,52,180,99,552,93,47,96,49,36,38,48,84,509,619,47,66,39,96,49,30,181,40,282,93,161,384,48,96,31,9,37,38,50,134,97,48,31,61,50,10,42,597,23,303,612,20,183,526,40,100,38,109,19,100,51,44,49,49,37,119,49,38,37,306,72,447,74,172,48,633,93,32,209,290,70,75,62,103,106,227,96,124,38,10,32,51,27,31,96,98,21,28,27,39,30,178,219,77,372,49,51,20,122,27,48,201,46,48,100,68,218,48,32,239,200,77,191,27,39,59,136,50,95,206,54,583,40,76,73,32,94,99,49,99,19,262,40,100,37,394,52,104,82,280,42,180,25,80,38,262,87,365,78,420,10,9,147,49,47,193,179,59,48,93,77,217,599,49,100,99,41,62,51,77,98,40,38,100,49,82,50,89,143,29,97,93,18,250,418,52,207,49,79,94,129,40,167,98,22,98,120,193,232,41,19,135,35,78,51,49,22,49,31,215,59,214,341,99,277,177,74,260,22,271,306,182,307,291,329,83,190,127,40,108,100,99,48,347,99,204,38,21,99,188,65,94,97,174,49,40,253,80,21,297,252,49,46,30,26,96,38,391,50,92,250,23,299,188,52,291,21,81,49,226,27,31,174,320,230,408,97,414,196,289,319,46,100,195,293,22,233,391,93,289,50,51,112,20,53,221,38,299,101,96,27,20,246,50,49,32,298,572,60,177,31,296,75,538,132,18,327,73,48,97,72,130,48,201,47,80,51,82
2026-08-25,104,210,46,189,49,101,36,199,125,26,582,133,47,34,21,41,137,50,184,304,12,24,26,250,50,309,141,14,334,72,99,612,38,464,119,207,141,47,73,48,38,36,96,252,34,50,74,209,33,96,40,97,34,71,249,96,99,437,48,72,75,430,16,249,101,49,77,221,42,101,35,40,67,34,47,98,47,39,21,410,199,114,48,48,75,34,70,90,72,95,47,88,50,49,95,69,399,93,47,21,116,589,39,40,47,196,115,310,76,177,24,48,38,43,50,25,71,47,57,33,41,32,339,37,69,23,46,98,238,99,44,410,56,151,43,149,45,14,50,213,176,47,46,15,96,217,14,22,21,45,21,108,245,47,27,33,81,50,287,20,36,72,21,43,353,147,69,95,100,223,48,97,35,34,298,103,35,56,23,47,36,300,199,50,294,8,262,96,49,235,180,14,295,127,199,48,546,63,192,69,38,137,171,218,98,269,33,267,66,48,33,16,41,96,465,490,43,20,49,97,588,510,47,13,202,29,8,153,96,35,47,73,80,283,97,98,235,37,74,47,33,423,145,31,179,40,49,22,413,15,36,102,28,67,51,95,67,95,69,333,135,281,220,36,374,75,80,98,47,174,98,552,99,45,97,48,36,33,45,108,535,619,48,74,39,113,46,35,191,32,265,99,145,397,48,99,36,8,36,34,50,155,95,47,36,76,50,14,45,619,23,297,583,23,185,449,35,96,34,92,22,98,50,56,48,50,34,102,47,53,34,258,101,445,69,173,50,644,97,35,210,282,80,66,77,100,93,209,94,106,44,14,36,48,19,26,102,97,23,20,22,40,26,212,220,72,371,47,45,27,117,27,45,190,49,47,98,78,215,44,35,209,228,80,180,26,36,51,162,50,98,214,39,612,41,51,71,35,92,105,48,97,23,271,41,93,24,391,48,94,81,220,43,182,28,83,43,256,105,330,72,414,14,8,131,49,49,203,191,71,50,95,68,192,569,47,100,94,42,74,45,67,95,34,38,130,46,64,48,90,119,25,97,98,12,211,360,38,146,48,76,90,152,38,142,93,27,96,113,233,211,44,22,120,33,99,47,48,29,48,38,225,50,222,326,96,249,185,65,242,28,239,375,122,307,266,304,69,198,148,38,81,96,97,50,330,92,173,33,28,99,176,77,103,97,173,47,42,236,78,23,307,175,49,53,25,20,96,33,301,47,95,233,29,353,138,46,269,23,101,49,220,24,37,153,355,167,416,93,392,203,272,311,49,100,194,312,28,207,387,101,321,49,50,142,22,48,233,58,313,92,73,21,22,278,55,49,37,289,600,75,169,38,273,81,543,129,12,305,65,47,89,64,104,47,192,48,77,50,68
2026-08-26,62,106,27,77,31,59,23,130,104,11,374,100,28,26,12,25,42,31,121,239,7,15,19,185,32,248,91,4,224,32,61,386,26,378,94,130,96,30,50,30,24,25,63,141,27,32,49,142,17,62,25,62,28,49,168,64,61,213,31,47,37,258,12,150,64,30,75,153,25,62,17,25,52,17,31,63,30,26,10,259,127,48,31,37,51,17,53,62,51,63,31,64,31,34,60,34,209,60,32,10,53,336,24,24,31,94,66,189,49,172,14,31,25,20,21,11,48,29,34,16,24,27,259,18,54,20,32,60,152,60,30,326,38,91,24,111,32,13,30,187,116,30,20,12,61,124,14,19,9,31,10,43,97,30,11,26,49,32,168,13,24,33,18,30,225,71,34,59,64,145,31,61,24,17,187,63,24,40,10,31,17,193,116,30,202,6,183,61,30,161,123,15,180,92,131,31,355,57,133,56,26,69,104,130,97,198,17,163,55,33,16,11,25,58,293,348,20,13,30,62,372,297,31,7,117,17,6,64,63,23,20,47,49,186,63,60,152,17,49,29,17,248,74,17,107,29,21,10,289,4,25,62,26,55,29,59,36,60,33,143,68,203,131,23,302,50,50,62,31,112,66,371,61,30,59,29,17,17,29,46,353,415,32,49,24,55,31,26,112,27,203,58,118,271,31,62,23,6,18,26,31,100,62,32,26,49,30,4,40,397,19,229,418,19,118,351,27,63,16,73,10,62,30,38,30,31,17,56,32,16,18,217,28,349,57,123,31,418,65,25,135,185,34,55,46,63,71,135,59,81,18,4,23,32,13,21,62,67,18,13,13,26,21,150,135,34,252,31,32,8,48,11,29,106,32,31,62,35,98,31,24,158,158,52,128,11,28,41,101,29,62,139,26,394,25,28,37,25,61,59,30,63,10,197,25,63,14,234,31,61,50,144,42,109,29,53,20,174,102,242,36,263,4,6,102,31,30,125,182,49,31,61,57,100,379,30,60,62,41,48,33,35,61,25,24,87,31,54,31,86,93,21,64,60,7,171,256,26,93,32,50,61,126,24,92,63,18,63,59,136,102,39,10,91,16,70,30,31,19,32,12,135,22,131,225,62,205,117,33,168,17,172,269,86,189,128,191,55,120,103,26,53,63,63,30,175,63,120,26,18,61,84,48,61,61,98,31,26,121,52,21,203,94,29,39,21,14,62,17,258,32,87,111,28,226,92,32,194,20,67,28,154,11,24,110,204,87,264,58,267,114,167,180,29,61,118,268,17,146,242,97,200,32,33,55,10,20,146,16,197,61,53,13,10,183,56,32,24,206,338,46,70,24,134,53,348,60,7,207,52,29,67,34,59,30,111,32,51,32,55
2026-08-27,114,259,62,205,55,121,43,247,146,33,738,149,59,38,23,50,172,58,243,356,14,31,34,299,57,381,158,18,401,83,115,720,48,541,144,249,172,57,85,60,48,41,120,288,42,57,82,251,40,120,45,114,40,88,300,115,116,527,60,84,91,547,18,292,115,57,92,263,47,106,43,51,82,41,58,115,57,47,26,503,249,145,55,54,99,41,82,118,88,121,60,111,56,60,118,80,500,112,57,26,136,706,49,49,57,241,137,377,81,229,28,59,50,53,63,34,84,58,68,43,48,44,411,40,77,24,61,117,285,118,58,510,66,180,47,181,57,17,64,259,217,62,52,19,115,241,18,25,28,60,26,130,279,56,34,41,95,56,343,24,45,85,27,57,436,189,84,113,119,269,61,121,44,40,368,115,43,62,27,60,40,366,237,57,345,9,273,120,60,302,222,17,348,163,250,59,646,85,271,83,50,152,203,261,124,321,38,332,85,59,43,18,49,115,562,602,51,22,57,119,691,608,56,15,241,34,9,185,118,46,50,81,92,344,118,112,281,42,90,63,41,514,175,39,223,45,62,27,526,17,51,111,36,80,56,124,83,118,77,421,180,325,254,44,457,94,96,111,56,217,119,716,120,57,118,58,41,40,58,125,635,698,60,86,49,139,58,46,222,41,315,113,176,488,61,118,43,9,40,42,58,204,115,58,42,85,56,17,51,748,26,354,798,27,224,514,42,116,40,106,26,117,58,70,56,61,41,135,57,63,38,320,119,565,86,211,55,733,109,43,258,340,99,83,88,117,118,244,119,130,52,18,44,57,25,31,116,122,26,24,25,48,32,248,255,77,451,60,54,35,139,31,55,235,58,60,116,87,260,58,41,255,263,99,212,31,41,63,205,56,113,254,46,703,48,59,84,40,113,114,58,119,25,331,49,115,30,463,59,121,103,269,53,201,33,88,53,297,117,432,83,491,17,9,157,55,56,230,226,85,59,116,85,226,695,58,116,124,54,85,59,82,116,40,52,155,56,81,58,108,140,31,125,115,14,247,460,47,176,57,98,121,157,52,170,119,36,111,132,265,242,54,25,140,41,117,54,56,34,59,52,271,68,267,420,118,306,214,83,315,34,313,449,149,353,315,361,83,226,177,48,94,120,117,57,420,112,228,39,35,111,211,85,121,114,210,58,50,282,102,26,367,219,57,72,33,24,125,41,362,57,110,278,34,401,162,57,352,26,113,59,295,32,43,192,396,198,512,124,498,235,305,394,56,110,234,366,35,274,465,127,367,57,59,168,28,65,239,68,389,113,87,25,25,358,70,59,40,373,683,89,202,42,329,97,664,154,15,398,82,62,121,79,128,58,236,61,105,58,81
2026-08-28,115,309,76,274,57,118,35,250,134,36,660,152,56,37,31,48,172,56,212,373,20,40,28,273,56,345,200,17,379,99,118,710,49,519,128,246,141,59,69,57,47,36,116,292,39,55,77,242,45,117,46,112,40,75,303,112,113,591,56,75,89,541,18,298,117,57,65,214,45,114,48,44,71,46,57,115,56,51,28,473,245,171,55,54,97,47,80,118,72,115,55,116,56,57,108,91,565,112,58,28,160,705,47,49,57,276,115,412,75,137,41,59,49,53,75,38,74,56,54,45,49,39,366,46,77,19,62,116,246,117,57,466,61,191,46,187,59,10,58,250,185,58,54,17,108,240,10,19,27,56,28,158,344,57,37,38,99,55,342,29,37,95,18,55,417,217,89,113,125,249,57,117,37,48,349,115,38,64,26,59,50,338,214,52,346,9,244,110,56,292,177,10,365,158,240,58,590,77,250,80,48,189,209,269,67,312,48,335,74,58,45,18,47,112,549,617,56,28,58,119,661,618,58,20,225,27,9,182,108,37,53,75,95,362,119,116,277,45,74,75,48,402,205,48,221,47,77,27,555,17,47,113,20,80,59,112,88,116,95,498,185,305,244,37,431,96,96,121,57,206,111,639,115,54,117,61,46,46,56,125,605,717,57,74,50,145,59,37,226,39,281,109,166,494,56,115,36,9,49,38,55,166,110,57,35,72,59,18,38,784,19,314,746,19,210,525,39,115,47,104,27,110,58,57,55,58,48,153,56,69,46,282,122,487,83,197,59,734,105,36,256,326,100,76,73,116,108,261,110,129,55,18,38,58,29,30,113,111,20,30,29,50,32,217,269,94,453,59,58,34,181,38,57,263,58,55,115,94,289,57,38,244,227,95,213,39,39,59,185,60,118,230,53,706,47,86,92,38,112,118,56,110,26,323,46,125,43,448,57,117,95,320,38,226,20,100,49,319,69,426,99,528,18,9,141,57,58,231,154,74,57,117,80,282,697,55,115,115,38,67,59,90,115,39,49,120,60,79,58,84,136,29,107,115,20,237,474,59,206,59,90,115,127,48,208,111,30,119,146,235,285,39,27,130,48,101,57,58,29,57,56,272,75,245,405,114,304,207,98,323,28,311,363,205,361,392,379,79,230,142,49,107,111,117,56,440,108,208,37,29,107,239,68,113,114,214,58,49,321,99,18,364,275,61,58,32,30,115,48,363,62,83,313,20,369,203,59,325,18,91,54,261,36,35,188,361,257,488,112,498,247,345,411,57,115,228,260,28,266,468,86,338,56,57,175,26,79,257,76,351,114,101,30,26,314,41,54,36,330,654,74,249,37,376,96,647,164,19,374,83,56,109,99,159,58,247,59,92,54,78
2026-08-29,0,0,0,0,0,0,0,0,0,0,0,0,0,0,0,0,0,0,0,0,0,0,0,0,0,0,0,0,0,0,0,0,0,0,0,0,0,0,0,0,0,0,0,0,0,0,0,0,0,0,0,0,0,0,0,0,0,0,0,0,0,0,0,0,0,0,0,0,0,0,0,0,0,0,0,0,0,0,0,0,0,0,0,0,0,0,0,0,0,0,0,0,0,0,0,0,0,0,0,0,0,0,0,0,0,0,0,0,0,0,0,0,0,0,0,0,0,0,0,0,0,0,0,0,0,0,0,0,0,0,0,0,0,0,0,0,0,0,0,0,0,0,0,0,0,0,0,0,0,0,0,0,0,0,0,0,0,0,0,0,0,0,0,0,0,0,0,0,0,0,0,0,0,0,0,0,0,0,0,0,0,0,0,0,0,0,0,0,0,0,0,0,0,0,0,0,0,0,0,0,0,0,0,0,0,0,0,0,0,0,0,0,0,0,0,0,0,0,0,0,0,0,0,0,0,0,0,0,0,0,0,0,0,0,0,0,0,0,0,0,0,0,0,0,0,0,0,0,0,0,0,0,0,0,0,0,0,0,0,0,0,0,0,0,0,0,0,0,0,0,0,0,0,0,0,0,0,0,0,0,0,0,0,0,0,0,0,0,0,0,0,0,0,0,0,0,0,0,0,0,0,0,0,0,0,0,0,0,0,0,0,0,0,0,0,0,0,0,0,0,0,0,0,0,0,0,0,0,0,0,0,0,0,0,0,0,0,0,0,0,0,0,0,0,0,0,0,0,0,0,0,0,0,0,0,0,0,0,0,0,0,0,0,0,0,0,0,0,0,0,0,0,0,0,0,0,0,0,0,0,0,0,0,0,0,0,0,0,0,0,0,0,0,0,0,0,0,0,0,0,0,0,0,0,0,0,0,0,0,0,0,0,0,0,0,0,0,0,0,0,0,0,0,0,0,0,0,0,0,0,0,0,0,0,0,0,0,0,0,0,0,0,0,0,0,0,0,0,0,0,0,0,0,0,0,0,0,0,0,0,0,0,0,0,0,0,0,0,0,0,0,0,0,0,0,0,0,0,0,0,0,0,0,0,0,0,0,0,0,0,0,0,0,0,0,0,0,0,0,0,0,0,0,0,0,0,0,0,0,0,0,0,0,0,0,0,0,0,0,0,0,0,0,0,0,0,0,0,0,0,0,0,0,0,0,0,0,0,0,0,0,0,0,0,0,0,0,0,0,0,0,0,0,0,0,0,0,0,0,0,0,0,0,0,0,0,0,0,0,0,0,0,0,0,0,0,0,0,0,0,0,0,0,0,0,0,0,0,0,0,0,0,0,0,0,0,0,0,0,0
2026-08-30,0,0,0,0,0,0,0,0,0,0,0,0,0,0,0,0,0,0,0,0,0,0,0,0,0,0,0,0,0,0,0,0,0,0,0,0,0,0,0,0,0,0,0,0,0,0,0,0,0,0,0,0,0,0,0,0,0,0,0,0,0,0,0,0,0,0,0,0,0,0,0,0,0,0,0,0,0,0,0,0,0,0,0,0,0,0,0,0,0,0,0,0,0,0,0,0,0,0,0,0,0,0,0,0,0,0,0,0,0,0,0,0,0,0,0,0,0,0,0,0,0,0,0,0,0,0,0,0,0,0,0,0,0,0,0,0,0,0,0,0,0,0,0,0,0,0,0,0,0,0,0,0,0,0,0,0,0,0,0,0,0,0,0,0,0,0,0,0,0,0,0,0,0,0,0,0,0,0,0,0,0,0,0,0,0,0,0,0,0,0,0,0,0,0,0,0,0,0,0,0,0,0,0,0,0,0,0,0,0,0,0,0,0,0,0,0,0,0,0,0,0,0,0,0,0,0,0,0,0,0,0,0,0,0,0,0,0,0,0,0,0,0,0,0,0,0,0,0,0,0,0,0,0,0,0,0,0,0,0,0,0,0,0,0,0,0,0,0,0,0,0,0,0,0,0,0,0,0,0,0,0,0,0,0,0,0,0,0,0,0,0,0,0,0,0,0,0,0,0,0,0,0,0,0,0,0,0,0,0,0,0,0,0,0,0,0,0,0,0,0,0,0,0,0,0,0,0,0,0,0,0,0,0,0,0,0,0,0,0,0,0,0,0,0,0,0,0,0,0,0,0,0,0,0,0,0,0,0,0,0,0,0,0,0,0,0,0,0,0,0,0,0,0,0,0,0,0,0,0,0,0,0,0,0,0,0,0,0,0,0,0,0,0,0,0,0,0,0,0,0,0,0,0,0,0,0,0,0,0,0,0,0,0,0,0,0,0,0,0,0,0,0,0,0,0,0,0,0,0,0,0,0,0,0,0,0,0,0,0,0,0,0,0,0,0,0,0,0,0,0,0,0,0,0,0,0,0,0,0,0,0,0,0,0,0,0,0,0,0,0,0,0,0,0,0,0,0,0,0,0,0,0,0,0,0,0,0,0,0,0,0,0,0,0,0,0,0,0,0,0,0,0,0,0,0,0,0,0,0,0,0,0,0,0,0,0,0,0,0,0,0,0,0,0,0,0,0,0,0,0,0,0,0,0,0,0,0,0,0,0,0,0,0,0,0,0,0,0,0,0,0,0,0,0,0,0,0,0,0,0,0,0,0,0,0,0,0,0,0,0,0,0,0,0,0,0,0,0,0,0,0,0,0,0,0,0,0,0,0,0,0,0,0,0,0,0,0,0,0,0
2026-08-31,117,205,72,189,56,123,37,228,178,26,703,173,56,48,29,50,71,58,214,439,19,38,29,344,58,468,176,7,379,66,108,718,46,660,165,255,149,56,76,56,48,37,114,282,48,56,79,257,34,116,49,110,52,72,316,112,118,469,52,74,54,493,17,304,110,51,113,231,52,113,34,50,70,35,56,114,54,46,14,500,236,110,59,48,93,34,97,111,71,112,57,110,56,56,117,64,407,114,55,15,123,681,48,49,59,197,116,376,73,286,38,55,48,30,52,28,72,56,61,34,47,48,472,33,96,29,55,122,242,117,55,629,59,163,46,223,56,21,59,327,184,56,30,17,113,223,22,29,15,58,16,102,209,60,26,48,98,56,333,28,38,65,30,55,405,152,70,108,113,235,55,113,38,34,345,110,38,52,15,54,34,319,233,56,348,8,295,116,57,312,190,22,340,179,232,59,634,99,248,98,48,135,187,237,155,397,35,317,100,58,33,16,47,115,558,662,30,27,57,107,653,589,56,20,221,31,8,103,117,38,29,75,99,335,110,113,270,35,79,72,34,420,132,35,198,41,53,15,512,7,49,119,42,91,60,110,70,107,67,341,143,318,246,36,528,93,95,112,55,219,112,686,112,56,117,58,33,33,54,67,617,695,58,79,47,84,55,36,216,50,371,113,234,449,56,108,40,8,34,50,52,162,105,53,38,74,54,7,63,706,28,430,733,33,222,636,49,115,34,99,15,112,55,54,56,56,35,105,59,29,34,370,52,643,97,232,55,705,113,38,241,345,53,98,73,116,137,263,107,162,32,7,37,55,28,40,115,117,30,26,27,48,42,223,251,70,461,56,58,13,120,25,56,202,55,54,111,55,207,57,36,273,240,94,231,27,51,80,161,55,109,248,53,688,50,74,73,38,115,113,57,112,15,338,47,113,38,448,54,117,102,308,61,206,43,95,29,302,150,421,68,490,7,8,186,53,55,220,262,75,54,110,94,225,673,55,119,110,60,79,58,64,113,50,48,135,57,95,55,119,161,43,113,109,19,322,454,54,202,57,99,110,177,46,199,113,28,110,113,215,212,60,15,158,35,109,54,55,30,56,21,249,48,241,431,116,356,198,65,282,27,304,380,187,348,266,369,100,213,164,45,111,114,106,56,315,112,230,48,29,115,180,73,117,109,197,57,51,223,93,31,342,252,54,57,40,26,110,33,438,55,122,228,42,346,179,56,337,31,113,54,300,27,37,216,396,245,466,110,453,203,337,372,52,106,216,417,30,258,445,146,343,56,57,85,14,49,269,27,368,112,92,28,16,281,93,56,37,352,671,71,175,38,268,94,634,115,18,373,100,55,121,70,116,56,222,57,98,59,98
2026-09-01,114,261,67,186,62,119,40,247,185,27,709,203,57,53,33,46,88,60,230,451,19,34,27,326,60,425,215,9,408,83,116,767,45,721,161,238,170,59,80,58,45,41,107,253,51,57,85,262,39,116,44,118,53,81,306,116,120,471,54,78,72,473,29,293,121,60,114,244,45,120,40,48,83,41,59,117,60,44,24,481,241,116,57,88,88,42,102,120,79,113,60,110,58,60,116,83,476,118,59,24,140,718,44,44,60,228,111,340,81,241,34,61,45,49,48,26,79,58,50,43,44,46,482,40,105,31,59,109,265,122,61,580,54,159,48,210,58,18,58,317,210,58,44,28,114,235,19,31,23,62,22,109,231,59,29,50,86,58,287,33,41,79,33,59,399,181,85,107,115,259,59,131,42,41,358,122,42,104,21,65,42,352,208,59,391,14,303,123,60,289,183,18,363,182,248,61,714,97,257,102,45,162,200,271,135,356,42,332,95,61,43,28,47,123,526,639,44,32,61,118,710,607,61,17,227,28,14,151,113,41,47,82,86,340,120,116,290,41,83,71,40,390,169,42,213,70,54,22,500,9,44,118,35,99,62,121,83,115,76,323,162,339,270,41,587,89,88,127,56,192,119,636,120,63,117,61,44,42,58,100,618,730,57,80,44,126,60,40,201,49,390,109,198,481,60,123,39,13,40,51,60,163,114,58,41,84,62,9,63,791,33,392,772,34,220,648,51,120,43,169,23,117,57,55,58,58,40,134,57,37,42,370,65,630,101,225,60,782,114,39,244,346,81,95,82,120,126,262,121,141,47,9,43,63,30,38,115,117,33,32,32,44,37,247,258,83,458,58,58,19,114,26,59,239,60,59,113,88,252,57,41,319,260,89,227,28,50,71,202,61,112,268,59,731,46,72,84,41,116,117,63,116,23,346,44,120,37,440,61,124,90,367,63,213,37,89,47,316,126,423,83,509,9,13,193,57,58,233,285,84,58,116,97,249,756,57,118,117,68,82,62,83,118,49,47,130,62,98,56,139,184,36,106,118,18,310,468,65,248,60,93,117,210,46,232,115,28,123,135,260,267,64,23,162,41,100,60,59,28,58,27,246,51,257,396,123,377,222,88,304,26,333,385,205,360,306,368,92,231,167,42,135,112,123,60,358,122,228,46,27,114,215,80,113,119,179,58,42,270,93,33,373,238,59,57,34,31,114,41,464,57,145,277,38,398,228,60,341,30,93,55,264,26,43,189,398,232,475,110,499,245,341,323,60,119,249,471,26,280,461,144,348,63,60,125,23,56,277,37,379,113,126,32,22,317,72,61,40,390,678,87,189,42,321,95,615,143,18,402,106,57,120,79,141,59,226,57,89,59,105
2026-09-02,133,321,116,274,66,132,36,276,186,40,804,227,66,52,41,54,112,65,262,475,30,58,27,373,64,489,277,11,454,103,132,820,54,697,173,287,143,65,71,68,53,37,130,324,55,61,72,299,51,129,54,136,56,66,377,129,127,647,63,70,71,590,20,338,127,66,93,215,55,133,52,50,72,49,67,126,64,53,21,539,287,180,63,62,111,50,113,132,72,131,66,128,70,68,120,94,619,125,65,21,182,769,54,54,65,279,105,417,73,210,58,65,55,43,78,41,72,67,53,50,54,52,506,49,108,26,66,127,245,129,67,631,50,222,56,237,66,15,69,359,180,62,44,21,131,278,15,27,21,64,21,158,344,65,40,53,109,63,384,39,38,102,24,64,491,241,96,134,122,280,65,130,34,52,425,134,35,67,22,63,49,375,262,62,431,9,262,132,67,315,171,15,434,219,282,68,748,116,289,110,54,190,247,298,102,447,52,348,113,63,51,21,53,131,642,753,42,38,63,129,728,688,63,28,258,26,10,158,123,36,44,73,109,387,120,129,328,49,73,114,47,372,211,49,254,49,79,21,584,11,58,134,31,107,60,128,99,118,100,526,195,380,286,34,551,103,108,122,69,251,129,774,129,62,128,64,47,51,64,92,700,825,65,71,57,121,67,38,247,54,399,130,236,536,60,138,37,10,49,56,65,158,130,66,37,70,64,11,52,844,25,464,802,25,242,743,55,136,49,120,22,126,67,51,63,66,49,168,62,45,49,410,81,653,107,253,66,857,131,37,260,366,75,106,73,126,166,299,131,184,42,11,36,68,40,43,137,135,24,39,38,53,42,190,305,94,480,64,66,22,181,39,64,268,67,64,128,74,301,68,36,327,244,116,265,42,52,92,156,68,129,277,78,769,55,114,96,35,132,128,67,134,22,390,54,132,54,518,64,128,109,410,51,247,31,113,42,346,107,513,93,529,12,9,203,66,65,263,217,75,64,131,114,296,796,63,126,132,53,70,62,101,138,56,54,118,66,107,63,113,176,44,128,132,27,327,525,76,288,67,109,140,160,54,253,132,26,132,152,232,307,49,21,181,47,91,67,61,26,70,33,301,75,298,494,126,388,223,101,358,27,374,377,271,400,411,460,111,250,148,55,164,137,137,65,499,133,242,56,28,129,257,72,131,118,245,65,59,379,118,24,381,396,65,55,43,39,127,49,497,65,111,338,30,339,246,65,365,25,92,66,309,42,35,244,437,381,565,127,539,268,404,439,66,128,285,346,25,298,529,119,378,65,68,117,21,84,291,46,422,124,146,41,20,296,59,65,37,394,747,71,269,37,394,113,706,161,28,447,110,63,122,98,171,64,260,70,106,66,110
2026-09-03,106,274,71,224,52,110,37,215,145,31,635,157,55,41,27,43,137,53,209,378,18,37,23,298,51,316,205,13,393,82,109,704,43,544,127,236,150,51,70,53,43,34,105,250,42,53,73,240,44,108,41,108,37,66,275,102,106,490,53,68,88,466,24,258,108,53,79,210,39,109,46,43,69,42,55,104,55,42,26,425,228,138,53,73,84,43,78,107,73,106,53,111,53,50,108,87,492,111,53,25,144,669,42,42,56,259,94,317,69,130,37,50,41,48,64,32,66,57,47,44,45,39,390,43,77,23,53,108,227,112,53,468,49,157,41,175,51,10,54,220,177,53,49,24,106,214,10,24,25,53,24,121,286,49,30,43,83,52,303,30,35,87,22,50,341,202,87,104,109,239,53,107,36,43,311,104,34,80,25,52,39,327,193,54,322,12,240,105,54,258,145,10,342,154,214,54,631,80,240,78,40,171,179,231,72,348,43,306,78,54,44,23,42,113,469,549,51,29,54,108,631,634,53,17,215,24,12,176,109,35,52,69,83,327,107,107,243,43,73,69,46,343,179,43,205,56,59,23,489,13,44,100,20,78,48,111,82,101,82,429,166,290,234,36,428,82,82,104,53,183,101,614,99,52,103,55,44,44,52,113,529,663,52,67,41,137,53,35,200,38,290,108,143,431,55,106,36,12,46,42,53,154,105,50,37,72,51,13,42,701,21,329,699,20,194,552,42,110,42,148,25,102,51,46,55,51,45,145,52,48,42,309,98,452,83,201,53,702,105,35,229,303,88,76,72,109,104,242,110,122,51,14,36,53,29,29,111,109,21,29,31,39,29,179,262,87,418,51,51,27,137,31,57,261,53,52,108,87,258,53,37,245,218,83,191,32,39,58,163,52,104,226,59,644,41,74,87,35,110,103,55,109,24,288,42,104,36,380,52,105,84,318,46,181,19,81,51,299,71,398,84,468,13,12,142,55,53,223,187,72,53,109,77,243,640,52,103,103,46,70,49,88,106,40,41,101,53,79,52,96,150,27,114,109,18,227,439,59,207,51,79,106,146,41,208,111,24,102,140,227,250,45,27,145,41,80,55,50,24,53,38,235,64,234,355,112,303,192,90,273,23,300,296,200,340,333,336,76,208,147,43,124,107,108,56,413,116,198,41,23,107,216,71,103,111,181,55,41,299,80,21,333,254,52,44,29,29,108,47,375,51,99,292,21,352,209,54,292,22,79,54,234,31,36,173,354,230,449,107,427,225,307,318,53,111,227,302,23,236,442,94,310,51,56,145,24,64,234,50,357,99,115,30,24,275,40,53,37,303,639,68,201,36,347,83,574,156,18,358,82,50,102,88,153,53,211,53,80,54,82
2026-09-04,116,267,74,215,56,118,41,234,170,28,688,185,57,47,32,47,106,58,227,442,19,35,28,337,59,441,200,10,416,84,119,767,47,641,163,255,161,58,85,60,45,42,115,265,48,56,84,264,39,122,49,117,47,81,297,123,116,504,60,81,78,486,25,284,112,59,109,250,45,117,42,48,83,42,55,126,58,47,24,494,257,123,57,72,90,40,91,114,78,122,58,116,56,57,117,79,492,113,58,23,143,642,44,47,58,232,112,350,84,218,35,59,50,46,60,29,78,59,54,41,44,50,453,41,91,30,59,120,262,114,56,594,57,170,47,194,58,17,59,304,205,56,44,24,106,255,17,27,22,57,23,109,230,62,29,46,90,58,322,29,40,83,30,57,387,188,86,112,111,250,58,113,40,40,373,112,38,87,25,58,41,353,224,53,381,12,303,117,60,305,182,16,357,181,243,58,702,95,250,92,45,172,202,244,121,385,42,358,99,61,41,24,45,116,524,640,48,29,61,122,698,616,56,18,230,28,13,156,112,39,45,78,87,356,117,119,287,39,77,72,42,388,170,42,211,60,59,22,519,11,47,117,33,95,57,120,84,122,80,393,159,354,253,39,513,91,97,116,59,204,116,640,114,57,110,58,42,40,58,105,598,735,60,78,46,124,62,39,213,45,362,113,181,464,56,118,38,11,40,48,54,172,121,56,41,81,54,11,59,769,28,352,747,29,227,630,47,118,39,142,24,114,56,56,58,58,40,129,56,45,42,355,77,597,91,224,59,795,117,41,238,366,80,101,77,112,116,275,121,141,46,11,42,57,32,34,118,115,28,29,30,47,36,237,257,88,471,59,60,22,134,29,59,244,59,55,114,79,243,58,41,276,249,88,213,29,45,70,179,59,116,249,63,685,44,72,81,39,123,119,60,110,23,348,42,116,38,439,58,120,91,328,57,212,34,87,46,323,119,450,80,498,11,12,175,60,55,234,254,78,58,114,97,245,715,58,121,115,58,76,58,78,116,48,45,128,56,96,56,123,173,36,112,118,18,289,454,58,208,60,88,105,201,45,214,121,28,116,139,238,238,58,22,158,42,103,60,58,30,57,33,264,55,260,378,116,347,210,83,297,28,316,403,197,374,298,377,90,218,162,44,115,114,121,60,379,112,229,46,27,120,209,82,108,120,194,61,46,307,90,28,350,252,57,59,36,31,116,42,428,55,133,281,36,405,206,60,315,29,105,60,265,32,41,193,370,234,474,118,477,239,332,377,61,113,242,400,26,273,453,125,354,59,59,136,23,60,260,42,350,113,108,30,22,313,68,60,41,351,722,75,191,39,321,90,632,143,17,380,93,58,117,77,143,57,239,60,87,56,95
2026-09-05,0,0,0,0,0,0,0,0,0,0,0,0,0,0,0,0,0,0,0,0,0,0,0,0,0,0,0,0,0,0,0,0,0,0,0,0,0,0,0,0,0,0,0,0,0,0,0,0,0,0,0,0,0,0,0,0,0,0,0,0,0,0,0,0,0,0,0,0,0,0,0,0,0,0,0,0,0,0,0,0,0,0,0,0,0,0,0,0,0,0,0,0,0,0,0,0,0,0,0,0,0,0,0,0,0,0,0,0,0,0,0,0,0,0,0,0,0,0,0,0,0,0,0,0,0,0,0,0,0,0,0,0,0,0,0,0,0,0,0,0,0,0,0,0,0,0,0,0,0,0,0,0,0,0,0,0,0,0,0,0,0,0,0,0,0,0,0,0,0,0,0,0,0,0,0,0,0,0,0,0,0,0,0,0,0,0,0,0,0,0,0,0,0,0,0,0,0,0,0,0,0,0,0,0,0,0,0,0,0,0,0,0,0,0,0,0,0,0,0,0,0,0,0,0,0,0,0,0,0,0,0,0,0,0,0,0,0,0,0,0,0,0,0,0,0,0,0,0,0,0,0,0,0,0,0,0,0,0,0,0,0,0,0,0,0,0,0,0,0,0,0,0,0,0,0,0,0,0,0,0,0,0,0,0,0,0,0,0,0,0,0,0,0,0,0,0,0,0,0,0,0,0,0,0,0,0,0,0,0,0,0,0,0,0,0,0,0,0,0,0,0,0,0,0,0,0,0,0,0,0,0,0,0,0,0,0,0,0,0,0,0,0,0,0,0,0,0,0,0,0,0,0,0,0,0,0,0,0,0,0,0,0,0,0,0,0,0,0,0,0,0,0,0,0,0,0,0,0,0,0,0,0,0,0,0,0,0,0,0,0,0,0,0,0,0,0,0,0,0,0,0,0,0,0,0,0,0,0,0,0,0,0,0,0,0,0,0,0,0,0,0,0,0,0,0,0,0,0,0,0,0,0,0,0,0,0,0,0,0,0,0,0,0,0,0,0,0,0,0,0,0,0,0,0,0,0,0,0,0,0,0,0,0,0,0,0,0,0,0,0,0,0,0,0,0,0,0,0,0,0,0,0,0,0,0,0,0,0,0,0,0,0,0,0,0,0,0,0,0,0,0,0,0,0,0,0,0,0,0,0,0,0,0,0,0,0,0,0,0,0,0,0,0,0,0,0,0,0,0,0,0,0,0,0,0,0,0,0,0,0,0,0,0,0,0,0,0,0,0,0,0,0,0,0,0,0,0,0,0,0,0,0,0,0,0,0,0,0,0,0,0,0,0,0,0,0,0,0,0,0,0,0,0,0,0,0,0,0,0,0,0,0,0,0,0,0,0,0,0,0
2026-09-06,0,0,0,0,0,0,0,0,0,0,0,0,0,0,0,0,0,0,0,0,0,0,0,0,0,0,0,0,0,0,0,0,0,0,0,0,0,0,0,0,0,0,0,0,0,0,0,0,0,0,0,0,0,0,0,0,0,0,0,0,0,0,0,0,0,0,0,0,0,0,0,0,0,0,0,0,0,0,0,0,0,0,0,0,0,0,0,0,0,0,0,0,0,0,0,0,0,0,0,0,0,0,0,0,0,0,0,0,0,0,0,0,0,0,0,0,0,0,0,0,0,0,0,0,0,0,0,0,0,0,0,0,0,0,0,0,0,0,0,0,0,0,0,0,0,0,0,0,0,0,0,0,0,0,0,0,0,0,0,0,0,0,0,0,0,0,0,0,0,0,0,0,0,0,0,0,0,0,0,0,0,0,0,0,0,0,0,0,0,0,0,0,0,0,0,0,0,0,0,0,0,0,0,0,0,0,0,0,0,0,0,0,0,0,0,0,0,0,0,0,0,0,0,0,0,0,0,0,0,0,0,0,0,0,0,0,0,0,0,0,0,0,0,0,0,0,0,0,0,0,0,0,0,0,0,0,0,0,0,0,0,0,0,0,0,0,0,0,0,0,0,0,0,0,0,0,0,0,0,0,0,0,0,0,0,0,0,0,0,0,0,0,0,0,0,0,0,0,0,0,0,0,0,0,0,0,0,0,0,0,0,0,0,0,0,0,0,0,0,0,0,0,0,0,0,0,0,0,0,0,0,0,0,0,0,0,0,0,0,0,0,0,0,0,0,0,0,0,0,0,0,0,0,0,0,0,0,0,0,0,0,0,0,0,0,0,0,0,0,0,0,0,0,0,0,0,0,0,0,0,0,0,0,0,0,0,0,0,0,0,0,0,0,0,0,0,0,0,0,0,0,0,0,0,0,0,0,0,0,0,0,0,0,0,0,0,0,0,0,0,0,0,0,0,0,0,0,0,0,0,0,0,0,0,0,0,0,0,0,0,0,0,0,0,0,0,0,0,0,0,0,0,0,0,0,0,0,0,0,0,0,0,0,0,0,0,0,0,0,0,0,0,0,0,0,0,0,0,0,0,0,0,0,0,0,0,0,0,0,0,0,0,0,0,0,0,0,0,0,0,0,0,0,0,0,0,0,0,0,0,0,0,0,0,0,0,0,0,0,0,0,0,0,0,0,0,0,0,0,0,0,0,0,0,0,0,0,0,0,0,0,0,0,0,0,0,0,0,0,0,0,0,0,0,0,0,0,0,0,0,0,0,0,0,0,0,0,0,0,0,0,0,0,0,0,0,0,0,0,0,0,0,0,0,0,0,0,0,0,0,0,0,0,0,0,0,0,0,0,0
2026-09-07,147,332,98,306,77,150,52,308,204,42,919,221,72,58,32,73,192,69,305,475,26,51,42,370,77,595,221,18,506,98,157,920,69,807,193,310,195,71,99,78,67,48,140,396,56,79,99,343,52,149,69,139,55,96,393,152,157,661,76,100,80,688,13,404,152,78,120,306,74,159,51,70,98,52,73,152,73,70,25,669,338,181,71,41,138,51,111,161,95,149,74,147,75,78,153,97,611,146,75,27,168,930,66,69,75,294,165,538,98,330,48,82,68,53,91,42,103,75,86,53,67,58,540,54,115,30,77,150,321,160,75,702,81,252,66,241,74,24,73,402,249,73,51,14,148,329,25,31,26,73,27,185,385,73,43,56,138,76,451,33,51,104,30,80,567,232,108,145,158,349,78,153,50,49,451,150,48,52,26,76,52,430,341,75,458,7,354,150,76,409,287,24,438,230,315,74,842,110,319,119,68,201,263,336,177,460,50,427,116,71,48,14,72,151,786,851,49,34,73,149,935,830,77,25,311,43,7,186,154,49,54,99,134,468,147,151,374,49,100,97,54,615,213,51,300,35,86,27,722,18,70,152,48,106,73,149,96,160,98,574,198,435,327,48,583,141,136,138,76,301,141,998,149,77,150,78,52,51,75,126,827,882,73,102,68,137,71,49,306,54,444,155,272,594,77,140,48,7,49,54,79,195,156,71,50,100,74,18,62,971,32,491,1037,32,294,743,60,156,49,85,26,157,75,83,81,75,56,163,72,81,51,420,126,719,110,262,78,1087,141,50,325,479,95,111,100,148,169,340,147,197,50,20,48,70,31,50,144,144,31,33,31,67,52,291,328,99,558,77,81,39,210,43,77,277,77,75,148,83,307,72,53,331,332,148,295,45,57,101,218,75,145,322,65,950,68,103,93,51,155,162,77,145,27,450,66,148,49,597,75,155,139,342,60,292,48,137,54,382,165,568,112,671,19,7,224,76,73,323,283,100,72,149,114,311,861,75,150,150,64,100,73,100,152,53,66,191,69,115,76,133,188,48,146,152,26,365,610,63,247,69,137,150,193,71,216,150,41,147,155,303,319,61,26,179,49,159,76,76,44,72,60,350,84,338,621,149,419,259,96,388,44,364,591,229,463,415,554,122,301,200,68,130,144,145,78,502,150,269,57,45,145,270,102,150,153,264,77,68,352,136,28,440,362,74,87,48,33,143,51,516,76,136,323,48,479,197,73,453,31,146,79,383,42,51,285,504,322,656,142,620,305,455,548,70,146,288,417,44,355,565,154,455,74,75,170,26,93,340,78,469,151,106,33,26,427,100,81,50,455,886,98,300,47,411,134,851,181,26,487,116,75,146,96,181,79,312,70,135,74,112
2026-09-08,136,306,49,232,71,148,59,299,197,33,860,195,72,50,27,57,210,70,272,489,12,24,46,354,79,428,196,21,510,95,141,876,56,698,189,285,242,73,127,72,56,57,131,339,51,70,121,328,48,144,56,151,50,121,391,137,138,582,65,116,113,637,31,338,148,72,140,365,58,144,49,58,118,51,72,144,73,57,35,627,296,144,72,88,118,49,104,146,123,138,65,146,75,71,157,101,534,141,71,36,152,841,57,58,70,276,185,475,124,290,25,76,54,68,64,33,124,71,91,46,59,52,482,48,105,38,75,145,404,146,76,625,98,202,54,213,69,26,71,307,306,78,77,29,146,315,23,41,37,75,36,131,317,70,32,48,115,73,388,27,62,94,39,69,504,212,90,139,135,346,72,149,59,50,442,142,61,103,36,74,47,461,270,74,458,14,430,155,71,365,302,23,423,176,302,73,787,108,298,98,54,185,240,328,176,404,50,415,100,74,49,29,56,154,703,739,70,28,72,138,927,773,74,12,300,45,16,258,136,58,73,119,119,426,131,140,324,45,122,45,48,669,209,48,263,74,66,36,624,22,59,144,49,103,69,137,96,145,95,437,192,457,314,61,612,113,116,147,73,254,144,772,145,75,141,75,48,51,73,176,766,870,73,122,54,188,70,62,274,50,385,140,197,598,78,130,62,14,48,49,76,250,140,71,60,125,71,21,76,902,39,436,921,40,279,650,51,147,45,179,35,137,69,95,73,75,45,158,72,86,46,350,149,587,98,267,74,977,141,61,295,415,127,99,125,150,105,312,140,130,72,20,60,77,25,38,145,141,38,26,26,58,37,352,302,101,586,72,69,43,145,32,72,285,74,71,145,128,269,76,61,320,383,115,287,32,53,71,267,72,134,296,51,871,54,48,96,61,145,144,71,149,33,433,60,141,24,529,71,144,115,307,78,238,47,110,74,401,168,524,97,590,21,15,182,73,71,311,329,120,77,152,107,288,831,68,145,141,79,122,74,101,140,55,54,208,74,105,68,169,175,37,142,145,11,331,547,52,215,74,113,145,238,57,184,139,44,146,163,380,284,80,35,191,48,163,71,70,46,70,62,316,66,299,505,142,393,273,93,388,45,373,627,180,440,355,428,104,308,259,58,112,146,142,70,461,141,278,51,44,140,253,121,146,152,245,67,55,337,119,37,502,167,70,91,36,27,142,48,442,68,179,333,49,540,190,74,428,40,157,72,325,32,58,219,489,146,594,144,584,290,392,447,69,142,284,558,46,327,656,185,448,74,70,226,36,64,321,80,473,153,108,26,36,518,91,75,61,440,796,123,206,56,386,116,822,184,12,472,106,74,137,97,158,72,271,78,114,71,101
2026-09-09,89,184,33,136,42,89,37,187,125,18,569,133,46,36,17,38,107,48,174,326,8,17,29,248,46,336,127,11,332,59,93,576,38,474,124,200,147,43,69,47,36,38,88,219,35,48,79,204,29,88,37,89,33,79,240,94,97,351,45,80,69,387,18,224,89,46,97,251,37,91,26,37,76,28,45,93,48,37,20,415,194,89,49,59,76,29,71,91,75,87,46,84,45,47,90,55,315,89,47,20,91,516,38,38,46,157,116,301,78,241,16,44,37,39,37,20,74,46,58,29,35,36,346,27,69,28,47,84,251,91,46,444,57,128,39,151,47,18,49,230,202,47,43,18,90,198,18,26,20,48,19,77,157,49,18,35,74,43,263,17,38,53,28,44,326,120,52,97,99,222,44,95,38,28,282,92,38,61,20,43,29,299,175,44,276,9,277,93,46,241,195,19,288,125,204,48,559,72,191,69,37,113,164,203,126,268,29,252,73,47,29,18,37,88,454,510,40,17,47,88,547,493,46,8,181,29,9,135,95,38,41,73,73,269,96,91,207,28,81,32,29,429,122,26,173,44,38,18,409,11,39,93,36,67,45,88,56,95,58,237,110,274,204,37,358,73,79,89,48,155,96,525,88,47,82,47,27,30,47,92,510,570,47,77,36,111,46,37,160,33,261,93,152,399,47,96,38,9,28,33,46,165,91,45,40,75,47,11,56,657,28,301,645,27,191,427,34,89,28,111,21,93,45,58,45,45,28,90,47,44,29,250,72,460,69,181,47,640,92,35,192,270,72,71,76,96,85,205,92,97,41,11,39,48,17,26,91,91,28,16,18,36,25,225,188,56,382,48,46,22,80,20,47,160,45,48,88,72,166,45,38,213,248,72,181,20,33,54,185,45,88,195,34,601,36,33,57,36,91,90,43,95,21,295,37,91,16,361,44,96,78,196,51,160,36,73,40,254,129,342,55,400,10,9,128,45,45,199,235,74,44,95,71,146,546,48,97,87,58,75,47,56,88,36,36,134,48,69,48,117,115,26,91,92,8,201,365,35,132,46,75,97,167,38,114,88,26,91,93,229,166,54,20,127,28,97,47,47,27,45,35,200,38,187,318,92,266,164,56,245,29,236,417,110,302,221,273,75,192,157,37,66,91,101,44,269,93,169,35,28,92,146,76,93,96,155,46,35,209,76,26,298,114,46,60,26,17,93,26,298,47,116,185,35,356,117,43,263,27,114,45,226,17,37,152,307,109,371,98,407,186,270,298,46,88,176,389,29,220,355,127,292,47,42,126,20,35,214,43,288,93,70,17,20,298,76,46,38,291,558,76,117,36,228,74,526,104,7,309,68,47,96,55,89,45,187,47,67,44,71
2026-09-10,103,238,83,215,51,103,32,228,141,29,599,154,49,41,29,47,105,50,204,403,22,37,25,299,50,394,190,10,342,74,98,647,46,595,134,223,122,48,63,52,43,33,101,249,42,52,64,227,37,100,42,102,39,62,267,109,101,454,52,64,52,477,15,274,105,51,83,196,44,97,38,43,68,38,52,103,48,44,17,428,207,126,47,40,89,35,81,99,62,97,52,111,48,51,101,76,460,105,52,17,124,636,44,46,52,211,94,365,60,173,38,51,44,35,60,32,63,51,48,36,45,40,387,36,83,21,52,102,204,101,48,521,46,165,43,183,51,14,51,285,151,49,36,13,110,216,14,21,17,51,17,119,253,50,29,41,89,54,308,29,32,70,21,51,386,165,76,104,97,222,50,103,31,36,316,101,32,48,17,51,37,320,212,51,320,7,222,98,52,284,158,14,322,169,215,52,567,80,222,86,44,140,184,237,94,336,38,294,83,49,36,14,45,102,520,537,33,26,50,101,588,533,49,21,199,22,6,123,96,31,33,66,90,315,100,102,257,36,64,77,36,315,152,37,198,37,57,17,460,10,44,101,28,83,53,104,76,98,75,378,146,291,218,32,465,90,85,99,49,198,102,650,109,50,104,52,37,34,49,78,566,667,52,62,46,100,51,32,214,38,299,105,189,422,50,106,32,7,38,42,50,148,102,52,32,65,52,11,46,675,21,340,622,23,184,550,43,102,37,85,16,108,52,47,50,47,38,115,49,39,35,298,68,528,83,179,50,632,109,32,230,303,62,81,63,102,125,230,104,140,34,10,31,51,28,35,102,100,21,26,27,44,33,176,225,78,387,50,52,21,144,31,50,215,51,53,103,57,222,50,30,237,197,86,211,28,42,68,144,52,96,226,54,589,49,83,70,33,102,106,53,108,17,291,47,100,39,399,53,104,91,294,44,198,28,82,35,276,98,376,75,457,9,7,157,52,49,213,181,62,50,102,84,223,615,53,101,108,43,65,51,75,106,40,43,107,50,81,48,92,133,33,107,106,20,241,447,53,187,55,83,97,132,45,178,99,23,100,121,176,223,43,17,131,36,88,50,54,24,53,31,227,59,230,388,99,304,185,75,281,24,275,326,181,328,287,334,85,209,135,43,107,102,107,52,340,102,198,38,24,109,194,64,103,105,196,53,45,264,82,21,309,267,49,46,34,26,99,37,383,51,94,268,28,305,178,50,307,21,80,49,245,30,31,194,356,238,415,99,410,198,286,367,52,98,220,297,25,235,400,93,304,53,49,104,17,63,243,40,310,104,97,27,17,244,54,51,31,309,582,60,189,33,270,87,547,126,22,364,85,54,99,72,124,53,220,51,92,51,86
2026-09-11,97,201,55,168,44,91,32,198,123,24,543,138,47,39,20,40,103,46,183,328,14,28,25,252,46,360,149,10,310,63,90,637,39,512,125,194,127,46,58,45,40,33,89,232,36,48,63,216,31,96,39,92,36,62,244,94,88,376,48,65,57,423,13,242,96,47,85,197,40,88,33,39,61,30,47,90,44,40,17,373,188,107,45,44,78,32,69,88,64,94,47,99,45,44,96,61,341,91,47,17,106,575,38,39,47,177,100,306,63,200,28,46,38,35,49,26,65,44,52,30,41,35,344,31,65,22,48,98,206,91,44,447,50,146,40,152,47,16,46,249,162,48,33,14,91,182,16,22,17,47,17,100,210,46,24,38,75,48,279,20,32,60,21,50,348,133,62,93,93,213,46,89,32,30,280,93,33,48,17,47,31,291,193,47,299,7,245,91,45,256,166,15,283,137,199,45,545,73,197,72,39,124,154,210,107,286,32,264,73,46,32,14,39,96,460,469,33,20,46,90,525,487,47,14,171,24,7,120,95,31,34,63,79,271,91,93,214,29,64,57,31,385,128,32,173,36,47,17,421,10,40,94,31,76,46,92,62,90,64,321,124,274,206,29,392,80,75,85,47,173,95,553,93,47,86,47,29,31,48,78,501,591,45,64,39,95,44,33,173,36,281,90,155,389,48,88,33,7,31,36,43,136,96,49,33,65,45,10,42,617,22,301,611,22,179,470,34,91,29,85,18,91,48,53,48,48,31,108,47,40,31,271,70,437,73,176,48,618,93,32,201,278,62,68,63,92,101,208,94,119,34,10,32,46,21,30,94,96,21,22,21,39,29,196,207,60,361,44,46,20,110,23,46,177,46,45,95,58,174,46,30,213,205,75,186,23,38,61,145,51,99,196,42,571,37,52,61,32,91,96,45,91,18,271,40,89,28,350,45,94,78,230,42,167,30,80,35,248,100,349,61,402,10,6,141,47,46,195,195,61,47,93,72,175,555,46,93,92,43,65,47,60,100,36,39,112,49,73,44,99,123,30,91,89,14,218,376,43,154,48,83,90,134,40,151,94,25,98,95,188,183,44,17,119,31,89,45,46,27,46,29,199,49,199,334,91,278,157,60,245,25,252,340,143,276,224,285,77,177,133,38,84,90,93,46,285,89,184,35,24,91,154,66,102,94,167,46,39,216,79,22,312,193,47,50,28,22,94,30,320,47,97,206,28,322,142,47,255,21,90,48,231,24,31,161,300,191,394,90,380,192,261,320,44,91,171,322,26,206,364,104,289,46,46,104,17,51,207,39,300,91,76,21,17,255,63,50,31,276,527,66,155,34,238,75,483,112,14,324,73,46,89,64,105,44,183,45,74,47,69
2026-09-12,0,0,0,0,0,0,0,0,0,0,0,0,0,0,0,0,0,0,0,0,0,0,0,0,0,0,0,0,0,0,0,0,0,0,0,0,0,0,0,0,0,0,0,0,0,0,0,0,0,0,0,0,0,0,0,0,0,0,0,0,0,0,0,0,0,0,0,0,0,0,0,0,0,0,0,0,0,0,0,0,0,0,0,0,0,0,0,0,0,0,0,0,0,0,0,0,0,0,0,0,0,0,0,0,0,0,0,0,0,0,0,0,0,0,0,0,0,0,0,0,0,0,0,0,0,0,0,0,0,0,0,0,0,0,0,0,0,0,0,0,0,0,0,0,0,0,0,0,0,0,0,0,0,0,0,0,0,0,0,0,0,0,0,0,0,0,0,0,0,0,0,0,0,0,0,0,0,0,0,0,0,0,0,0,0,0,0,0,0,0,0,0,0,0,0,0,0,0,0,0,0,0,0,0,0,0,0,0,0,0,0,0,0,0,0,0,0,0,0,0,0,0,0,0,0,0,0,0,0,0,0,0,0,0,0,0,0,0,0,0,0,0,0,0,0,0,0,0,0,0,0,0,0,0,0,0,0,0,0,0,0,0,0,0,0,0,0,0,0,0,0,0,0,0,0,0,0,0,0,0,0,0,0,0,0,0,0,0,0,0,0,0,0,0,0,0,0,0,0,0,0,0,0,0,0,0,0,0,0,0,0,0,0,0,0,0,0,0,0,0,0,0,0,0,0,0,0,0,0,0,0,0,0,0,0,0,0,0,0,0,0,0,0,0,0,0,0,0,0,0,0,0,0,0,0,0,0,0,0,0,0,0,0,0,0,0,0,0,0,0,0,0,0,0,0,0,0,0,0,0,0,0,0,0,0,0,0,0,0,0,0,0,0,0,0,0,0,0,0,0,0,0,0,0,0,0,0,0,0,0,0,0,0,0,0,0,0,0,0,0,0,0,0,0,0,0,0,0,0,0,0,0,0,0,0,0,0,0,0,0,0,0,0,0,0,0,0,0,0,0,0,0,0,0,0,0,0,0,0,0,0,0,0,0,0,0,0,0,0,0,0,0,0,0,0,0,0,0,0,0,0,0,0,0,0,0,0,0,0,0,0,0,0,0,0,0,0,0,0,0,0,0,0,0,0,0,0,0,0,0,0,0,0,0,0,0,0,0,0,0,0,0,0,0,0,0,0,0,0,0,0,0,0,0,0,0,0,0,0,0,0,0,0,0,0,0,0,0,0,0,0,0,0,0,0,0,0,0,0,0,0,0,0,0,0,0,0,0,0,0,0,0,0,0,0,0,0,0,0,0,0,0,0,0,0,0,0,0,0,0,0,0,0,0,0,0,0,0,0,0
2026-09-13,0,0,0,0,0,0,0,0,0,0,0,0,0,0,0,0,0,0,0,0,0,0,0,0,0,0,0,0,0,0,0,0,0,0,0,0,0,0,0,0,0,0,0,0,0,0,0,0,0,0,0,0,0,0,0,0,0,0,0,0,0,0,0,0,0,0,0,0,0,0,0,0,0,0,0,0,0,0,0,0,0,0,0,0,0,0,0,0,0,0,0,0,0,0,0,0,0,0,0,0,0,0,0,0,0,0,0,0,0,0,0,0,0,0,0,0,0,0,0,0,0,0,0,0,0,0,0,0,0,0,0,0,0,0,0,0,0,0,0,0,0,0,0,0,0,0,0,0,0,0,0,0,0,0,0,0,0,0,0,0,0,0,0,0,0,0,0,0,0,0,0,0,0,0,0,0,0,0,0,0,0,0,0,0,0,0,0,0,0,0,0,0,0,0,0,0,0,0,0,0,0,0,0,0,0,0,0,0,0,0,0,0,0,0,0,0,0,0,0,0,0,0,0,0,0,0,0,0,0,0,0,0,0,0,0,0,0,0,0,0,0,0,0,0,0,0,0,0,0,0,0,0,0,0,0,0,0,0,0,0,0,0,0,0,0,0,0,0,0,0,0,0,0,0,0,0,0,0,0,0,0,0,0,0,0,0,0,0,0,0,0,0,0,0,0,0,0,0,0,0,0,0,0,0,0,0,0,0,0,0,0,0,0,0,0,0,0,0,0,0,0,0,0,0,0,0,0,0,0,0,0,0,0,0,0,0,0,0,0,0,0,0,0,0,0,0,0,0,0,0,0,0,0,0,0,0,0,0,0,0,0,0,0,0,0,0,0,0,0,0,0,0,0,0,0,0,0,0,0,0,0,0,0,0,0,0,0,0,0,0,0,0,0,0,0,0,0,0,0,0,0,0,0,0,0,0,0,0,0,0,0,0,0,0,0,0,0,0,0,0,0,0,0,0,0,0,0,0,0,0,0,0,0,0,0,0,0,0,0,0,0,0,0,0,0,0,0,0,0,0,0,0,0,0,0,0,0,0,0,0,0,0,0,0,0,0,0,0,0,0,0,0,0,0,0,0,0,0,0,0,0,0,0,0,0,0,0,0,0,0,0,0,0,0,0,0,0,0,0,0,0,0,0,0,0,0,0,0,0,0,0,0,0,0,0,0,0,0,0,0,0,0,0,0,0,0,0,0,0,0,0,0,0,0,0,0,0,0,0,0,0,0,0,0,0,0,0,0,0,0,0,0,0,0,0,0,0,0,0,0,0,0,0,0,0,0,0,0,0,0,0,0,0,0,0,0,0,0,0,0,0,0,0,0,0,0,0,0,0,0,0,0,0,0,0,0,0,0,0,0
2026-09-14,103,240,54,175,51,104,40,216,140,25,653,150,52,40,24,38,134,53,213,347,13,27,27,297,51,306,180,13,379,80,99,661,39,560,132,219,158,53,76,44,37,38,107,239,42,51,79,251,38,105,40,98,39,82,288,104,104,466,51,76,94,409,25,230,100,52,88,236,38,106,40,39,76,40,51,106,52,40,27,437,224,113,52,78,80,41,81,108,75,106,52,98,48,51,104,80,445,107,51,26,128,640,40,40,51,210,109,301,73,165,25,56,40,52,52,26,82,54,52,40,40,40,380,39,77,25,52,107,234,104,51,461,52,143,41,169,52,13,53,216,190,53,52,26,105,229,13,27,27,52,27,104,232,53,27,40,78,52,266,25,39,81,27,51,350,174,75,105,98,226,53,105,39,41,300,107,37,91,25,54,40,324,171,49,331,13,292,105,54,244,157,13,314,153,234,52,633,75,224,76,39,152,186,244,95,311,37,292,77,53,39,27,41,103,448,561,53,24,53,106,622,546,53,13,204,26,13,183,103,40,53,76,75,308,108,104,241,38,76,53,38,377,167,38,196,66,54,26,420,13,40,106,27,82,51,100,81,107,78,355,158,279,241,37,457,81,81,98,54,174,104,600,100,53,101,54,37,39,51,120,533,656,52,80,40,138,51,38,189,40,282,108,141,460,50,109,37,14,38,39,47,164,104,50,40,77,50,13,50,706,25,326,654,28,198,505,39,102,38,165,26,105,54,55,51,50,40,122,52,54,40,300,85,481,78,197,52,678,101,41,227,279,97,80,78,104,90,236,102,104,49,13,38,54,28,25,113,101,26,26,23,41,27,210,228,78,426,50,50,26,121,28,54,226,51,53,98,95,245,53,39,221,257,79,200,28,40,52,184,48,108,215,52,658,39,51,79,42,105,106,49,106,27,314,40,107,26,383,50,102,77,302,52,166,25,77,50,283,91,391,77,445,14,13,145,52,52,225,224,80,54,105,80,223,628,52,102,99,49,76,57,76,107,37,41,120,51,82,53,115,148,25,103,104,14,225,428,52,203,49,76,104,177,39,178,106,27,105,130,265,238,52,26,144,38,92,52,55,25,53,38,230,53,219,326,106,279,195,77,264,27,296,365,170,307,297,288,79,212,156,40,105,105,109,51,362,107,204,39,28,100,194,78,105,107,171,50,41,245,80,27,319,173,52,51,27,25,104,39,340,52,120,271,25,395,183,54,287,27,94,52,227,25,38,151,331,180,460,107,403,229,290,320,49,110,213,364,27,241,443,117,336,54,51,169,27,56,227,52,333,104,100,26,26,316,57,49,38,326,584,78,168,38,292,78,589,144,13,360,79,54,100,73,132,54,204,51,82,51,82
2026-09-15,94,219,73,213,49,102,31,220,123,33,584,123,48,34,20,45,135,49,189,294,17,37,28,223,47,400,142,14,312,71,99,578,45,456,107,193,122,50,59,46,46,29,95,284,33,48,63,208,34,96,46,91,36,58,252,93,99,463,48,57,52,504,4,276,98,49,63,187,47,100,35,43,60,33,44,91,48,48,16,436,211,151,48,12,90,33,70,100,63,97,47,93,48,49,97,68,416,94,47,16,116,582,45,46,48,215,112,375,57,182,36,47,46,31,64,31,60,48,55,35,49,33,331,34,71,16,46,101,213,98,46,416,59,166,45,157,45,14,47,260,152,51,32,4,100,211,14,16,16,47,17,129,283,48,32,35,88,49,317,19,30,68,17,46,411,169,68,95,94,207,51,100,31,34,290,98,30,13,17,49,33,301,214,51,287,2,221,101,47,287,179,14,297,139,196,48,537,69,210,69,46,130,171,224,101,282,34,258,66,49,34,4,44,90,513,526,33,20,51,97,553,529,46,18,204,28,2,111,93,28,32,60,90,290,95,93,242,33,58,71,35,403,141,35,196,10,67,16,509,13,48,96,29,68,50,97,68,95,66,397,135,270,200,29,325,88,94,92,47,203,101,642,94,49,104,50,33,33,48,78,558,604,48,60,45,87,46,32,210,32,274,97,181,411,48,95,30,2,36,33,50,143,96,47,30,60,46,13,32,636,17,284,669,15,181,434,34,95,34,24,15,96,50,58,46,50,33,105,47,57,33,257,92,433,72,180,46,641,95,29,198,297,62,67,62,93,117,226,100,133,31,14,29,47,20,32,96,101,17,21,20,49,30,178,217,71,365,47,49,27,141,32,45,188,49,47,94,52,209,50,29,211,185,92,201,31,34,61,131,49,97,219,41,585,47,72,68,32,91,101,47,90,16,284,46,102,37,386,48,95,91,213,29,201,30,93,31,234,102,356,69,436,15,2,135,50,47,202,153,62,50,98,73,198,600,47,97,89,31,59,46,69,92,33,47,129,47,62,48,64,102,32,97,95,19,207,369,42,137,45,97,94,95,48,142,88,27,92,102,180,202,35,15,102,35,99,47,48,28,46,39,229,61,223,408,98,242,159,64,259,27,252,379,141,310,274,334,66,182,118,45,85,95,101,47,350,93,175,35,29,93,176,59,94,104,202,47,47,250,90,16,309,253,44,52,31,21,102,34,320,47,64,226,27,288,117,50,298,16,103,48,267,30,30,183,336,240,447,98,390,193,267,345,46,97,184,216,29,220,353,73,291,48,49,107,16,61,220,54,302,92,68,20,16,274,55,48,30,294,561,64,209,30,265,84,561,114,19,308,69,48,100,72,121,48,207,50,95,46,68
2026-09-16,115,260,64,189,57,109,42,216,177,26,690,187,57,44,31,41,111,55,225,404,15,31,26,334,57,381,195,10,421,83,109,753,43,609,148,250,168,56,81,57,40,42,115,237,47,59,88,250,43,117,41,112,47,81,303,114,115,455,57,78,95,458,30,269,117,55,110,256,42,121,40,41,87,41,61,118,58,43,27,484,230,118,56,91,85,39,97,116,86,112,58,116,56,53,117,77,498,107,55,27,148,716,41,44,62,235,107,320,82,217,29,55,44,52,54,28,82,52,53,43,41,43,425,43,90,31,58,109,262,114,55,562,52,153,42,202,56,16,59,273,210,58,52,31,118,236,16,32,26,56,27,103,215,58,25,46,86,55,260,31,38,83,31,54,361,173,81,113,106,249,58,117,42,41,335,115,41,114,27,57,43,338,196,57,368,15,283,113,60,264,179,16,346,172,227,58,692,93,244,91,42,167,200,263,115,378,43,324,94,56,40,30,42,107,477,641,52,31,58,108,651,622,59,15,226,27,14,174,116,44,54,87,84,338,108,122,278,43,84,60,42,416,170,39,199,70,55,26,479,11,40,118,31,93,58,120,75,113,78,336,171,338,262,40,540,88,84,112,56,186,109,586,113,58,113,55,43,43,59,109,614,717,57,88,42,141,59,39,186,47,345,111,171,481,58,113,46,15,43,48,59,165,113,56,41,79,56,12,61,774,29,370,722,29,221,589,44,112,42,174,25,118,62,54,58,59,42,136,57,44,40,340,73,560,94,218,55,736,116,43,235,349,87,90,85,122,103,264,114,124,52,11,44,54,32,31,112,117,32,28,30,42,31,240,247,80,481,56,62,23,113,25,55,231,55,56,112,93,245,58,39,277,262,79,213,25,46,59,193,55,112,254,61,687,41,61,82,41,115,116,56,114,25,345,43,115,30,413,57,122,83,327,61,192,31,84,51,319,113,434,82,497,10,15,165,57,56,253,263,80,57,109,86,228,684,55,111,118,62,80,57,82,112,42,42,119,58,91,57,143,167,30,114,118,15,271,477,59,219,56,84,113,205,43,212,112,28,112,134,259,247,64,26,171,41,103,54,57,28,59,35,253,52,247,377,113,342,218,81,295,28,319,380,196,339,296,314,97,232,167,43,124,119,121,54,399,114,213,44,27,120,207,87,112,108,169,58,39,287,84,32,348,209,59,56,31,29,113,40,419,54,145,275,31,402,204,55,345,31,95,54,254,25,42,176,356,204,496,115,449,231,357,345,60,115,225,421,27,257,450,136,363,56,55,155,27,51,267,46,377,119,121,30,25,327,65,62,42,342,610,88,168,40,346,81,590,147,15,390,94,56,119,78,137,56,217,59,80,56,87
2026-09-17,128,294,81,253,68,129,43,267,172,38,817,195,66,48,28,54,159,65,248,401,21,37,36,336,66,475,210,17,441,90,132,812,56,620,148,292,186,65,94,63,56,47,128,336,47,66,87,271,45,133,58,128,51,88,366,128,119,613,65,96,88,595,18,348,131,65,105,293,56,125,46,57,85,48,68,122,66,59,27,531,277,167,65,58,111,44,100,134,87,129,66,133,65,65,136,93,566,133,62,27,159,809,56,59,65,267,150,444,91,253,39,65,58,54,74,39,86,65,72,45,55,48,455,47,89,27,63,127,296,133,66,618,74,198,57,203,63,19,70,327,241,66,54,18,136,286,20,28,25,67,26,147,330,65,38,49,115,63,377,30,46,89,26,65,500,213,88,129,124,292,66,126,44,48,403,132,47,59,26,67,49,393,261,64,412,9,315,123,63,374,248,20,391,180,279,65,711,99,286,95,54,185,227,308,139,388,47,400,102,65,49,19,58,140,620,673,52,28,63,124,771,739,65,21,269,36,9,185,130,43,52,87,112,416,124,128,328,47,87,82,47,496,215,47,262,46,73,27,617,16,55,134,38,100,62,130,92,127,93,464,185,371,278,46,523,102,108,120,68,237,139,811,131,66,126,64,46,46,63,120,695,848,68,90,58,143,67,43,272,47,351,126,209,526,61,128,43,9,46,48,69,192,122,64,47,91,64,17,57,770,27,397,902,28,251,649,47,125,45,109,25,122,68,74,64,66,46,152,62,68,45,352,113,617,94,258,62,915,128,44,275,388,96,103,88,126,148,278,120,150,54,18,49,70,29,39,136,123,28,30,28,57,39,265,288,91,527,67,63,33,157,39,66,252,63,68,139,80,273,67,46,280,285,112,249,37,47,77,212,64,127,288,57,799,57,85,91,44,135,135,63,127,24,392,55,132,43,533,61,133,110,313,56,251,37,116,49,355,138,489,93,552,17,9,183,66,68,277,264,91,65,128,96,273,782,60,135,128,60,87,63,94,135,49,57,158,64,97,66,116,156,38,123,137,18,317,528,58,224,65,115,128,186,61,184,133,37,124,147,291,276,59,24,151,50,125,69,66,37,64,50,304,68,292,519,129,364,235,89,329,35,350,487,187,401,361,443,93,263,187,54,120,138,128,62,451,126,232,51,36,128,234,85,131,127,247,65,57,314,111,26,404,276,69,69,40,29,123,48,461,63,118,298,38,434,197,63,364,28,126,67,327,35,44,218,467,246,567,123,552,283,386,470,67,130,251,408,39,289,504,131,412,65,64,161,26,76,288,73,412,130,105,31,25,375,74,67,44,408,730,91,249,48,380,109,672,169,20,433,98,64,139,93,155,65,258,66,106,63,92
2026-09-18,72,156,23,125,36,72,31,153,90,18,424,84,34,25,13,30,120,37,144,220,6,12,22,170,38,215,91,12,264,51,73,453,30,337,84,149,119,36,61,35,27,30,75,173,24,37,58,166,25,72,28,70,24,59,187,73,72,307,38,61,65,312,14,174,70,34,68,174,30,72,24,31,60,25,35,72,37,30,19,306,156,85,35,42,59,25,46,70,58,68,35,74,38,38,73,47,261,69,34,20,82,450,31,30,37,147,94,252,58,144,12,39,27,37,34,17,59,39,44,25,29,24,224,25,48,17,33,70,190,73,36,298,44,108,29,105,35,12,35,140,165,38,38,14,73,159,11,18,19,37,19,74,171,36,18,23,57,38,201,13,30,48,18,39,252,112,50,74,75,174,35,71,30,25,213,78,30,51,19,37,25,233,135,36,204,7,209,70,37,192,151,11,227,87,150,34,384,46,153,46,29,106,127,158,78,174,24,203,49,35,24,14,30,70,327,377,40,13,35,73,426,374,34,6,142,22,7,134,77,31,38,55,57,229,68,70,194,25,60,23,24,338,115,24,144,34,39,19,330,12,27,70,21,48,36,73,47,73,53,241,102,198,166,30,268,59,55,70,38,123,70,422,74,36,74,35,25,25,34,85,385,468,35,62,28,106,36,31,133,24,181,75,101,292,35,70,29,7,25,25,39,137,70,35,31,59,35,12,35,501,18,196,455,17,132,319,25,74,24,85,20,73,37,42,38,36,26,76,35,51,25,176,80,295,49,131,37,479,75,30,167,208,70,49,56,73,57,172,73,65,39,11,29,38,14,17,70,71,18,13,13,29,17,170,157,47,274,37,37,26,78,19,38,145,38,37,75,59,152,35,30,153,202,63,138,19,23,33,135,35,71,153,24,452,30,24,50,30,69,72,34,72,20,212,29,74,12,275,37,73,60,150,36,129,22,56,38,191,78,246,52,345,12,7,87,35,38,151,159,61,37,66,47,128,436,37,73,71,36,55,37,50,74,23,29,105,38,50,36,79,84,18,73,72,7,157,274,25,98,34,60,74,111,29,90,75,23,71,81,179,147,36,19,91,26,76,36,36,25,33,38,157,33,155,259,70,177,128,48,187,25,183,299,81,214,205,222,48,148,117,30,51,73,74,38,228,71,137,24,22,71,129,61,70,74,131,37,27,180,58,18,230,82,38,49,17,13,69,26,223,37,76,159,23,292,88,36,202,19,81,35,171,17,32,107,240,80,300,73,295,145,207,243,38,74,134,258,23,148,263,86,252,36,36,118,19,35,157,49,241,70,53,13,20,257,45,34,31,219,414,59,115,29,205,57,430,90,6,226,48,38,77,53,82,36,145,37,59,38,48
2026-09-19,0,0,0,0,0,0,0,0,0,0,0,0,0,0,0,0,0,0,0,0,0,0,0,0,0,0,0,0,0,0,0,0,0,0,0,0,0,0,0,0,0,0,0,0,0,0,0,0,0,0,0,0,0,0,0,0,0,0,0,0,0,0,0,0,0,0,0,0,0,0,0,0,0,0,0,0,0,0,0,0,0,0,0,0,0,0,0,0,0,0,0,0,0,0,0,0,0,0,0,0,0,0,0,0,0,0,0,0,0,0,0,0,0,0,0,0,0,0,0,0,0,0,0,0,0,0,0,0,0,0,0,0,0,0,0,0,0,0,0,0,0,0,0,0,0,0,0,0,0,0,0,0,0,0,0,0,0,0,0,0,0,0,0,0,0,0,0,0,0,0,0,0,0,0,0,0,0,0,0,0,0,0,0,0,0,0,0,0,0,0,0,0,0,0,0,0,0,0,0,0,0,0,0,0,0,0,0,0,0,0,0,0,0,0,0,0,0,0,0,0,0,0,0,0,0,0,0,0,0,0,0,0,0,0,0,0,0,0,0,0,0,0,0,0,0,0,0,0,0,0,0,0,0,0,0,0,0,0,0,0,0,0,0,0,0,0,0,0,0,0,0,0,0,0,0,0,0,0,0,0,0,0,0,0,0,0,0,0,0,0,0,0,0,0,0,0,0,0,0,0,0,0,0,0,0,0,0,0,0,0,0,0,0,0,0,0,0,0,0,0,0,0,0,0,0,0,0,0,0,0,0,0,0,0,0,0,0,0,0,0,0,0,0,0,0,0,0,0,0,0,0,0,0,0,0,0,0,0,0,0,0,0,0,0,0,0,0,0,0,0,0,0,0,0,0,0,0,0,0,0,0,0,0,0,0,0,0,0,0,0,0,0,0,0,0,0,0,0,0,0,0,0,0,0,0,0,0,0,0,0,0,0,0,0,0,0,0,0,0,0,0,0,0,0,0,0,0,0,0,0,0,0,0,0,0,0,0,0,0,0,0,0,0,0,0,0,0,0,0,0,0,0,0,0,0,0,0,0,0,0,0,0,0,0,0,0,0,0,0,0,0,0,0,0,0,0,0,0,0,0,0,0,0,0,0,0,0,0,0,0,0,0,0,0,0,0,0,0,0,0,0,0,0,0,0,0,0,0,0,0,0,0,0,0,0,0,0,0,0,0,0,0,0,0,0,0,0,0,0,0,0,0,0,0,0,0,0,0,0,0,0,0,0,0,0,0,0,0,0,0,0,0,0,0,0,0,0,0,0,0,0,0,0,0,0,0,0,0,0,0,0,0,0,0,0,0,0,0,0,0,0,0,0,0,0,0,0,0,0,0,0,0,0,0,0,0,0,0,0,0
2026-09-20,0,0,0,0,0,0,0,0,0,0,0,0,0,0,0,0,0,0,0,0,0,0,0,0,0,0,0,0,0,0,0,0,0,0,0,0,0,0,0,0,0,0,0,0,0,0,0,0,0,0,0,0,0,0,0,0,0,0,0,0,0,0,0,0,0,0,0,0,0,0,0,0,0,0,0,0,0,0,0,0,0,0,0,0,0,0,0,0,0,0,0,0,0,0,0,0,0,0,0,0,0,0,0,0,0,0,0,0,0,0,0,0,0,0,0,0,0,0,0,0,0,0,0,0,0,0,0,0,0,0,0,0,0,0,0,0,0,0,0,0,0,0,0,0,0,0,0,0,0,0,0,0,0,0,0,0,0,0,0,0,0,0,0,0,0,0,0,0,0,0,0,0,0,0,0,0,0,0,0,0,0,0,0,0,0,0,0,0,0,0,0,0,0,0,0,0,0,0,0,0,0,0,0,0,0,0,0,0,0,0,0,0,0,0,0,0,0,0,0,0,0,0,0,0,0,0,0,0,0,0,0,0,0,0,0,0,0,0,0,0,0,0,0,0,0,0,0,0,0,0,0,0,0,0,0,0,0,0,0,0,0,0,0,0,0,0,0,0,0,0,0,0,0,0,0,0,0,0,0,0,0,0,0,0,0,0,0,0,0,0,0,0,0,0,0,0,0,0,0,0,0,0,0,0,0,0,0,0,0,0,0,0,0,0,0,0,0,0,0,0,0,0,0,0,0,0,0,0,0,0,0,0,0,0,0,0,0,0,0,0,0,0,0,0,0,0,0,0,0,0,0,0,0,0,0,0,0,0,0,0,0,0,0,0,0,0,0,0,0,0,0,0,0,0,0,0,0,0,0,0,0,0,0,0,0,0,0,0,0,0,0,0,0,0,0,0,0,0,0,0,0,0,0,0,0,0,0,0,0,0,0,0,0,0,0,0,0,0,0,0,0,0,0,0,0,0,0,0,0,0,0,0,0,0,0,0,0,0,0,0,0,0,0,0,0,0,0,0,0,0,0,0,0,0,0,0,0,0,0,0,0,0,0,0,0,0,0,0,0,0,0,0,0,0,0,0,0,0,0,0,0,0,0,0,0,0,0,0,0,0,0,0,0,0,0,0,0,0,0,0,0,0,0,0,0,0,0,0,0,0,0,0,0,0,0,0,0,0,0,0,0,0,0,0,0,0,0,0,0,0,0,0,0,0,0,0,0,0,0,0,0,0,0,0,0,0,0,0,0,0,0,0,0,0,0,0,0,0,0,0,0,0,0,0,0,0,0,0,0,0,0,0,0,0,0,0,0,0,0,0,0,0,0,0,0,0,0,0,0,0,0,0,0,0,0,0,0,0,0,0
2026-09-21,112,273,94,266,58,119,34,249,157,34,727,170,56,41,29,48,137,56,229,386,23,49,28,318,59,430,223,14,396,90,112,717,51,584,143,263,140,58,68,57,52,35,117,303,44,61,70,259,40,113,52,112,44,66,312,111,114,563,61,67,69,547,14,332,112,55,76,218,54,110,44,52,74,45,57,113,58,52,21,517,230,166,57,42,101,44,91,110,73,111,56,118,58,61,109,87,570,116,59,21,155,735,54,50,56,259,124,409,70,182,45,57,51,43,79,37,68,60,56,46,52,45,432,43,89,21,59,118,235,119,57,550,55,193,54,203,56,13,58,303,171,57,41,14,120,248,14,21,21,57,21,152,326,58,36,43,104,57,363,28,34,88,23,60,452,205,80,122,117,243,58,119,31,46,345,115,34,49,23,58,43,353,235,58,357,7,245,113,56,321,182,15,363,178,236,58,686,89,274,83,51,171,212,276,102,362,42,339,87,61,41,14,52,118,600,598,43,29,57,113,691,608,58,23,243,27,7,146,118,36,41,70,101,338,118,120,273,44,71,93,46,406,188,43,226,35,71,21,548,13,51,112,28,92,56,114,92,107,89,486,171,329,275,34,476,104,105,116,59,220,115,744,111,56,118,58,43,42,58,99,624,729,55,68,51,116,58,35,246,42,334,112,200,459,58,120,35,7,42,42,60,152,121,57,35,66,56,15,41,752,22,374,743,20,229,570,42,107,43,84,19,116,60,56,61,58,44,139,58,56,44,329,94,553,86,229,57,761,119,37,247,351,76,88,73,121,136,250,117,146,42,14,35,55,30,37,122,116,22,28,32,50,38,195,263,88,444,54,59,29,178,38,58,247,59,59,110,69,255,57,34,261,213,96,230,38,43,73,164,56,119,250,57,714,51,94,90,35,117,111,54,120,21,341,52,116,45,409,59,118,101,314,43,226,28,100,42,309,102,427,88,481,14,7,170,59,58,235,182,74,59,113,94,257,702,59,113,119,42,72,57,91,122,44,50,129,58,92,62,90,146,35,117,112,23,258,495,60,222,55,104,111,130,44,207,111,28,116,138,219,252,43,21,146,43,98,59,57,27,57,42,269,74,274,465,119,316,194,88,289,28,309,381,204,364,344,411,86,231,134,50,130,114,110,55,433,125,233,47,29,114,218,72,119,120,213,58,51,305,100,21,359,320,58,58,37,29,119,42,426,59,92,289,28,343,176,60,353,22,98,60,300,35,35,222,391,304,504,113,470,245,365,401,55,116,238,275,28,268,463,104,343,58,59,137,22,75,270,56,356,116,109,29,22,278,57,57,34,350,697,67,243,34,333,106,656,155,24,376,88,58,120,93,159,57,231,60,103,58,91
2026-09-22,133,350,90,274,65,120,42,267,163,41,776,172,62,44,31,53,197,61,232,375,21,44,31,327,63,406,214,19,425,101,125,802,52,606,144,267,160,69,80,66,52,42,116,321,44,58,86,282,53,128,53,128,43,80,320,123,128,668,60,80,96,577,19,332,138,64,79,257,56,121,54,51,77,49,62,134,67,53,29,523,270,171,65,61,105,48,87,122,82,134,60,121,61,63,126,104,596,124,63,28,179,753,52,51,61,296,128,429,81,151,43,64,53,59,88,42,85,63,58,49,54,46,400,50,87,21,62,125,270,126,63,537,62,196,52,207,64,11,62,274,197,62,60,20,123,288,11,23,29,61,30,164,376,64,41,45,109,61,377,31,42,103,22,66,449,242,103,126,125,297,64,123,39,51,363,130,42,67,29,64,50,370,236,64,396,10,286,128,63,320,199,12,376,175,273,66,730,93,263,94,53,198,234,318,88,341,52,360,94,62,53,20,52,128,606,643,56,32,64,129,726,651,59,21,261,31,10,184,124,43,55,81,98,343,126,130,297,50,82,93,48,448,229,52,257,48,80,28,586,19,53,131,24,91,64,125,103,127,104,561,203,353,286,41,469,104,103,119,68,239,125,706,127,63,120,63,53,53,65,128,656,781,61,85,53,166,62,42,256,44,337,134,182,499,65,126,39,10,52,46,63,180,126,68,42,78,62,19,44,729,21,355,826,20,239,557,46,126,50,120,30,134,63,60,64,63,54,160,60,74,49,335,134,514,85,228,61,853,127,42,274,383,106,89,87,127,132,266,122,149,59,19,39,58,32,33,128,124,22,32,31,55,35,250,302,101,501,62,61,38,181,42,65,301,63,63,127,97,304,65,41,262,251,103,234,39,43,73,198,63,125,269,61,725,52,92,107,41,123,122,64,124,29,373,53,132,43,465,60,123,109,363,44,228,23,106,60,328,84,436,107,553,19,10,181,60,64,275,193,83,64,119,90,286,746,62,129,124,48,82,63,98,127,44,54,133,62,89,61,104,162,35,128,124,22,266,497,63,243,63,103,133,144,51,217,125,31,126,157,269,313,43,28,151,49,102,61,64,30,65,57,296,80,297,463,122,317,218,101,336,30,348,424,223,385,404,394,83,246,160,50,127,127,121,58,488,129,237,42,33,127,272,80,125,127,225,62,53,362,106,22,404,300,66,60,36,34,126,52,411,62,100,342,23,390,227,66,362,22,105,62,294,40,40,223,419,283,526,130,548,281,378,418,65,127,256,301,32,288,502,104,394,64,64,186,28,81,295,76,400,138,110,31,28,360,50,64,41,373,754,83,260,41,401,112,654,187,24,442,90,65,127,99,171,62,266,64,110,63,90
2026-09-23,88,232,59,204,45,88,33,194,125,27,565,137,49,33,25,37,122,47,189,307,15,32,24,264,47,312,164,13,327,76,96,579,39,469,112,199,126,43,64,47,37,32,95,233,35,48,64,214,38,95,38,102,35,64,251,89,91,449,45,63,74,420,19,238,95,51,68,190,38,98,37,35,62,38,45,99,45,39,22,397,201,121,47,53,77,36,71,92,63,93,45,91,52,48,89,74,418,92,46,21,127,591,40,38,49,201,96,328,65,132,31,47,39,44,53,28,67,50,46,37,38,33,330,35,69,20,46,97,205,93,43,403,48,131,38,150,48,10,45,207,163,47,45,18,93,199,10,19,22,46,21,113,252,48,27,35,81,49,270,24,30,71,18,47,340,167,77,92,90,213,49,89,31,37,277,93,31,64,22,49,35,302,171,47,286,9,227,88,46,237,149,10,299,127,213,46,546,64,201,67,38,153,172,218,70,280,40,286,64,45,38,19,37,94,425,474,41,24,48,97,546,550,42,16,205,22,9,157,97,32,44,65,79,302,94,94,231,38,64,62,36,331,164,38,183,44,54,22,441,13,39,96,20,68,52,96,79,92,75,367,143,256,210,31,387,75,78,99,47,169,98,547,94,47,95,47,35,36,45,107,530,574,49,64,38,118,45,34,182,31,241,94,128,399,45,90,33,9,35,35,48,142,97,46,33,62,47,12,37,615,19,283,565,19,167,477,34,93,35,110,22,94,46,48,46,46,37,119,45,55,36,240,88,387,69,181,48,634,92,32,200,266,83,71,65,98,91,199,92,101,44,13,33,48,23,26,94,93,18,24,24,37,25,183,219,75,370,46,47,27,135,28,49,209,48,46,98,74,212,48,33,199,195,72,177,27,33,53,139,47,94,187,49,593,39,59,67,32,103,92,47,95,23,275,36,93,29,353,49,95,78,261,38,165,20,78,43,254,67,335,73,404,14,9,128,48,47,203,168,61,45,85,72,214,549,46,93,99,40,62,48,74,95,31,38,104,51,70,46,86,119,24,95,91,16,204,388,46,177,47,77,92,119,37,168,93,23,88,118,189,222,37,23,112,36,84,50,48,23,46,37,215,58,211,312,95,249,170,72,258,23,262,298,153,312,274,279,68,185,128,38,95,87,90,50,343,92,178,34,21,99,192,66,90,93,165,46,37,253,76,18,303,199,46,44,23,24,98,36,312,46,87,255,20,326,166,47,273,19,77,46,223,28,32,158,298,197,410,101,362,193,272,317,43,92,198,256,23,223,374,79,291,46,46,138,21,54,208,51,305,95,91,24,21,263,41,45,32,283,544,62,186,31,274,74,521,129,15,308,72,46,94,73,127,49,186,48,78,44,71
2026-09-24,76,150,44,143,39,81,30,167,109,19,506,107,42,30,16,35,89,40,152,289,11,22,24,213,40,341,115,9,290,46,79,455,36,406,114,160,111,39,59,40,35,30,82,199,32,38,60,176,24,81,33,75,29,56,219,81,78,308,39,59,46,384,9,217,81,39,74,184,36,79,25,33,58,25,39,78,39,36,14,350,168,90,42,32,68,25,58,83,61,83,38,81,40,40,81,47,293,80,38,14,87,475,33,33,38,142,99,285,57,185,20,42,35,27,39,20,58,40,44,25,35,32,307,25,62,20,42,74,201,77,40,408,46,124,35,139,38,15,38,235,149,43,31,9,82,168,15,20,15,41,14,80,181,40,20,30,72,37,235,16,28,52,19,42,297,112,50,78,80,184,37,82,29,26,240,75,29,37,14,41,24,254,164,41,250,5,215,77,42,225,148,15,259,114,165,39,443,62,166,61,35,98,149,179,107,238,24,218,62,40,25,10,36,84,364,426,28,16,38,79,492,435,42,12,155,25,5,96,79,28,29,57,69,237,76,80,207,25,60,41,26,333,109,25,142,24,39,14,398,9,33,84,31,60,40,77,50,75,50,272,99,233,171,29,340,68,69,76,42,148,80,524,84,38,79,36,23,25,40,65,425,482,39,57,37,75,41,29,152,32,243,76,144,336,40,81,27,5,26,31,41,120,82,41,28,57,41,9,39,509,20,264,541,19,158,403,30,79,25,61,14,83,39,49,40,40,25,84,39,36,26,233,62,398,61,151,41,540,79,30,174,250,50,59,56,79,93,172,82,105,28,9,30,38,15,26,80,79,20,16,16,33,28,176,181,48,308,42,41,18,89,19,40,150,41,42,78,48,143,42,29,182,184,68,161,22,31,53,123,39,81,175,30,476,36,43,50,29,77,79,41,87,14,238,35,76,22,306,39,79,70,174,40,149,29,71,27,210,106,296,51,378,9,5,118,40,41,165,190,55,41,81,61,146,491,42,83,80,41,59,40,50,80,30,35,111,40,64,40,88,103,26,77,82,11,179,317,31,120,40,65,80,126,36,112,86,24,76,77,177,148,38,14,109,24,86,42,40,25,40,27,178,39,175,313,83,242,151,48,208,24,218,332,116,247,193,250,63,143,122,34,60,83,83,39,239,82,145,30,23,85,128,57,82,83,139,40,35,170,69,20,266,155,39,49,27,16,78,25,276,37,85,171,30,267,103,40,242,19,90,39,218,19,28,141,274,147,336,79,326,154,233,261,45,81,150,273,25,187,330,88,257,41,40,87,14,41,182,35,266,83,60,16,14,241,61,39,29,257,485,58,121,30,199,69,420,89,11,277,63,38,79,51,88,42,148,39,73,41,65
2026-09-25,95,193,58,158,47,100,33,199,138,22,588,154,49,41,22,37,80,50,186,382,15,27,25,280,46,363,169,8,357,59,92,615,38,555,140,225,136,50,65,48,39,33,98,221,42,45,67,212,31,87,38,99,40,66,248,92,93,383,50,72,61,391,18,247,97,46,91,223,38,93,33,38,73,32,47,92,49,42,18,396,199,96,49,56,76,33,79,95,67,101,47,90,48,50,97,59,390,94,48,16,105,580,36,38,48,175,105,323,66,224,28,48,38,33,44,22,70,49,52,31,39,43,401,31,81,27,49,93,223,98,51,491,52,139,38,166,47,17,51,263,164,47,33,19,96,205,17,25,16,48,16,90,188,48,21,41,79,48,261,22,34,64,25,48,334,142,58,95,89,219,47,102,32,31,286,96,36,65,16,47,31,293,190,50,283,9,251,92,48,263,185,17,298,150,202,48,573,74,209,79,40,118,166,211,119,301,29,277,80,47,31,19,37,99,428,508,35,24,48,87,527,480,48,15,187,26,9,124,92,31,35,65,78,292,98,93,235,31,71,57,31,371,123,33,163,45,43,18,425,8,39,98,35,81,48,96,62,98,60,301,118,277,203,34,458,79,79,101,45,175,96,536,96,52,101,50,30,33,46,70,545,592,46,65,39,89,49,33,180,42,308,93,171,374,46,88,34,9,30,41,45,145,95,50,35,72,49,8,51,631,27,326,653,26,194,510,40,101,31,111,16,90,47,53,43,47,31,104,49,32,32,283,55,490,80,173,48,642,91,35,206,288,57,83,69,99,106,223,96,121,35,8,33,48,23,31,94,97,26,24,23,40,30,213,206,62,365,46,51,16,105,22,49,175,47,49,96,63,195,48,34,244,228,79,189,22,37,63,155,49,95,211,44,573,39,58,63,35,93,90,47,94,17,271,40,97,28,353,46,94,76,263,54,176,33,74,36,254,129,356,63,431,8,10,159,46,45,197,242,69,46,95,74,180,575,46,97,91,54,70,48,64,93,39,40,115,48,83,49,111,134,33,93,97,14,235,369,46,172,50,81,99,166,38,160,93,25,98,103,203,187,52,17,135,31,92,47,50,23,50,24,217,47,221,349,95,305,176,62,268,25,268,339,149,302,248,295,79,186,138,38,91,94,99,47,287,97,185,39,25,98,154,66,90,101,159,48,38,216,75,26,304,205,51,46,32,25,90,33,337,50,112,214,34,317,159,46,287,26,91,47,243,22,34,169,330,178,409,96,388,193,286,305,50,97,184,374,24,209,375,125,294,47,49,100,18,45,217,30,315,95,87,23,17,254,71,46,34,290,515,69,148,32,246,76,534,113,14,321,79,50,95,63,109,49,195,47,79,48,80
2026-09-26,0,0,0,0,0,0,0,0,0,0,0,0,0,0,0,0,0,0,0,0,0,0,0,0,0,0,0,0,0,0,0,0,0,0,0,0,0,0,0,0,0,0,0,0,0,0,0,0,0,0,0,0,0,0,0,0,0,0,0,0,0,0,0,0,0,0,0,0,0,0,0,0,0,0,0,0,0,0,0,0,0,0,0,0,0,0,0,0,0,0,0,0,0,0,0,0,0,0,0,0,0,0,0,0,0,0,0,0,0,0,0,0,0,0,0,0,0,0,0,0,0,0,0,0,0,0,0,0,0,0,0,0,0,0,0,0,0,0,0,0,0,0,0,0,0,0,0,0,0,0,0,0,0,0,0,0,0,0,0,0,0,0,0,0,0,0,0,0,0,0,0,0,0,0,0,0,0,0,0,0,0,0,0,0,0,0,0,0,0,0,0,0,0,0,0,0,0,0,0,0,0,0,0,0,0,0,0,0,0,0,0,0,0,0,0,0,0,0,0,0,0,0,0,0,0,0,0,0,0,0,0,0,0,0,0,0,0,0,0,0,0,0,0,0,0,0,0,0,0,0,0,0,0,0,0,0,0,0,0,0,0,0,0,0,0,0,0,0,0,0,0,0,0,0,0,0,0,0,0,0,0,0,0,0,0,0,0,0,0,0,0,0,0,0,0,0,0,0,0,0,0,0,0,0,0,0,0,0,0,0,0,0,0,0,0,0,0,0,0,0,0,0,0,0,0,0,0,0,0,0,0,0,0,0,0,0,0,0,0,0,0,0,0,0,0,0,0,0,0,0,0,0,0,0,0,0,0,0,0,0,0,0,0,0,0,0,0,0,0,0,0,0,0,0,0,0,0,0,0,0,0,0,0,0,0,0,0,0,0,0,0,0,0,0,0,0,0,0,0,0,0,0,0,0,0,0,0,0,0,0,0,0,0,0,0,0,0,0,0,0,0,0,0,0,0,0,0,0,0,0,0,0,0,0,0,0,0,0,0,0,0,0,0,0,0,0,0,0,0,0,0,0,0,0,0,0,0,0,0,0,0,0,0,0,0,0,0,0,0,0,0,0,0,0,0,0,0,0,0,0,0,0,0,0,0,0,0,0,0,0,0,0,0,0,0,0,0,0,0,0,0,0,0,0,0,0,0,0,0,0,0,0,0,0,0,0,0,0,0,0,0,0,0,0,0,0,0,0,0,0,0,0,0,0,0,0,0,0,0,0,0,0,0,0,0,0,0,0,0,0,0,0,0,0,0,0,0,0,0,0,0,0,0,0,0,0,0,0,0,0,0,0,0,0,0,0,0,0,0,0,0,0,0,0,0,0,0,0,0,0,0,0,0,0,0,0,0,0,0,0
2026-09-27,0,0,0,0,0,0,0,0,0,0,0,0,0,0,0,0,0,0,0,0,0,0,0,0,0,0,0,0,0,0,0,0,0,0,0,0,0,0,0,0,0,0,0,0,0,0,0,0,0,0,0,0,0,0,0,0,0,0,0,0,0,0,0,0,0,0,0,0,0,0,0,0,0,0,0,0,0,0,0,0,0,0,0,0,0,0,0,0,0,0,0,0,0,0,0,0,0,0,0,0,0,0,0,0,0,0,0,0,0,0,0,0,0,0,0,0,0,0,0,0,0,0,0,0,0,0,0,0,0,0,0,0,0,0,0,0,0,0,0,0,0,0,0,0,0,0,0,0,0,0,0,0,0,0,0,0,0,0,0,0,0,0,0,0,0,0,0,0,0,0,0,0,0,0,0,0,0,0,0,0,0,0,0,0,0,0,0,0,0,0,0,0,0,0,0,0,0,0,0,0,0,0,0,0,0,0,0,0,0,0,0,0,0,0,0,0,0,0,0,0,0,0,0,0,0,0,0,0,0,0,0,0,0,0,0,0,0,0,0,0,0,0,0,0,0,0,0,0,0,0,0,0,0,0,0,0,0,0,0,0,0,0,0,0,0,0,0,0,0,0,0,0,0,0,0,0,0,0,0,0,0,0,0,0,0,0,0,0,0,0,0,0,0,0,0,0,0,0,0,0,0,0,0,0,0,0,0,0,0,0,0,0,0,0,0,0,0,0,0,0,0,0,0,0,0,0,0,0,0,0,0,0,0,0,0,0,0,0,0,0,0,0,0,0,0,0,0,0,0,0,0,0,0,0,0,0,0,0,0,0,0,0,0,0,0,0,0,0,0,0,0,0,0,0,0,0,0,0,0,0,0,0,0,0,0,0,0,0,0,0,0,0,0,0,0,0,0,0,0,0,0,0,0,0,0,0,0,0,0,0,0,0,0,0,0,0,0,0,0,0,0,0,0,0,0,0,0,0,0,0,0,0,0,0,0,0,0,0,0,0,0,0,0,0,0,0,0,0,0,0,0,0,0,0,0,0,0,0,0,0,0,0,0,0,0,0,0,0,0,0,0,0,0,0,0,0,0,0,0,0,0,0,0,0,0,0,0,0,0,0,0,0,0,0,0,0,0,0,0,0,0,0,0,0,0,0,0,0,0,0,0,0,0,0,0,0,0,0,0,0,0,0,0,0,0,0,0,0,0,0,0,0,0,0,0,0,0,0,0,0,0,0,0,0,0,0,0,0,0,0,0,0,0,0,0,0,0,0,0,0,0,0,0,0,0,0,0,0,0,0,0,0,0,0,0,0,0,0,0,0,0,0,0,0,0,0,0,0,0,0,0,0,0,0,0,0,0,0,0,0
2026-09-28,129,344,120,316,68,133,37,295,178,46,797,214,69,51,38,61,155,68,250,476,28,60,30,339,64,518,267,16,465,101,132,841,60,700,175,289,138,70,73,66,58,35,134,357,51,65,74,303,52,137,59,133,53,77,373,138,134,670,67,76,75,624,14,375,137,68,81,219,61,131,51,62,75,52,67,136,64,61,23,580,295,201,69,43,118,56,105,136,80,143,65,132,65,68,131,102,632,139,67,21,181,852,61,62,63,300,117,492,77,193,63,68,60,42,91,45,75,67,62,51,63,51,500,50,106,22,69,137,239,132,67,597,63,211,64,244,68,15,63,372,182,67,45,15,136,279,15,23,22,66,22,185,374,67,43,52,116,67,436,36,36,104,22,63,551,254,113,136,139,313,69,136,36,53,408,129,37,49,24,67,51,417,289,71,416,7,259,128,70,403,197,14,425,218,282,69,775,107,292,105,62,210,257,307,112,435,52,385,104,65,50,14,61,135,655,747,44,35,71,139,754,731,69,33,271,31,7,149,133,39,46,77,121,389,139,133,328,48,71,124,52,457,218,54,265,36,86,22,717,15,62,140,29,103,64,129,101,138,109,581,216,382,301,39,552,122,128,138,70,280,137,831,145,67,127,69,50,51,63,103,711,842,68,70,57,122,67,38,291,51,386,134,225,528,66,132,37,7,54,52,67,165,139,68,39,76,69,16,43,842,20,422,804,21,249,737,52,134,51,88,23,133,65,60,71,67,50,163,66,61,52,392,99,647,105,251,67,910,132,36,282,386,85,107,72,141,163,313,134,196,44,14,37,64,38,46,132,124,23,35,39,63,46,213,295,107,518,66,65,30,215,43,66,297,69,65,131,71,317,64,38,315,246,123,255,43,53,90,172,66,138,278,80,781,60,125,104,37,130,132,65,138,21,391,59,142,56,518,66,130,121,410,42,262,28,117,43,367,110,499,105,598,15,7,200,64,69,294,193,72,67,138,105,310,841,64,132,138,42,72,74,102,129,54,60,136,65,102,71,92,172,44,136,134,31,318,554,73,265,63,124,136,142,58,248,133,29,125,163,231,304,45,22,183,49,102,70,69,30,66,43,305,91,300,532,126,371,228,102,349,31,384,428,261,447,399,480,105,277,156,65,147,134,133,63,515,132,247,50,31,132,277,77,133,136,261,68,58,385,114,23,391,407,66,59,42,38,138,52,502,66,93,352,29,351,222,63,396,22,101,67,320,46,37,240,450,382,610,126,550,260,411,469,68,127,286,312,30,295,542,97,401,71,67,146,22,87,296,61,419,137,126,37,22,318,61,66,36,421,741,71,292,37,395,117,714,171,30,460,106,64,129,104,178,64,281,65,123,66,106
2026-09-29,131,309,95,249,59,129,41,257,201,37,810,202,63,53,41,53,115,67,263,477,25,48,25,393,67,457,272,12,464,92,132,853,51,697,168,275,160,66,81,66,54,41,124,309,54,66,78,278,51,133,53,120,53,82,352,122,135,634,64,84,92,529,29,297,129,67,99,251,50,128,49,50,78,46,65,130,70,46,25,540,287,159,69,84,101,50,106,134,78,138,63,130,66,66,138,98,595,128,67,25,160,805,50,52,66,289,110,403,80,192,49,62,53,55,72,38,85,65,57,50,52,54,497,52,107,30,68,125,241,132,60,644,57,182,48,252,66,16,62,319,205,66,53,29,128,285,15,29,25,63,25,148,315,62,35,50,104,66,354,39,41,105,28,62,442,220,97,134,130,285,63,133,40,51,387,141,42,99,26,64,47,394,244,67,395,14,300,129,64,315,175,15,424,217,281,64,771,105,276,102,51,199,219,289,107,452,53,388,103,63,49,27,54,130,584,724,51,38,65,132,782,704,69,23,260,26,14,180,131,40,50,87,102,377,134,119,315,53,85,97,51,403,213,53,249,66,70,26,560,12,47,140,30,103,66,133,102,125,98,483,208,362,303,40,595,102,99,130,64,233,133,725,132,62,126,65,48,50,68,117,670,814,67,86,50,147,68,40,242,53,408,117,215,536,66,130,39,14,51,50,64,175,130,63,41,81,65,13,59,860,29,425,826,29,220,704,52,129,50,169,25,116,61,59,67,66,52,169,66,47,49,411,89,653,103,263,65,876,131,40,277,392,88,105,84,137,143,288,132,168,54,13,40,63,40,38,130,134,29,37,38,49,40,247,281,98,528,67,66,24,174,38,66,292,63,66,127,93,295,62,38,319,265,104,253,36,56,79,198,64,133,279,75,720,51,94,99,42,131,134,66,133,26,370,53,124,46,483,69,130,103,422,61,234,29,102,52,343,103,493,97,578,12,15,203,67,64,282,241,78,66,135,104,275,789,64,125,137,59,82,67,98,128,49,51,120,59,99,63,131,194,38,127,126,22,314,518,77,282,66,100,128,194,55,270,127,26,136,161,250,295,56,26,192,50,91,63,61,28,67,35,282,74,275,445,123,390,252,98,354,27,355,372,253,423,384,418,111,263,171,48,155,123,133,67,478,126,228,53,29,134,259,84,125,123,210,66,54,343,99,28,374,320,66,54,40,37,135,51,469,64,118,344,31,411,244,68,389,28,95,65,289,36,41,204,415,321,527,133,534,290,391,395,63,130,260,400,27,302,530,124,385,67,66,156,26,69,297,48,389,123,140,36,27,334,60,69,38,385,833,86,251,41,385,107,682,165,25,457,111,65,119,98,170,63,274,67,105,64,110
2026-09-30,97,231,58,183,54,99,35,205,147,28,645,152,46,38,25,40,111,49,194,363,15,29,26,285,47,340,182,11,380,73,100,605,40,527,124,203,148,49,70,50,39,35,98,219,41,49,73,225,35,103,38,103,39,73,267,99,104,456,49,71,73,445,19,239,104,50,83,216,40,100,35,40,72,35,50,97,50,41,21,421,204,109,50,62,80,34,77,100,70,98,50,97,50,50,101,74,445,98,52,21,124,582,40,42,51,204,111,327,71,190,29,51,40,41,53,27,72,50,50,37,39,39,375,38,82,25,50,96,225,107,50,472,51,150,37,163,51,14,47,251,176,51,44,20,99,205,13,24,20,52,20,98,233,50,26,39,79,50,287,25,35,73,25,50,343,165,75,101,101,217,53,103,35,35,295,105,36,70,22,47,37,321,197,49,309,10,245,103,51,251,158,14,317,143,231,48,591,78,206,81,40,144,174,215,98,306,36,299,75,50,35,20,39,100,493,516,41,24,52,103,596,517,50,15,189,26,10,142,95,35,41,69,82,302,97,101,241,36,69,58,35,374,161,36,194,52,52,20,421,10,40,101,29,75,47,104,72,103,73,340,142,307,212,34,443,78,79,98,49,181,103,556,96,51,103,47,35,34,51,102,492,649,50,70,41,119,50,35,177,40,286,100,165,419,49,97,35,10,38,40,51,143,97,49,34,73,47,11,46,681,25,305,615,25,192,540,39,101,34,120,20,100,50,48,50,51,37,119,52,46,37,286,75,492,82,193,48,695,97,36,216,299,74,80,68,96,98,212,94,111,40,10,36,54,25,28,104,102,24,24,25,44,29,205,219,69,400,50,47,23,124,28,49,209,49,48,95,77,225,52,35,232,236,79,199,26,39,59,159,52,103,218,49,594,41,60,72,35,100,98,54,93,22,294,39,94,29,387,49,98,74,270,51,182,27,73,43,268,101,354,76,453,11,10,151,49,50,220,217,67,49,103,77,206,584,52,102,102,51,66,50,72,107,41,42,112,51,78,50,103,138,30,105,98,16,250,391,48,185,48,79,96,154,41,174,106,25,99,117,207,217,46,21,126,35,88,50,52,25,54,31,235,54,215,385,100,294,193,73,275,24,284,360,160,330,283,293,75,197,138,38,101,99,109,52,326,101,196,40,27,103,180,69,102,92,159,50,40,242,78,24,314,219,51,51,29,24,110,35,367,51,101,234,26,337,183,51,290,25,88,47,223,26,32,162,318,203,395,100,434,212,291,306,49,98,211,354,24,227,404,107,301,51,50,133,21,57,225,43,330,100,93,26,22,275,53,48,34,276,573,69,167,35,289,81,577,138,15,348,79,53,105,73,122,52,198,50,80,48,78
2026-10-01,97,231,48,204,57,91,37,199,123,30,641,132,50,33,21,41,172,51,186,286,12,25,28,247,50,300,138,18,346,72,99,624,42,475,117,207,140,50,76,52,46,38,92,244,35,49,76,227,40,96,42,99,35,78,252,101,100,454,51,76,80,448,17,254,95,46,78,246,42,98,39,41,72,37,51,101,49,43,24,447,214,131,50,49,84,36,64,97,75,103,51,99,53,48,103,72,438,96,47,24,120,610,42,45,49,215,112,336,72,165,24,52,41,49,55,31,80,52,58,36,43,33,314,34,64,22,50,101,259,102,52,404,65,156,41,148,50,13,49,214,189,47,47,16,92,222,13,20,25,50,24,112,267,48,29,33,81,53,299,21,39,74,20,51,368,178,74,102,99,231,49,100,38,37,289,100,35,55,24,51,35,304,201,49,296,8,283,101,48,282,188,13,305,115,217,52,583,70,209,67,44,146,194,224,90,258,37,282,67,51,36,17,44,103,498,512,49,20,49,102,593,517,51,13,208,29,8,183,100,36,49,75,86,312,102,98,234,38,79,49,34,433,164,37,201,41,57,24,463,17,40,97,27,65,52,105,75,99,75,374,145,279,218,36,368,88,81,95,48,179,102,587,107,53,104,53,38,36,49,108,556,649,47,77,42,135,50,37,199,36,228,98,138,447,52,102,38,8,36,33,53,182,103,52,38,72,48,18,44,672,21,271,681,21,207,433,34,100,38,95,25,101,50,59,49,49,38,120,50,68,39,247,114,407,67,180,52,676,108,39,231,290,99,65,82,99,87,227,101,96,50,17,38,49,21,24,98,102,20,21,20,43,25,221,244,71,409,50,50,35,122,29,49,214,52,49,105,81,220,47,37,197,238,84,190,27,32,51,180,51,96,224,41,599,40,49,78,35,99,97,52,100,24,303,40,105,24,365,50,97,89,223,41,175,26,81,50,258,97,346,74,472,16,8,119,50,49,205,183,75,49,105,66,210,561,54,99,100,40,74,51,70,90,32,44,133,48,64,47,90,113,25,94,99,12,219,403,42,153,53,85,100,139,43,138,103,32,101,128,238,220,44,25,114,36,100,50,51,29,50,50,221,55,224,351,100,247,181,74,266,30,273,392,126,318,310,292,69,195,156,39,85,108,104,49,374,94,175,33,29,104,174,76,104,100,188,49,43,275,78,21,322,167,49,62,25,20,96,38,304,51,92,248,28,377,129,51,292,20,105,48,242,31,40,164,333,149,427,95,415,221,288,339,49,99,192,288,30,224,408,97,311,52,51,148,24,60,217,65,316,100,77,20,24,320,51,47,39,294,597,74,191,40,300,89,535,140,13,331,68,53,103,73,120,48,204,50,84,52,67
2026-10-02,135,339,92,298,68,143,46,258,169,39,816,187,71,45,34,58,178,71,258,439,24,44,35,340,68,419,236,19,448,112,132,837,56,659,156,273,179,64,82,66,58,44,141,342,49,66,87,316,52,130,56,141,48,89,360,140,134,666,65,86,98,624,23,329,138,66,91,268,55,127,51,55,85,56,68,127,67,56,32,579,274,191,66,67,101,53,93,134,90,127,67,134,68,65,123,108,617,130,66,30,183,764,57,55,69,296,127,463,85,189,46,66,57,60,85,42,89,64,68,55,55,49,451,52,92,26,70,128,264,131,70,584,66,208,57,216,67,13,67,308,223,68,58,21,141,278,14,25,31,65,31,171,375,72,43,47,115,63,420,32,44,111,24,64,462,243,105,133,133,284,67,130,43,53,404,134,47,77,31,67,52,414,261,69,403,11,318,133,71,335,221,13,410,196,285,67,785,94,303,101,57,204,223,310,102,394,53,379,97,66,52,22,56,135,626,741,58,35,67,129,762,747,68,22,279,34,11,205,123,41,60,83,120,420,129,119,330,52,91,89,52,458,232,51,255,56,79,31,621,19,55,133,27,95,65,133,106,130,111,542,215,380,290,43,521,111,113,138,68,225,130,805,143,69,138,65,54,53,63,134,727,859,63,85,55,158,67,42,267,49,392,136,204,586,67,132,45,11,53,50,71,187,136,67,46,93,70,18,52,842,26,381,835,23,240,641,49,130,54,127,30,143,71,69,67,70,55,169,67,80,53,363,135,596,95,242,70,864,132,46,283,376,109,92,82,136,138,294,138,161,61,19,43,66,36,38,140,133,25,33,37,58,37,257,304,103,558,62,68,40,191,42,65,302,71,70,138,103,281,67,44,289,274,117,256,41,50,69,197,64,131,286,69,765,54,97,109,45,128,134,65,136,30,388,53,134,48,534,67,132,105,386,51,255,28,113,60,364,96,500,104,606,19,11,185,68,67,301,217,92,69,127,85,293,790,72,126,129,51,88,66,109,136,48,59,138,72,96,71,110,170,35,137,141,24,300,545,69,247,70,112,133,156,55,238,139,33,136,175,285,299,46,30,162,51,117,68,65,33,72,58,323,85,279,459,138,357,244,105,358,34,377,446,233,441,398,424,98,268,182,59,131,127,133,67,503,133,247,49,32,131,278,89,131,135,238,67,56,393,116,25,405,303,68,68,37,34,127,52,429,71,115,352,28,393,242,69,388,24,115,68,324,40,47,230,442,286,543,146,568,292,386,475,69,134,263,364,33,301,535,110,414,63,64,174,29,80,298,81,432,129,122,33,30,369,57,64,46,404,812,87,284,43,422,105,740,194,23,443,92,64,136,110,189,66,282,69,110,67,95
2026-10-03,0,0,0,0,0,0,0,0,0,0,0,0,0,0,0,0,0,0,0,0,0,0,0,0,0,0,0,0,0,0,0,0,0,0,0,0,0,0,0,0,0,0,0,0,0,0,0,0,0,0,0,0,0,0,0,0,0,0,0,0,0,0,0,0,0,0,0,0,0,0,0,0,0,0,0,0,0,0,0,0,0,0,0,0,0,0,0,0,0,0,0,0,0,0,0,0,0,0,0,0,0,0,0,0,0,0,0,0,0,0,0,0,0,0,0,0,0,0,0,0,0,0,0,0,0,0,0,0,0,0,0,0,0,0,0,0,0,0,0,0,0,0,0,0,0,0,0,0,0,0,0,0,0,0,0,0,0,0,0,0,0,0,0,0,0,0,0,0,0,0,0,0,0,0,0,0,0,0,0,0,0,0,0,0,0,0,0,0,0,0,0,0,0,0,0,0,0,0,0,0,0,0,0,0,0,0,0,0,0,0,0,0,0,0,0,0,0,0,0,0,0,0,0,0,0,0,0,0,0,0,0,0,0,0,0,0,0,0,0,0,0,0,0,0,0,0,0,0,0,0,0,0,0,0,0,0,0,0,0,0,0,0,0,0,0,0,0,0,0,0,0,0,0,0,0,0,0,0,0,0,0,0,0,0,0,0,0,0,0,0,0,0,0,0,0,0,0,0,0,0,0,0,0,0,0,0,0,0,0,0,0,0,0,0,0,0,0,0,0,0,0,0,0,0,0,0,0,0,0,0,0,0,0,0,0,0,0,0,0,0,0,0,0,0,0,0,0,0,0,0,0,0,0,0,0,0,0,0,0,0,0,0,0,0,0,0,0,0,0,0,0,0,0,0,0,0,0,0,0,0,0,0,0,0,0,0,0,0,0,0,0,0,0,0,0,0,0,0,0,0,0,0,0,0,0,0,0,0,0,0,0,0,0,0,0,0,0,0,0,0,0,0,0,0,0,0,0,0,0,0,0,0,0,0,0,0,0,0,0,0,0,0,0,0,0,0,0,0,0,0,0,0,0,0,0,0,0,0,0,0,0,0,0,0,0,0,0,0,0,0,0,0,0,0,0,0,0,0,0,0,0,0,0,0,0,0,0,0,0,0,0,0,0,0,0,0,0,0,0,0,0,0,0,0,0,0,0,0,0,0,0,0,0,0,0,0,0,0,0,0,0,0,0,0,0,0,0,0,0,0,0,0,0,0,0,0,0,0,0,0,0,0,0,0,0,0,0,0,0,0,0,0,0,0,0,0,0,0,0,0,0,0,0,0,0,0,0,0,0,0,0,0,0,0,0,0,0,0,0,0,0,0,0,0,0,0,0,0,0,0,0,0,0,0,0,0,0,0,0,0
2026-10-04,0,0,0,0,0,0,0,0,0,0,0,0,0,0,0,0,0,0,0,0,0,0,0,0,0,0,0,0,0,0,0,0,0,0,0,0,0,0,0,0,0,0,0,0,0,0,0,0,0,0,0,0,0,0,0,0,0,0,0,0,0,0,0,0,0,0,0,0,0,0,0,0,0,0,0,0,0,0,0,0,0,0,0,0,0,0,0,0,0,0,0,0,0,0,0,0,0,0,0,0,0,0,0,0,0,0,0,0,0,0,0,0,0,0,0,0,0,0,0,0,0,0,0,0,0,0,0,0,0,0,0,0,0,0,0,0,0,0,0,0,0,0,0,0,0,0,0,0,0,0,0,0,0,0,0,0,0,0,0,0,0,0,0,0,0,0,0,0,0,0,0,0,0,0,0,0,0,0,0,0,0,0,0,0,0,0,0,0,0,0,0,0,0,0,0,0,0,0,0,0,0,0,0,0,0,0,0,0,0,0,0,0,0,0,0,0,0,0,0,0,0,0,0,0,0,0,0,0,0,0,0,0,0,0,0,0,0,0,0,0,0,0,0,0,0,0,0,0,0,0,0,0,0,0,0,0,0,0,0,0,0,0,0,0,0,0,0,0,0,0,0,0,0,0,0,0,0,0,0,0,0,0,0,0,0,0,0,0,0,0,0,0,0,0,0,0,0,0,0,0,0,0,0,0,0,0,0,0,0,0,0,0,0,0,0,0,0,0,0,0,0,0,0,0,0,0,0,0,0,0,0,0,0,0,0,0,0,0,0,0,0,0,0,0,0,0,0,0,0,0,0,0,0,0,0,0,0,0,0,0,0,0,0,0,0,0,0,0,0,0,0,0,0,0,0,0,0,0,0,0,0,0,0,0,0,0,0,0,0,0,0,0,0,0,0,0,0,0,0,0,0,0,0,0,0,0,0,0,0,0,0,0,0,0,0,0,0,0,0,0,0,0,0,0,0,0,0,0,0,0,0,0,0,0,0,0,0,0,0,0,0,0,0,0,0,0,0,0,0,0,0,0,0,0,0,0,0,0,0,0,0,0,0,0,0,0,0,0,0,0,0,0,0,0,0,0,0,0,0,0,0,0,0,0,0,0,0,0,0,0,0,0,0,0,0,0,0,0,0,0,0,0,0,0,0,0,0,0,0,0,0,0,0,0,0,0,0,0,0,0,0,0,0,0,0,0,0,0,0,0,0,0,0,0,0,0,0,0,0,0,0,0,0,0,0,0,0,0,0,0,0,0,0,0,0,0,0,0,0,0,0,0,0,0,0,0,0,0,0,0,0,0,0,0,0,0,0,0,0,0,0,0,0,0,0,0,0,0,0,0,0,0,0,0,0,0,0,0,0,0
2026-10-05,116,259,80,208,63,126,42,269,186,31,752,190,58,49,30,53,122,61,235,467,21,39,32,358,63,497,215,12,469,83,129,835,53,692,171,271,175,63,93,63,55,43,118,297,49,64,90,276,41,126,51,125,53,81,333,128,125,566,63,86,80,571,19,342,120,61,110,266,51,121,42,55,80,40,62,135,66,53,23,556,280,140,62,57,105,44,105,129,91,125,69,126,64,65,131,89,501,132,61,22,151,741,54,55,61,226,128,408,85,288,39,61,55,45,63,34,84,65,63,43,55,50,500,42,100,33,64,121,274,127,66,649,69,186,54,215,64,21,63,349,229,62,44,19,117,258,21,29,22,62,22,128,276,61,32,47,110,64,341,30,44,81,29,64,459,190,87,128,120,289,62,135,47,42,389,125,42,72,23,64,41,380,262,64,407,10,295,121,64,346,223,20,387,195,245,64,773,101,279,103,52,161,220,265,149,405,39,349,102,64,45,19,52,122,649,710,45,29,61,120,728,619,63,20,243,32,10,157,124,42,44,92,114,383,125,117,301,42,91,77,42,453,170,42,236,49,66,22,595,13,56,133,44,105,63,127,81,127,85,414,169,357,288,45,580,104,106,123,65,236,119,758,126,64,123,63,44,42,66,102,682,751,66,85,51,120,62,40,243,53,386,129,222,532,64,134,40,11,42,51,59,182,121,65,41,90,63,12,62,814,31,436,811,31,226,644,50,123,42,120,22,123,64,64,64,58,41,143,62,45,39,387,85,629,99,243,67,893,124,43,277,365,78,102,87,122,146,282,130,168,43,12,41,66,30,43,130,122,31,30,31,53,43,256,263,84,512,62,64,24,152,33,64,251,66,65,127,75,247,66,41,301,266,104,236,33,52,90,183,64,131,276,61,794,54,78,85,44,129,123,65,124,22,388,54,134,36,500,62,124,104,333,61,230,43,109,44,323,142,489,77,582,13,10,192,69,66,265,275,89,61,123,102,246,733,60,125,118,61,83,63,85,128,51,52,153,62,98,60,129,181,41,126,124,20,318,516,58,232,62,106,133,199,53,219,127,34,123,143,256,257,60,22,178,45,117,64,61,32,62,36,293,64,264,463,123,383,220,85,354,33,354,476,200,398,340,393,106,250,181,56,125,125,129,66,419,120,256,51,33,125,212,87,126,133,229,59,56,311,112,31,382,286,63,67,41,29,129,42,450,63,129,283,42,425,204,60,378,31,125,58,293,33,43,215,430,268,535,130,540,248,372,439,65,123,244,459,33,294,512,152,403,64,64,129,22,66,291,47,422,130,106,32,22,359,89,64,42,395,748,86,205,42,306,101,634,151,20,421,97,62,121,81,142,65,250,61,109,64,106
2026-10-06,112,257,65,214,59,120,39,222,162,31,716,163,58,44,28,46,139,58,222,401,17,33,29,288,57,385,182,14,379,78,112,730,50,565,146,242,152,56,77,55,49,41,109,286,43,59,79,268,39,114,47,109,43,75,318,107,112,509,57,85,72,556,17,290,106,58,100,259,48,112,39,47,84,39,56,121,59,48,23,479,245,137,61,53,97,40,86,108,74,116,59,112,58,57,111,79,478,116,58,22,138,706,48,50,57,233,117,400,85,238,35,56,47,43,61,31,84,56,66,42,49,42,411,39,90,25,55,111,277,113,59,505,65,174,50,190,56,17,58,279,207,54,47,19,116,251,17,27,23,59,22,121,278,58,33,42,96,55,342,26,41,80,26,58,410,179,77,107,114,254,57,108,39,38,361,117,40,66,22,58,41,345,222,56,364,9,274,109,58,309,195,17,339,166,252,59,643,83,240,84,47,170,208,262,115,356,39,320,89,57,40,17,48,119,536,639,46,26,58,104,686,612,55,17,232,32,9,161,117,42,45,78,101,347,118,117,267,41,86,68,42,441,167,40,220,44,58,23,523,15,48,113,33,84,59,110,79,118,82,408,158,346,254,39,501,97,94,119,52,193,113,674,111,59,120,58,39,40,58,106,600,754,56,83,48,124,56,40,226,46,334,114,185,490,58,119,39,9,39,43,58,182,123,57,40,78,56,13,48,733,24,353,769,25,217,531,46,111,39,103,24,116,62,63,53,54,41,122,56,58,39,324,104,531,91,221,57,751,115,38,232,363,82,83,81,114,122,268,122,132,46,15,41,59,26,33,113,113,26,25,25,48,36,240,237,80,428,55,59,27,144,31,53,233,53,57,116,79,244,57,43,255,269,97,234,33,45,71,180,58,118,247,53,688,46,65,80,41,121,118,56,112,23,319,46,117,34,429,58,115,92,290,51,214,35,97,45,296,119,432,85,522,14,9,158,61,60,233,230,79,61,110,82,238,691,58,116,122,49,75,59,82,119,42,45,130,57,94,53,112,148,35,120,112,17,268,460,52,177,55,90,115,159,48,180,112,31,123,134,251,230,54,22,148,41,112,58,59,31,58,42,275,58,261,405,115,315,217,80,318,29,320,420,178,369,329,362,87,226,170,43,105,116,120,57,382,117,220,44,32,113,181,74,117,111,201,54,46,293,97,24,360,240,54,63,34,28,115,40,381,57,109,266,34,391,176,58,340,25,107,59,274,28,40,196,412,209,457,113,453,236,332,379,54,112,224,341,29,277,453,124,355,58,54,144,22,60,249,55,390,113,99,26,24,337,68,58,37,364,674,81,211,43,308,91,644,145,17,417,90,59,115,80,136,54,229,56,95,58,86
2026-10-07,97,209,62,181,48,97,34,200,133,26,578,140,47,37,24,43,101,48,183,356,15,29,28,266,50,373,156,11,335,64,92,663,40,497,130,205,139,48,66,48,43,34,96,258,35,52,67,224,32,101,40,96,38,70,256,103,93,410,49,66,65,444,14,240,101,50,86,222,42,94,33,43,63,32,48,99,51,39,18,430,214,113,47,43,88,33,75,99,67,101,47,95,49,48,108,68,386,95,49,18,108,559,42,41,46,192,106,334,68,213,30,49,45,36,51,26,72,53,53,32,42,38,371,34,77,23,47,99,220,99,47,474,54,150,44,171,53,17,47,262,172,46,36,14,98,211,15,23,18,47,17,106,230,46,27,35,86,50,302,22,35,65,23,50,371,158,68,92,104,221,48,94,31,33,311,101,33,50,19,49,32,315,198,51,294,7,254,103,47,286,171,16,316,153,218,50,582,76,218,79,41,131,179,218,112,308,31,289,79,49,35,15,44,94,486,489,37,21,52,93,614,519,51,15,200,27,7,118,102,33,37,70,86,300,94,97,252,35,68,58,34,388,135,31,180,34,54,18,441,11,40,100,31,74,47,96,66,94,68,328,135,283,204,35,409,84,84,98,49,173,100,624,94,48,95,47,32,32,51,85,522,585,52,66,40,94,49,35,197,41,307,99,168,404,48,94,37,7,32,41,50,135,97,52,35,65,50,11,48,652,22,339,644,23,173,520,38,97,32,80,19,98,49,58,49,50,33,110,47,44,34,274,75,474,75,191,50,631,91,35,213,290,66,75,69,104,107,234,93,132,34,11,34,49,23,31,99,99,22,22,22,45,31,200,219,65,410,48,50,23,117,27,49,198,51,47,103,63,206,50,36,224,216,77,191,25,38,59,153,49,102,207,43,574,40,61,68,34,96,102,49,100,18,291,41,93,31,390,48,92,86,246,48,181,33,85,37,244,109,354,66,455,11,7,137,50,47,208,211,64,49,100,73,191,550,49,99,97,47,68,47,66,96,36,43,122,51,80,53,100,125,31,96,94,15,244,407,45,163,50,82,97,140,44,161,97,27,98,103,209,196,46,17,128,35,97,49,51,28,50,34,217,53,215,359,101,276,173,63,238,27,262,358,155,314,263,344,78,188,146,43,85,98,99,49,321,96,172,37,28,99,168,66,94,101,173,47,43,227,85,23,306,218,50,51,31,23,95,33,331,48,101,222,31,332,146,49,276,22,99,53,244,26,34,172,336,180,429,99,394,194,286,325,51,97,182,323,27,233,368,105,306,49,50,111,17,52,216,46,330,97,81,23,17,274,64,49,33,300,534,69,162,35,252,86,544,119,15,318,70,51,98,63,115,51,194,49,85,48,79
2026-10-08,117,278,85,231,62,123,40,248,170,34,747,184,60,46,33,51,137,59,252,451,22,41,28,342,58,421,216,13,440,85,125,791,47,683,159,258,157,60,80,59,52,41,117,303,47,60,80,281,45,123,50,112,49,83,321,124,122,570,64,80,84,507,22,295,128,62,99,240,48,124,44,51,78,45,61,117,64,49,24,485,259,139,62,64,102,44,93,121,77,126,63,120,59,59,122,91,554,125,63,26,157,716,48,48,64,264,113,408,81,214,44,62,51,47,68,34,80,62,58,42,50,47,446,47,95,26,63,125,253,118,57,609,59,188,50,217,63,15,58,324,188,62,47,22,119,243,16,27,24,60,24,133,291,57,37,49,101,60,352,31,39,93,26,65,405,200,88,120,120,276,59,120,38,45,357,123,38,80,23,63,47,383,244,64,377,11,292,126,59,326,187,14,391,190,252,58,710,92,256,101,51,177,218,280,114,391,47,346,93,63,45,21,46,124,571,655,49,31,61,127,702,665,64,21,252,29,11,162,121,37,48,78,98,377,121,122,295,46,79,90,44,422,200,46,239,55,69,23,533,12,49,126,33,93,61,123,90,123,86,417,171,360,282,40,563,104,103,125,64,226,124,682,118,61,129,64,43,45,62,106,640,800,57,79,52,127,61,42,235,48,345,123,202,494,61,124,41,12,45,50,62,187,127,60,42,77,61,13,52,809,29,372,773,27,236,650,48,123,46,130,24,127,60,58,63,64,44,143,59,53,44,355,90,558,100,222,63,821,125,37,254,356,83,101,77,128,136,275,122,159,48,12,41,61,32,34,119,119,26,32,33,50,38,227,282,92,481,59,59,25,159,34,62,260,62,59,125,85,261,60,40,282,259,97,234,34,46,71,171,59,113,266,63,685,51,85,93,39,127,118,58,127,24,359,53,122,42,429,61,120,104,345,54,220,31,104,47,328,119,436,95,546,14,12,181,63,60,250,231,81,60,121,93,266,748,59,118,120,52,83,64,89,108,49,49,133,65,100,59,114,169,37,122,124,21,282,472,63,238,63,102,126,176,48,213,122,30,120,148,240,258,55,24,169,45,104,59,62,29,62,39,269,63,245,446,126,368,217,91,320,29,342,402,213,375,354,394,96,246,168,48,130,125,127,62,418,117,231,49,30,122,221,81,126,120,221,62,49,320,101,26,381,273,61,61,37,34,122,44,434,64,114,303,32,399,216,59,348,28,101,65,292,35,41,205,383,268,538,121,498,256,367,410,62,110,250,375,28,282,508,126,364,60,60,147,23,71,293,48,363,131,113,32,25,338,66,58,37,362,676,78,216,41,373,95,645,164,22,387,95,61,125,89,163,60,236,58,102,62,86
2026-10-09,126,290,107,270,59,134,37,289,184,40,777,202,66,53,35,53,136,66,230,459,26,54,29,356,67,499,239,14,453,100,127,787,58,673,160,276,141,63,72,67,59,38,129,320,48,66,73,310,50,132,53,128,51,80,327,134,125,642,63,69,70,622,17,336,130,65,88,216,59,123,50,60,69,50,62,120,68,57,21,538,276,162,62,46,114,46,103,128,77,131,63,132,63,62,131,93,609,127,64,19,177,788,52,56,61,283,113,435,79,210,54,64,55,44,81,40,76,63,59,45,57,50,456,49,96,25,61,118,247,131,63,601,60,208,53,220,64,16,67,385,180,58,44,16,129,259,17,24,23,65,20,157,340,63,38,50,114,66,395,35,36,94,25,61,479,232,97,131,124,273,67,128,38,48,374,126,36,56,20,67,49,365,256,68,400,8,254,132,64,361,188,16,380,210,267,61,757,96,277,95,54,193,243,281,112,449,48,365,101,62,47,16,58,127,618,679,42,36,66,125,713,639,64,28,263,28,8,137,135,37,40,75,112,380,131,125,325,51,77,109,46,407,203,50,229,40,80,20,646,14,56,125,32,107,64,122,101,127,91,528,191,361,260,36,548,113,110,126,63,237,127,819,129,64,128,64,47,49,64,100,707,829,63,71,59,118,65,37,252,54,404,128,223,519,64,134,36,8,47,52,63,162,131,62,38,75,64,12,47,818,25,420,789,22,244,679,48,122,47,90,22,124,67,58,66,64,48,136,62,53,48,377,87,635,102,239,67,894,129,38,265,398,75,105,74,127,159,295,124,180,41,13,37,59,35,43,127,128,26,35,36,59,45,218,275,100,487,66,64,27,190,41,62,267,64,62,132,71,276,64,37,298,223,117,252,40,53,89,168,64,123,254,70,774,61,108,96,36,132,124,65,133,21,361,55,128,54,482,64,128,116,360,49,253,33,113,42,327,110,493,92,574,13,8,191,63,65,244,207,72,64,131,101,283,787,63,127,126,51,72,64,97,128,50,52,137,62,105,61,105,161,45,130,127,27,304,526,70,263,69,104,130,151,53,241,124,29,131,157,238,289,49,21,163,47,104,61,63,28,63,42,300,79,287,498,133,360,232,96,324,27,372,403,239,426,371,454,98,241,156,54,145,120,134,60,458,125,244,51,30,130,242,75,124,133,242,65,55,327,120,24,381,382,70,57,41,33,124,48,469,63,109,318,32,370,227,65,372,25,101,64,334,42,37,243,441,363,554,132,546,293,359,457,67,132,269,322,28,314,502,108,365,65,67,136,20,76,294,49,426,124,125,35,21,304,65,65,36,388,765,77,257,36,370,116,676,159,26,444,100,63,123,100,170,66,267,61,107,64,104
2026-10-10,0,0,0,0,0,0,0,0,0,0,0,0,0,0,0,0,0,0,0,0,0,0,0,0,0,0,0,0,0,0,0,0,0,0,0,0,0,0,0,0,0,0,0,0,0,0,0,0,0,0,0,0,0,0,0,0,0,0,0,0,0,0,0,0,0,0,0,0,0,0,0,0,0,0,0,0,0,0,0,0,0,0,0,0,0,0,0,0,0,0,0,0,0,0,0,0,0,0,0,0,0,0,0,0,0,0,0,0,0,0,0,0,0,0,0,0,0,0,0,0,0,0,0,0,0,0,0,0,0,0,0,0,0,0,0,0,0,0,0,0,0,0,0,0,0,0,0,0,0,0,0,0,0,0,0,0,0,0,0,0,0,0,0,0,0,0,0,0,0,0,0,0,0,0,0,0,0,0,0,0,0,0,0,0,0,0,0,0,0,0,0,0,0,0,0,0,0,0,0,0,0,0,0,0,0,0,0,0,0,0,0,0,0,0,0,0,0,0,0,0,0,0,0,0,0,0,0,0,0,0,0,0,0,0,0,0,0,0,0,0,0,0,0,0,0,0,0,0,0,0,0,0,0,0,0,0,0,0,0,0,0,0,0,0,0,0,0,0,0,0,0,0,0,0,0,0,0,0,0,0,0,0,0,0,0,0,0,0,0,0,0,0,0,0,0,0,0,0,0,0,0,0,0,0,0,0,0,0,0,0,0,0,0,0,0,0,0,0,0,0,0,0,0,0,0,0,0,0,0,0,0,0,0,0,0,0,0,0,0,0,0,0,0,0,0,0,0,0,0,0,0,0,0,0,0,0,0,0,0,0,0,0,0,0,0,0,0,0,0,0,0,0,0,0,0,0,0,0,0,0,0,0,0,0,0,0,0,0,0,0,0,0,0,0,0,0,0,0,0,0,0,0,0,0,0,0,0,0,0,0,0,0,0,0,0,0,0,0,0,0,0,0,0,0,0,0,0,0,0,0,0,0,0,0,0,0,0,0,0,0,0,0,0,0,0,0,0,0,0,0,0,0,0,0,0,0,0,0,0,0,0,0,0,0,0,0,0,0,0,0,0,0,0,0,0,0,0,0,0,0,0,0,0,0,0,0,0,0,0,0,0,0,0,0,0,0,0,0,0,0,0,0,0,0,0,0,0,0,0,0,0,0,0,0,0,0,0,0,0,0,0,0,0,0,0,0,0,0,0,0,0,0,0,0,0,0,0,0,0,0,0,0,0,0,0,0,0,0,0,0,0,0,0,0,0,0,0,0,0,0,0,0,0,0,0,0,0,0,0,0,0,0,0,0,0,0,0,0,0,0,0,0,0,0,0,0,0,0,0,0,0,0,0,0,0,0,0,0,0,0
2026-10-11,0,0,0,0,0,0,0,0,0,0,0,0,0,0,0,0,0,0,0,0,0,0,0,0,0,0,0,0,0,0,0,0,0,0,0,0,0,0,0,0,0,0,0,0,0,0,0,0,0,0,0,0,0,0,0,0,0,0,0,0,0,0,0,0,0,0,0,0,0,0,0,0,0,0,0,0,0,0,0,0,0,0,0,0,0,0,0,0,0,0,0,0,0,0,0,0,0,0,0,0,0,0,0,0,0,0,0,0,0,0,0,0,0,0,0,0,0,0,0,0,0,0,0,0,0,0,0,0,0,0,0,0,0,0,0,0,0,0,0,0,0,0,0,0,0,0,0,0,0,0,0,0,0,0,0,0,0,0,0,0,0,0,0,0,0,0,0,0,0,0,0,0,0,0,0,0,0,0,0,0,0,0,0,0,0,0,0,0,0,0,0,0,0,0,0,0,0,0,0,0,0,0,0,0,0,0,0,0,0,0,0,0,0,0,0,0,0,0,0,0,0,0,0,0,0,0,0,0,0,0,0,0,0,0,0,0,0,0,0,0,0,0,0,0,0,0,0,0,0,0,0,0,0,0,0,0,0,0,0,0,0,0,0,0,0,0,0,0,0,0,0,0,0,0,0,0,0,0,0,0,0,0,0,0,0,0,0,0,0,0,0,0,0,0,0,0,0,0,0,0,0,0,0,0,0,0,0,0,0,0,0,0,0,0,0,0,0,0,0,0,0,0,0,0,0,0,0,0,0,0,0,0,0,0,0,0,0,0,0,0,0,0,0,0,0,0,0,0,0,0,0,0,0,0,0,0,0,0,0,0,0,0,0,0,0,0,0,0,0,0,0,0,0,0,0,0,0,0,0,0,0,0,0,0,0,0,0,0,0,0,0,0,0,0,0,0,0,0,0,0,0,0,0,0,0,0,0,0,0,0,0,0,0,0,0,0,0,0,0,0,0,0,0,0,0,0,0,0,0,0,0,0,0,0,0,0,0,0,0,0,0,0,0,0,0,0,0,0,0,0,0,0,0,0,0,0,0,0,0,0,0,0,0,0,0,0,0,0,0,0,0,0,0,0,0,0,0,0,0,0,0,0,0,0,0,0,0,0,0,0,0,0,0,0,0,0,0,0,0,0,0,0,0,0,0,0,0,0,0,0,0,0,0,0,0,0,0,0,0,0,0,0,0,0,0,0,0,0,0,0,0,0,0,0,0,0,0,0,0,0,0,0,0,0,0,0,0,0,0,0,0,0,0,0,0,0,0,0,0,0,0,0,0,0,0,0,0,0,0,0,0,0,0,0,0,0,0,0,0,0,0,0,0,0,0,0,0,0,0,0,0,0,0,0,0,0,0,0,0,0
2026-10-12,117,290,103,287,59,120,35,258,153,40,775,176,65,45,31,55,149,60,230,427,25,51,30,325,60,507,219,15,405,90,128,755,52,631,156,250,132,57,69,65,55,35,120,336,47,61,74,264,44,124,55,119,46,70,344,121,120,583,64,75,70,624,13,330,125,62,77,226,56,123,43,54,68,44,61,120,63,55,20,544,256,177,58,37,104,44,90,119,69,128,63,121,58,55,120,85,583,115,61,21,166,743,58,54,61,272,119,406,72,191,51,60,57,40,80,41,72,64,59,46,55,48,430,49,99,21,63,122,243,120,60,562,60,199,56,206,62,14,62,334,174,60,44,12,121,267,15,20,20,59,20,162,352,63,40,48,109,62,372,33,35,91,21,62,481,205,96,125,121,285,58,123,36,48,377,120,34,40,21,61,48,372,248,63,384,6,255,124,63,354,191,15,363,198,261,58,689,95,278,90,58,175,218,284,108,365,46,346,84,60,47,12,54,112,649,666,44,31,60,122,702,660,63,25,239,31,6,153,119,35,42,71,110,379,126,118,294,47,71,105,42,406,190,47,235,30,79,22,636,15,57,125,28,94,62,118,89,117,93,495,191,353,268,35,505,106,112,121,60,249,117,764,121,62,125,63,45,46,58,101,609,741,63,73,55,111,57,38,249,44,349,116,215,500,61,119,38,6,49,46,64,156,123,61,36,75,60,14,40,751,21,368,745,21,231,600,45,116,46,67,22,126,61,64,60,64,44,146,61,61,47,358,108,546,92,232,60,797,121,36,263,368,77,95,75,117,147,266,124,162,43,16,37,62,31,37,127,116,21,32,29,57,41,209,286,92,491,58,61,30,173,41,61,260,58,63,129,75,278,62,35,293,221,107,239,40,47,81,162,61,122,259,57,714,57,101,100,36,123,123,61,122,21,353,52,127,52,514,66,115,109,344,42,248,29,109,42,321,99,458,91,541,15,6,170,58,64,253,193,73,64,122,98,274,720,64,123,124,43,78,66,96,122,45,59,132,58,93,59,88,147,40,123,120,25,294,486,63,222,62,113,124,135,55,216,123,31,113,156,223,284,40,21,149,47,110,58,64,30,63,44,282,80,274,514,118,348,211,91,347,30,330,407,212,403,359,428,93,243,140,53,120,119,119,65,443,124,232,47,29,118,228,74,128,117,226,61,58,323,110,20,365,352,58,62,40,32,123,46,441,59,90,311,31,334,193,61,379,22,106,58,312,40,37,223,405,321,542,119,520,246,371,444,61,121,241,289,30,274,481,102,368,64,61,128,23,78,273,61,396,118,104,30,21,312,59,61,36,363,709,69,275,35,366,115,667,167,24,412,95,63,129,93,161,62,259,63,106,63,88
2026-10-13,121,286,89,251,58,122,37,261,171,37,721,163,59,47,28,56,149,62,227,429,21,41,35,302,60,470,181,15,413,84,123,754,56,630,163,242,151,62,79,61,55,40,116,326,43,62,78,283,44,118,56,129,46,84,314,124,125,565,61,82,67,585,12,349,121,61,98,262,52,121,42,56,72,42,59,122,60,56,21,526,254,160,61,35,105,43,91,117,79,127,65,116,61,61,120,86,554,117,64,20,143,734,55,60,60,260,145,435,77,258,42,60,56,43,77,37,81,58,73,40,54,46,428,39,88,27,63,128,281,126,60,556,70,205,56,200,64,19,59,338,198,60,41,12,121,263,17,24,21,62,22,146,311,62,36,45,112,60,401,27,40,87,25,59,443,205,88,122,117,289,56,118,43,42,368,118,39,43,21,58,41,412,266,63,361,6,274,130,62,359,220,19,381,178,261,61,721,93,270,93,56,153,219,269,132,372,43,315,98,61,42,11,54,116,614,661,40,28,61,129,713,652,62,21,259,34,6,153,128,39,44,83,110,367,121,119,304,39,81,87,41,483,183,42,225,30,70,20,607,14,55,125,40,95,62,123,85,121,83,467,176,345,281,41,535,111,114,116,61,237,120,746,125,58,118,62,44,41,63,99,701,760,58,81,58,114,58,41,235,44,362,125,229,522,62,123,42,6,42,48,59,181,121,64,40,80,65,14,49,786,25,393,835,25,235,613,46,119,43,69,23,129,62,67,61,63,42,136,61,62,43,347,107,602,94,220,58,775,127,41,275,375,78,95,77,120,139,279,120,160,43,15,40,59,27,40,124,122,26,28,28,54,40,227,252,84,497,61,63,32,165,35,61,249,60,62,116,68,256,59,41,263,261,106,253,37,46,79,185,64,121,266,56,759,54,82,86,44,128,123,59,114,21,338,57,123,42,452,61,117,112,292,49,237,39,108,44,310,133,440,79,516,15,6,181,64,59,253,242,82,62,127,89,241,771,59,116,114,55,82,61,80,114,47,53,146,62,94,63,102,146,39,126,122,22,256,483,56,193,60,113,119,159,54,192,121,34,123,134,230,263,50,21,151,40,124,58,67,35,64,45,278,72,281,479,123,344,212,87,343,34,327,460,185,401,344,414,90,249,161,54,106,122,123,61,406,118,242,48,33,127,218,79,120,122,229,65,53,287,108,23,363,304,61,67,37,26,119,42,421,61,103,270,39,373,185,63,362,25,126,61,337,36,38,235,434,272,528,132,532,233,368,432,60,120,239,358,34,282,495,125,354,58,60,133,21,72,289,61,375,129,95,27,22,350,79,63,40,394,697,81,235,39,329,114,675,142,20,435,86,64,124,83,152,61,240,62,115,62,94
2026-10-14,101,234,55,181,51,107,37,205,155,26,651,155,54,43,23,45,124,55,224,387,15,29,27,311,51,393,187,12,375,74,103,682,43,556,146,226,153,52,81,53,46,39,106,257,42,55,76,228,36,109,42,106,44,77,276,104,106,469,52,82,75,495,21,261,102,61,102,234,44,107,37,48,79,38,52,105,56,44,22,441,233,122,53,56,81,38,83,110,74,104,53,106,56,51,104,73,418,108,54,22,130,682,43,45,53,210,116,370,83,206,30,53,43,45,52,27,77,50,59,38,43,42,410,38,88,28,56,108,270,109,51,538,61,163,44,183,52,17,57,283,191,54,46,19,106,236,17,26,22,52,23,111,266,53,27,42,88,53,303,24,37,75,26,55,399,162,73,112,108,262,56,113,42,38,344,105,39,68,22,53,37,349,195,54,332,10,277,107,52,267,175,17,336,157,223,51,606,84,231,79,43,153,192,238,117,343,38,308,83,54,37,19,45,109,507,576,44,27,53,110,633,578,53,16,221,31,10,163,109,40,45,80,92,328,106,111,254,37,78,60,36,409,149,39,203,49,54,22,446,13,44,108,35,81,55,111,75,109,71,336,141,319,239,39,476,96,90,110,51,185,108,613,107,55,111,52,36,38,58,96,564,684,55,81,43,120,55,38,194,44,316,107,169,450,53,111,43,10,36,39,53,163,104,53,38,84,56,12,55,708,26,343,719,27,189,523,41,110,35,118,22,111,53,62,54,54,35,119,55,48,38,302,83,509,92,196,53,727,108,38,224,309,76,84,74,112,108,231,107,126,44,12,40,55,25,32,109,110,27,22,26,40,32,241,235,75,438,55,52,25,123,28,56,220,53,52,104,76,223,56,40,250,249,85,209,27,43,65,179,53,108,238,49,683,44,59,74,38,111,110,58,105,22,331,42,105,30,439,54,107,88,264,53,201,33,84,44,278,123,419,76,472,11,10,175,54,52,236,241,78,54,110,85,229,639,54,107,111,53,73,53,75,104,43,46,132,56,86,54,124,140,32,108,107,15,260,471,52,182,55,83,108,164,46,180,108,29,112,122,232,228,55,22,151,36,103,52,52,28,52,35,246,54,235,396,104,334,200,76,279,29,295,416,166,345,283,357,84,218,161,43,103,109,105,55,348,98,208,42,29,100,189,80,110,113,178,56,43,243,87,27,332,200,52,57,32,26,108,39,374,57,117,238,32,387,176,54,298,27,107,55,253,26,40,177,361,191,446,101,459,229,296,337,55,104,216,376,30,250,440,129,345,55,55,125,21,53,240,47,356,115,96,25,22,306,67,51,39,322,647,76,184,37,292,85,597,139,15,353,85,53,104,77,131,54,212,54,84,54,88
2026-10-15,104,242,43,187,51,115,43,218,133,25,660,135,55,36,21,44,163,53,209,341,11,21,31,282,54,330,156,16,389,73,104,689,45,477,134,218,165,55,90,54,44,45,100,250,37,53,84,235,38,106,41,98,36,85,271,102,105,417,53,81,87,480,19,259,106,53,94,257,42,107,37,41,88,37,51,107,54,45,26,473,228,114,52,61,86,38,74,105,81,105,51,106,52,57,102,73,440,99,49,27,123,608,43,43,57,211,122,332,87,197,22,53,43,51,53,25,81,54,59,38,44,36,372,36,71,25,50,106,273,109,55,469,65,164,43,162,51,17,56,234,215,50,54,20,113,224,16,26,27,53,26,107,265,52,25,38,88,50,311,20,41,76,26,55,371,163,73,105,104,258,53,100,41,36,307,108,40,67,26,54,37,324,193,53,319,10,310,108,49,272,210,15,325,132,218,54,583,78,219,73,41,152,184,246,112,290,35,303,76,51,38,21,44,106,511,576,52,21,54,104,658,550,53,11,215,33,9,185,109,41,52,80,80,312,108,103,262,37,85,46,36,453,169,39,205,47,55,25,496,16,42,110,33,74,55,103,72,102,73,349,151,323,249,43,425,83,88,104,56,184,107,619,106,54,98,55,39,38,50,124,603,624,55,86,42,128,55,41,216,37,266,107,151,450,51,108,43,10,36,34,57,190,110,53,42,83,50,15,53,704,26,305,758,27,202,497,38,105,35,117,28,99,53,68,51,52,37,117,54,59,38,275,116,477,75,193,52,667,109,42,234,302,95,75,89,100,98,236,104,101,51,16,42,53,21,26,102,112,26,21,21,43,29,244,252,73,413,51,54,31,121,26,54,230,53,52,103,86,223,51,44,221,270,87,199,27,35,56,203,53,105,235,40,650,40,45,67,45,103,105,55,105,25,304,46,106,23,424,56,105,85,236,55,181,32,92,51,289,106,374,73,457,16,10,134,55,53,218,225,84,55,103,77,204,657,52,109,107,51,85,54,74,104,36,43,140,50,71,52,114,133,28,111,104,11,219,408,42,160,52,89,108,168,43,141,105,33,111,130,264,208,51,28,138,36,113,51,50,32,53,50,235,55,222,368,110,273,186,69,265,32,297,426,129,321,295,322,72,218,174,44,83,101,101,54,349,103,191,36,32,110,188,84,103,116,187,55,41,257,83,26,342,155,55,63,27,22,104,39,333,56,108,248,32,409,143,52,317,27,109,53,258,26,42,173,355,145,460,103,445,217,299,327,55,106,195,375,31,240,424,119,333,53,54,168,25,54,257,65,345,99,83,22,27,350,65,56,43,299,606,84,174,44,293,84,569,137,11,337,77,51,100,75,122,55,207,54,83,51,73
2026-10-16,109,249,60,207,58,102,36,217,141,31,644,140,52,39,29,43,140,53,205,345,15,29,27,296,58,325,190,15,387,85,108,666,41,520,127,230,153,54,75,52,43,39,103,252,39,54,78,240,41,108,41,108,37,73,279,105,109,468,55,74,83,452,25,261,107,54,83,224,45,104,44,40,74,42,53,110,51,39,26,421,229,141,53,71,81,40,81,107,79,105,55,101,50,56,107,82,477,104,61,26,134,604,41,40,52,235,109,313,79,158,30,53,42,53,59,31,77,55,51,43,37,39,378,41,81,23,55,103,252,101,53,452,55,155,41,172,53,11,50,225,198,52,53,24,109,230,12,24,27,53,27,124,272,49,29,37,84,56,284,27,38,82,23,50,338,181,81,102,107,229,54,105,39,39,324,105,39,83,26,49,41,326,194,51,344,11,253,101,50,266,162,12,319,155,221,52,609,75,229,81,41,156,175,224,82,333,42,310,80,52,41,23,41,101,472,565,52,28,55,100,618,518,47,15,213,25,11,171,106,40,51,75,82,299,106,107,243,43,73,62,41,379,177,43,200,65,56,26,475,13,42,102,23,78,51,101,82,107,84,361,168,306,239,38,455,84,80,99,54,176,105,566,104,53,106,54,41,42,52,116,524,691,54,78,40,145,53,38,193,42,269,97,144,463,53,110,39,12,42,40,50,166,106,55,36,77,56,13,49,655,24,332,659,24,196,524,41,105,42,143,25,111,56,53,50,51,43,132,50,59,43,294,102,454,77,200,51,695,104,37,227,319,87,75,76,108,103,246,106,115,52,14,38,52,26,26,102,110,24,28,27,41,26,221,236,83,433,56,51,30,132,28,52,244,55,52,104,90,246,53,38,241,215,81,199,29,38,53,169,54,104,228,54,637,41,62,86,38,107,102,53,109,27,324,42,103,30,367,57,105,85,310,48,175,24,81,52,289,88,388,86,489,14,12,141,52,57,225,198,77,52,110,78,234,630,51,106,106,48,74,52,81,111,37,42,118,55,77,53,114,138,26,107,107,15,231,421,58,203,52,80,108,155,42,183,109,25,104,136,239,247,47,26,136,41,89,52,51,26,57,43,238,57,233,361,107,284,198,81,257,24,290,347,177,333,318,315,75,208,150,42,107,109,102,53,379,110,195,38,24,108,184,75,110,106,175,54,40,293,86,24,332,215,54,51,28,26,109,38,355,56,102,271,25,417,195,51,304,24,96,53,233,28,39,166,354,201,437,104,419,222,312,329,53,104,216,324,28,244,459,109,317,51,55,160,24,61,249,58,320,108,101,26,26,321,47,53,40,318,647,73,190,37,322,88,600,157,14,351,79,53,99,86,141,54,219,50,76,51,78
2026-10-17,0,0,0,0,0,0,0,0,0,0,0,0,0,0,0,0,0,0,0,0,0,0,0,0,0,0,0,0,0,0,0,0,0,0,0,0,0,0,0,0,0,0,0,0,0,0,0,0,0,0,0,0,0,0,0,0,0,0,0,0,0,0,0,0,0,0,0,0,0,0,0,0,0,0,0,0,0,0,0,0,0,0,0,0,0,0,0,0,0,0,0,0,0,0,0,0,0,0,0,0,0,0,0,0,0,0,0,0,0,0,0,0,0,0,0,0,0,0,0,0,0,0,0,0,0,0,0,0,0,0,0,0,0,0,0,0,0,0,0,0,0,0,0,0,0,0,0,0,0,0,0,0,0,0,0,0,0,0,0,0,0,0,0,0,0,0,0,0,0,0,0,0,0,0,0,0,0,0,0,0,0,0,0,0,0,0,0,0,0,0,0,0,0,0,0,0,0,0,0,0,0,0,0,0,0,0,0,0,0,0,0,0,0,0,0,0,0,0,0,0,0,0,0,0,0,0,0,0,0,0,0,0,0,0,0,0,0,0,0,0,0,0,0,0,0,0,0,0,0,0,0,0,0,0,0,0,0,0,0,0,0,0,0,0,0,0,0,0,0,0,0,0,0,0,0,0,0,0,0,0,0,0,0,0,0,0,0,0,0,0,0,0,0,0,0,0,0,0,0,0,0,0,0,0,0,0,0,0,0,0,0,0,0,0,0,0,0,0,0,0,0,0,0,0,0,0,0,0,0,0,0,0,0,0,0,0,0,0,0,0,0,0,0,0,0,0,0,0,0,0,0,0,0,0,0,0,0,0,0,0,0,0,0,0,0,0,0,0,0,0,0,0,0,0,0,0,0,0,0,0,0,0,0,0,0,0,0,0,0,0,0,0,0,0,0,0,0,0,0,0,0,0,0,0,0,0,0,0,0,0,0,0,0,0,0,0,0,0,0,0,0,0,0,0,0,0,0,0,0,0,0,0,0,0,0,0,0,0,0,0,0,0,0,0,0,0,0,0,0,0,0,0,0,0,0,0,0,0,0,0,0,0,0,0,0,0,0,0,0,0,0,0,0,0,0,0,0,0,0,0,0,0,0,0,0,0,0,0,0,0,0,0,0,0,0,0,0,0,0,0,0,0,0,0,0,0,0,0,0,0,0,0,0,0,0,0,0,0,0,0,0,0,0,0,0,0,0,0,0,0,0,0,0,0,0,0,0,0,0,0,0,0,0,0,0,0,0,0,0,0,0,0,0,0,0,0,0,0,0,0,0,0,0,0,0,0,0,0,0,0,0,0,0,0,0,0,0,0,0,0,0,0,0,0,0,0,0,0,0,0,0,0,0,0,0,0,0,0,0,0
2026-10-18,0,0,0,0,0,0,0,0,0,0,0,0,0,0,0,0,0,0,0,0,0,0,0,0,0,0,0,0,0,0,0,0,0,0,0,0,0,0,0,0,0,0,0,0,0,0,0,0,0,0,0,0,0,0,0,0,0,0,0,0,0,0,0,0,0,0,0,0,0,0,0,0,0,0,0,0,0,0,0,0,0,0,0,0,0,0,0,0,0,0,0,0,0,0,0,0,0,0,0,0,0,0,0,0,0,0,0,0,0,0,0,0,0,0,0,0,0,0,0,0,0,0,0,0,0,0,0,0,0,0,0,0,0,0,0,0,0,0,0,0,0,0,0,0,0,0,0,0,0,0,0,0,0,0,0,0,0,0,0,0,0,0,0,0,0,0,0,0,0,0,0,0,0,0,0,0,0,0,0,0,0,0,0,0,0,0,0,0,0,0,0,0,0,0,0,0,0,0,0,0,0,0,0,0,0,0,0,0,0,0,0,0,0,0,0,0,0,0,0,0,0,0,0,0,0,0,0,0,0,0,0,0,0,0,0,0,0,0,0,0,0,0,0,0,0,0,0,0,0,0,0,0,0,0,0,0,0,0,0,0,0,0,0,0,0,0,0,0,0,0,0,0,0,0,0,0,0,0,0,0,0,0,0,0,0,0,0,0,0,0,0,0,0,0,0,0,0,0,0,0,0,0,0,0,0,0,0,0,0,0,0,0,0,0,0,0,0,0,0,0,0,0,0,0,0,0,0,0,0,0,0,0,0,0,0,0,0,0,0,0,0,0,0,0,0,0,0,0,0,0,0,0,0,0,0,0,0,0,0,0,0,0,0,0,0,0,0,0,0,0,0,0,0,0,0,0,0,0,0,0,0,0,0,0,0,0,0,0,0,0,0,0,0,0,0,0,0,0,0,0,0,0,0,0,0,0,0,0,0,0,0,0,0,0,0,0,0,0,0,0,0,0,0,0,0,0,0,0,0,0,0,0,0,0,0,0,0,0,0,0,0,0,0,0,0,0,0,0,0,0,0,0,0,0,0,0,0,0,0,0,0,0,0,0,0,0,0,0,0,0,0,0,0,0,0,0,0,0,0,0,0,0,0,0,0,0,0,0,0,0,0,0,0,0,0,0,0,0,0,0,0,0,0,0,0,0,0,0,0,0,0,0,0,0,0,0,0,0,0,0,0,0,0,0,0,0,0,0,0,0,0,0,0,0,0,0,0,0,0,0,0,0,0,0,0,0,0,0,0,0,0,0,0,0,0,0,0,0,0,0,0,0,0,0,0,0,0,0,0,0,0,0,0,0,0,0,0,0,0,0,0,0,0,0,0,0,0,0,0,0,0,0,0,0,0,0,0,0,0,0
2026-10-19,99,223,83,218,52,108,31,220,147,30,656,157,52,42,26,47,108,49,198,391,21,42,27,291,52,438,182,9,345,74,110,664,47,587,146,227,121,52,61,52,50,31,108,267,41,51,65,234,36,107,50,106,41,60,292,105,108,463,52,62,47,514,8,294,105,50,84,198,49,108,36,49,66,35,52,102,51,47,13,409,218,133,56,25,94,35,86,104,64,103,50,106,52,52,109,67,441,110,52,14,122,619,50,49,50,200,104,392,61,216,43,51,49,29,62,32,62,50,56,35,47,42,386,33,84,19,53,101,207,102,51,498,53,177,50,182,53,17,52,306,154,49,28,8,109,235,16,22,15,50,14,128,274,55,32,44,95,55,327,24,32,71,21,54,434,168,69,107,102,229,52,98,32,35,324,107,31,28,14,53,35,318,230,55,330,4,241,108,50,311,181,17,319,167,209,50,630,90,241,82,46,140,184,223,117,361,35,275,80,51,37,8,49,100,575,605,27,26,53,101,580,525,53,22,218,26,4,94,105,32,29,62,96,325,104,95,254,35,64,82,34,407,151,36,189,21,63,14,529,11,51,108,32,80,51,99,68,102,67,416,143,298,223,32,412,93,92,98,49,203,102,670,108,52,107,52,36,37,53,63,547,660,52,62,47,70,54,31,222,40,328,103,204,407,51,103,31,4,34,42,52,136,103,53,30,63,53,10,43,666,22,367,677,22,195,550,45,108,37,48,13,110,54,55,54,53,36,103,50,39,37,318,68,512,86,195,53,736,104,30,223,307,52,88,66,98,133,238,104,157,28,10,32,52,25,36,100,110,21,24,24,45,39,184,232,68,403,52,52,19,140,30,53,204,52,53,99,44,203,54,31,247,203,93,214,31,44,76,143,51,103,218,46,620,47,86,70,34,106,100,53,100,14,295,48,97,43,407,52,106,95,278,42,197,34,95,27,268,118,388,74,408,10,4,163,52,52,212,182,63,50,113,88,208,634,54,110,110,41,61,54,63,108,42,45,124,49,83,52,90,131,41,105,103,22,275,426,51,179,52,92,106,121,48,180,106,28,102,103,197,205,43,14,139,33,93,50,53,27,52,29,241,62,234,393,101,313,177,74,289,26,282,377,160,341,272,386,84,203,130,46,105,109,106,53,351,106,213,42,26,105,175,62,99,107,198,51,47,248,99,20,313,292,53,58,36,23,101,34,415,52,88,219,34,287,154,52,302,20,98,48,277,32,32,202,357,266,468,99,420,198,301,375,49,103,206,289,27,255,418,96,322,52,50,87,14,61,247,41,329,102,80,26,14,277,66,55,32,320,615,62,197,30,276,92,564,124,21,364,86,51,109,74,126,53,214,52,98,51,81
2026-10-20,124,241,80,219,57,109,41,260,177,31,701,182,60,52,29,51,97,58,242,448,21,41,31,345,58,506,207,10,398,74,118,785,47,695,166,265,158,59,80,61,48,39,124,275,51,59,81,270,38,113,50,115,48,79,330,120,117,492,61,75,70,514,18,298,120,59,104,248,50,113,41,47,80,38,59,113,57,48,20,492,235,129,57,55,95,40,100,112,79,119,62,118,58,59,113,79,493,124,61,20,141,675,49,51,56,223,117,376,81,266,38,60,51,39,61,32,74,58,59,38,49,49,447,39,100,30,56,118,263,112,61,618,57,185,51,212,56,20,56,341,181,61,40,18,116,244,19,30,19,59,19,118,261,60,30,49,95,61,340,28,38,76,29,61,443,184,81,120,123,269,59,110,39,38,364,119,38,64,20,60,40,369,233,58,357,9,275,120,61,314,197,20,360,188,242,59,692,100,264,95,49,162,193,274,131,384,38,342,95,61,41,18,53,117,595,636,38,30,58,114,638,643,59,19,239,28,9,139,113,38,40,78,103,360,124,125,291,41,80,83,39,433,165,40,211,45,61,20,548,11,49,118,42,92,58,116,77,122,80,405,159,336,254,39,521,101,103,122,60,210,132,726,111,60,110,60,40,40,62,90,688,740,59,77,49,101,58,38,231,48,371,123,220,445,59,121,39,9,39,49,56,168,116,57,38,71,59,10,59,802,29,430,741,29,235,629,48,121,39,106,19,119,60,62,57,54,38,127,62,39,41,384,71,628,97,217,56,800,109,40,240,358,70,94,83,122,136,270,120,160,38,10,39,59,30,39,122,128,31,26,29,53,43,237,246,84,478,61,61,20,143,28,62,218,57,63,120,64,245,61,39,297,254,102,221,30,49,82,183,60,121,261,58,735,48,79,71,37,118,113,60,109,19,352,54,126,40,433,59,119,101,301,59,200,40,98,36,305,152,457,76,530,10,9,190,58,56,248,271,85,56,122,97,226,764,58,121,116,62,76,57,75,118,51,46,139,60,94,60,122,167,40,121,114,20,309,483,58,204,62,99,122,183,50,190,113,31,119,128,233,232,58,17,163,38,106,59,58,30,61,32,267,61,249,421,111,362,217,76,328,31,319,420,192,383,285,387,92,238,181,50,119,114,120,61,358,114,223,50,30,110,185,83,104,120,200,57,51,276,101,30,381,282,63,61,41,30,118,39,461,60,126,266,40,360,187,60,344,30,106,59,284,32,39,200,403,259,485,112,481,232,352,392,59,115,242,382,29,276,467,135,365,59,62,115,18,64,269,37,385,114,106,31,19,297,79,57,42,378,628,76,199,39,288,103,648,144,20,406,91,63,118,74,144,59,240,60,107,56,100
2026-10-21,138,297,78,268,73,140,49,288,197,38,849,195,72,60,31,61,169,66,261,495,23,43,41,374,71,503,221,16,514,94,140,864,61,760,167,288,198,70,96,72,62,47,141,353,54,70,96,322,48,137,60,148,52,96,384,144,143,570,68,99,85,681,18,386,141,73,122,307,57,146,46,57,93,47,73,146,69,59,24,619,269,158,74,55,126,47,103,141,101,134,72,145,69,72,132,91,573,144,69,25,154,868,63,60,68,271,166,488,97,299,40,69,64,51,73,37,96,72,75,45,56,58,509,47,101,33,75,139,358,147,69,685,80,217,62,241,71,23,66,364,242,68,51,18,140,291,25,32,25,70,25,160,321,73,39,57,129,71,428,31,50,94,31,72,523,214,92,134,133,318,70,145,47,44,447,141,52,59,27,66,46,465,268,75,417,9,355,138,70,398,268,24,424,210,309,68,720,108,296,108,60,191,233,341,171,425,44,384,107,67,45,17,60,145,672,753,50,30,66,141,863,716,72,21,277,41,9,176,133,50,47,97,125,443,134,145,330,47,109,86,48,596,189,44,258,45,69,24,665,16,59,131,47,103,66,142,88,132,96,472,200,405,299,50,582,127,127,140,69,264,142,808,144,70,138,71,48,51,72,112,781,880,70,103,60,139,68,47,278,55,418,138,255,579,70,140,50,9,48,52,71,218,135,64,52,99,68,16,63,951,32,479,917,32,267,720,52,144,47,110,25,131,72,80,71,68,44,144,66,63,46,416,118,702,104,268,74,981,142,47,304,421,91,101,95,137,160,330,131,188,46,15,52,74,29,47,145,140,34,32,30,64,46,293,303,92,557,69,65,32,187,37,70,245,69,68,138,87,292,67,49,330,300,123,277,37,56,90,214,69,135,306,60,801,62,87,94,49,148,142,67,139,24,402,60,146,42,513,67,147,124,318,62,274,51,122,50,361,165,510,94,585,15,9,227,70,69,297,306,96,69,148,105,265,837,71,133,146,67,96,71,89,146,56,60,191,71,108,66,141,178,44,140,137,21,331,530,61,208,71,121,136,218,61,208,142,39,139,155,299,275,68,25,189,44,140,70,71,41,72,49,318,73,330,511,145,381,262,93,379,39,363,577,200,432,341,474,108,269,206,62,117,145,136,71,475,135,282,53,40,147,225,96,141,142,245,70,59,321,126,33,409,292,67,83,46,32,138,46,494,69,132,295,49,462,199,70,409,33,146,69,349,38,50,245,482,277,594,145,589,282,408,477,70,147,267,463,40,338,581,156,418,72,67,162,25,73,326,63,472,141,110,30,25,411,98,73,46,432,806,103,247,49,369,125,747,169,21,458,106,73,145,88,153,75,294,71,113,71,108
2026-10-22,119,345,88,256,61,117,38,265,162,34,770,183,60,46,34,48,146,61,239,426,20,44,29,324,61,411,233,14,417,99,118,745,48,607,146,259,155,61,76,62,48,40,128,284,45,59,84,294,51,132,45,123,44,80,314,120,114,629,63,81,99,543,26,283,121,64,84,244,48,127,49,49,79,48,60,121,58,49,27,484,265,153,64,79,95,48,92,125,81,125,58,120,61,59,120,102,576,114,61,27,167,727,50,49,59,292,110,369,76,152,44,59,47,54,70,36,76,62,53,49,45,49,415,50,89,26,62,121,253,119,56,560,50,183,49,202,61,11,59,274,208,61,56,28,119,263,13,24,28,62,27,142,321,64,38,48,95,61,335,34,41,97,25,61,419,204,105,124,129,293,61,124,38,50,346,119,38,85,27,62,48,382,224,58,375,13,267,128,61,291,176,12,371,189,260,58,735,97,253,92,48,202,220,283,89,371,47,345,92,59,46,26,49,126,565,633,59,33,61,117,729,661,58,21,255,26,12,186,132,37,56,78,93,371,116,128,308,48,80,82,51,387,215,51,234,66,69,28,500,15,49,127,24,92,59,116,96,121,104,464,192,335,283,41,511,91,96,116,65,205,123,645,126,57,128,61,50,48,60,133,653,759,60,79,45,149,60,43,230,48,342,124,185,520,59,121,41,13,47,45,65,189,133,67,40,79,56,15,47,788,25,382,793,25,205,614,46,119,48,153,28,117,59,57,57,60,49,161,63,62,49,355,104,546,96,223,58,816,118,42,252,331,98,92,82,118,118,289,126,140,56,15,39,64,33,36,126,124,25,32,32,45,33,211,291,100,481,58,59,30,165,35,58,282,60,63,124,98,302,63,39,274,261,92,222,36,47,66,201,61,123,250,67,739,50,80,97,38,125,123,60,123,28,352,49,124,43,482,61,117,92,371,51,215,25,94,56,323,88,459,93,521,15,13,172,61,63,253,210,81,60,119,94,259,724,59,118,128,51,75,63,95,115,47,47,115,64,94,61,113,168,34,123,123,21,283,501,72,238,62,93,123,155,48,249,124,28,114,167,252,299,51,28,168,52,97,66,56,26,63,44,266,74,274,448,123,325,230,97,313,28,344,363,222,395,357,371,94,253,148,48,133,124,125,61,477,112,216,44,27,117,245,80,118,126,209,62,48,348,93,25,373,296,57,52,33,36,119,48,406,58,111,318,25,385,228,63,365,25,94,63,285,36,39,202,389,255,520,118,457,249,353,403,65,114,261,326,28,287,510,109,371,62,61,177,26,73,265,57,376,126,126,33,26,328,48,63,38,388,710,83,234,43,381,95,635,171,22,430,91,61,119,93,170,64,260,65,96,63,92
2026-10-23,109,258,90,222,53,107,34,240,168,31,677,175,54,40,32,43,101,53,225,384,22,45,21,310,56,367,237,10,355,87,109,705,42,581,144,244,125,56,64,55,46,32,108,248,45,53,61,256,42,114,43,108,44,63,292,105,109,542,52,64,81,444,23,265,107,56,75,185,43,110,42,44,65,44,56,113,53,46,20,429,229,139,54,65,86,43,89,107,63,108,54,111,54,53,108,89,529,102,54,21,156,676,45,43,54,232,78,359,64,146,41,55,41,41,67,33,64,54,45,44,41,44,453,42,87,23,53,108,193,109,52,532,40,150,41,202,55,11,55,258,157,58,42,22,104,217,11,24,21,56,22,127,282,50,32,43,90,54,293,33,31,88,22,56,389,191,82,111,107,240,55,105,33,43,324,110,31,82,21,54,43,322,197,54,318,11,207,106,55,260,135,11,355,186,224,55,615,83,232,85,41,177,200,250,84,352,43,334,90,55,45,21,44,109,494,553,41,33,53,104,630,571,56,23,214,20,12,152,109,32,41,63,90,330,106,106,255,43,63,90,45,303,184,43,201,52,65,22,473,10,43,112,21,86,50,107,86,111,88,406,178,315,232,33,472,87,87,108,52,209,104,602,101,54,112,57,44,42,55,104,566,678,56,66,41,117,53,32,208,44,326,109,179,426,55,106,30,11,45,44,54,139,112,53,30,63,52,10,46,672,23,364,674,21,198,593,46,106,43,133,21,104,55,42,52,53,42,135,54,39,42,332,73,523,84,210,53,660,106,33,229,295,71,91,64,108,124,252,106,141,40,10,31,52,34,33,114,111,22,34,32,40,34,184,244,83,412,59,56,18,151,33,53,247,57,53,108,74,268,52,31,260,204,82,198,34,47,69,156,53,110,213,69,634,41,90,87,32,106,114,53,108,21,292,42,108,44,419,54,105,90,366,44,188,21,87,42,288,79,405,84,449,10,12,168,52,56,230,196,64,54,115,87,261,685,54,110,106,44,66,54,85,110,45,45,95,51,89,53,96,152,36,104,116,22,248,431,68,250,52,90,112,142,42,243,107,22,104,140,211,269,45,21,161,43,69,55,56,20,52,30,252,61,259,381,105,326,190,88,280,21,316,297,226,361,312,336,92,212,131,41,133,107,109,55,415,110,210,45,21,104,218,62,111,105,176,56,42,293,90,22,320,331,54,41,34,33,107,44,406,51,97,296,21,307,229,57,331,22,74,51,245,33,32,195,359,275,465,109,445,211,318,350,57,99,221,297,20,253,437,104,319,51,54,129,22,64,246,39,339,108,119,33,22,257,41,57,33,310,637,64,219,32,309,87,562,156,22,355,90,54,114,87,145,54,226,55,83,56,88
2026-10-24,0,0,0,0,0,0,0,0,0,0,0,0,0,0,0,0,0,0,0,0,0,0,0,0,0,0,0,0,0,0,0,0,0,0,0,0,0,0,0,0,0,0,0,0,0,0,0,0,0,0,0,0,0,0,0,0,0,0,0,0,0,0,0,0,0,0,0,0,0,0,0,0,0,0,0,0,0,0,0,0,0,0,0,0,0,0,0,0,0,0,0,0,0,0,0,0,0,0,0,0,0,0,0,0,0,0,0,0,0,0,0,0,0,0,0,0,0,0,0,0,0,0,0,0,0,0,0,0,0,0,0,0,0,0,0,0,0,0,0,0,0,0,0,0,0,0,0,0,0,0,0,0,0,0,0,0,0,0,0,0,0,0,0,0,0,0,0,0,0,0,0,0,0,0,0,0,0,0,0,0,0,0,0,0,0,0,0,0,0,0,0,0,0,0,0,0,0,0,0,0,0,0,0,0,0,0,0,0,0,0,0,0,0,0,0,0,0,0,0,0,0,0,0,0,0,0,0,0,0,0,0,0,0,0,0,0,0,0,0,0,0,0,0,0,0,0,0,0,0,0,0,0,0,0,0,0,0,0,0,0,0,0,0,0,0,0,0,0,0,0,0,0,0,0,0,0,0,0,0,0,0,0,0,0,0,0,0,0,0,0,0,0,0,0,0,0,0,0,0,0,0,0,0,0,0,0,0,0,0,0,0,0,0,0,0,0,0,0,0,0,0,0,0,0,0,0,0,0,0,0,0,0,0,0,0,0,0,0,0,0,0,0,0,0,0,0,0,0,0,0,0,0,0,0,0,0,0,0,0,0,0,0,0,0,0,0,0,0,0,0,0,0,0,0,0,0,0,0,0,0,0,0,0,0,0,0,0,0,0,0,0,0,0,0,0,0,0,0,0,0,0,0,0,0,0,0,0,0,0,0,0,0,0,0,0,0,0,0,0,0,0,0,0,0,0,0,0,0,0,0,0,0,0,0,0,0,0,0,0,0,0,0,0,0,0,0,0,0,0,0,0,0,0,0,0,0,0,0,0,0,0,0,0,0,0,0,0,0,0,0,0,0,0,0,0,0,0,0,0,0,0,0,0,0,0,0,0,0,0,0,0,0,0,0,0,0,0,0,0,0,0,0,0,0,0,0,0,0,0,0,0,0,0,0,0,0,0,0,0,0,0,0,0,0,0,0,0,0,0,0,0,0,0,0,0,0,0,0,0,0,0,0,0,0,0,0,0,0,0,0,0,0,0,0,0,0,0,0,0,0,0,0,0,0,0,0,0,0,0,0,0,0,0,0,0,0,0,0,0,0,0,0,0,0,0,0,0,0,0,0,0,0,0,0,0,0,0,0,0,0
2026-10-25,0,0,0,0,0,0,0,0,0,0,0,0,0,0,0,0,0,0,0,0,0,0,0,0,0,0,0,0,0,0,0,0,0,0,0,0,0,0,0,0,0,0,0,0,0,0,0,0,0,0,0,0,0,0,0,0,0,0,0,0,0,0,0,0,0,0,0,0,0,0,0,0,0,0,0,0,0,0,0,0,0,0,0,0,0,0,0,0,0,0,0,0,0,0,0,0,0,0,0,0,0,0,0,0,0,0,0,0,0,0,0,0,0,0,0,0,0,0,0,0,0,0,0,0,0,0,0,0,0,0,0,0,0,0,0,0,0,0,0,0,0,0,0,0,0,0,0,0,0,0,0,0,0,0,0,0,0,0,0,0,0,0,0,0,0,0,0,0,0,0,0,0,0,0,0,0,0,0,0,0,0,0,0,0,0,0,0,0,0,0,0,0,0,0,0,0,0,0,0,0,0,0,0,0,0,0,0,0,0,0,0,0,0,0,0,0,0,0,0,0,0,0,0,0,0,0,0,0,0,0,0,0,0,0,0,0,0,0,0,0,0,0,0,0,0,0,0,0,0,0,0,0,0,0,0,0,0,0,0,0,0,0,0,0,0,0,0,0,0,0,0,0,0,0,0,0,0,0,0,0,0,0,0,0,0,0,0,0,0,0,0,0,0,0,0,0,0,0,0,0,0,0,0,0,0,0,0,0,0,0,0,0,0,0,0,0,0,0,0,0,0,0,0,0,0,0,0,0,0,0,0,0,0,0,0,0,0,0,0,0,0,0,0,0,0,0,0,0,0,0,0,0,0,0,0,0,0,0,0,0,0,0,0,0,0,0,0,0,0,0,0,0,0,0,0,0,0,0,0,0,0,0,0,0,0,0,0,0,0,0,0,0,0,0,0,0,0,0,0,0,0,0,0,0,0,0,0,0,0,0,0,0,0,0,0,0,0,0,0,0,0,0,0,0,0,0,0,0,0,0,0,0,0,0,0,0,0,0,0,0,0,0,0,0,0,0,0,0,0,0,0,0,0,0,0,0,0,0,0,0,0,0,0,0,0,0,0,0,0,0,0,0,0,0,0,0,0,0,0,0,0,0,0,0,0,0,0,0,0,0,0,0,0,0,0,0,0,0,0,0,0,0,0,0,0,0,0,0,0,0,0,0,0,0,0,0,0,0,0,0,0,0,0,0,0,0,0,0,0,0,0,0,0,0,0,0,0,0,0,0,0,0,0,0,0,0,0,0,0,0,0,0,0,0,0,0,0,0,0,0,0,0,0,0,0,0,0,0,0,0,0,0,0,0,0,0,0,0,0,0,0,0,0,0,0,0,0,0,0,0,0,0,0,0,0,0,0,0,0,0
2026-10-26,135,310,88,286,61,139,44,272,184,36,804,201,66,53,33,55,141,69,263,478,21,45,34,366,69,490,223,15,462,90,134,864,58,732,173,290,173,68,84,70,59,44,141,320,52,67,89,280,45,134,58,130,51,85,362,142,138,567,66,94,84,600,19,364,135,65,107,284,61,135,46,57,93,48,67,134,67,56,26,588,282,160,68,58,117,48,102,128,90,134,69,138,68,65,134,96,569,134,66,24,160,769,56,59,67,286,146,441,89,251,39,69,57,50,72,38,91,66,71,47,59,50,456,47,109,29,67,134,293,134,65,651,67,209,55,222,70,20,65,356,225,69,48,20,133,296,20,31,25,68,25,159,316,69,36,52,114,71,406,30,47,99,28,67,496,210,96,127,128,311,67,134,45,49,402,130,44,72,26,70,45,436,259,66,400,10,336,136,65,363,218,21,437,198,274,66,795,105,299,98,56,187,239,301,138,429,46,352,103,66,49,20,59,140,709,703,50,31,70,133,729,731,69,22,281,35,10,163,141,44,49,94,117,384,131,128,311,52,87,91,47,531,192,43,240,49,71,26,621,15,54,146,39,101,66,134,90,130,99,503,195,381,283,46,563,112,108,138,66,243,130,816,136,70,137,68,48,49,65,114,681,851,65,88,55,134,69,44,267,52,389,136,226,548,62,135,46,11,47,50,66,195,133,67,46,87,70,15,57,853,29,456,899,31,249,690,54,136,47,116,24,144,70,70,64,67,46,156,70,59,52,383,110,697,105,260,67,879,138,46,288,410,93,106,92,144,147,288,130,165,48,15,43,61,32,42,135,133,29,32,32,60,43,269,299,96,531,66,69,31,165,36,66,270,71,67,128,81,285,69,45,319,298,108,288,38,54,89,195,70,136,284,64,767,59,90,90,45,143,132,68,139,24,400,58,132,44,508,66,131,120,333,61,262,38,114,50,348,133,473,92,601,15,10,191,67,65,282,270,95,64,132,105,277,773,64,139,128,61,90,70,97,128,50,58,161,66,99,63,132,174,42,138,140,22,319,581,60,222,63,108,134,184,52,220,134,34,133,154,278,277,61,24,182,47,125,65,68,35,61,46,306,77,281,507,131,362,240,92,357,34,385,482,215,443,370,433,106,271,186,57,131,138,130,65,454,135,274,51,35,140,235,88,140,125,245,66,58,320,117,30,419,315,63,71,46,33,138,50,491,70,132,327,38,452,203,67,388,31,128,67,339,38,45,235,474,298,555,138,550,277,406,474,70,135,272,445,36,301,575,136,427,66,65,163,27,72,301,59,408,136,119,35,24,390,77,64,43,410,770,90,255,43,359,114,717,175,22,438,107,68,126,95,168,66,284,66,115,63,101
2026-10-27,141,331,94,248,74,142,52,290,224,37,958,240,80,55,38,59,161,68,299,551,23,45,35,436,70,499,263,14,560,104,147,1017,60,824,196,330,214,75,110,76,63,55,154,354,62,73,100,340,52,144,58,156,59,109,391,158,154,637,72,108,111,625,31,354,147,76,136,339,60,153,51,59,114,49,72,140,70,59,32,583,301,166,75,93,114,56,122,143,109,147,70,157,76,70,158,111,627,145,78,30,173,958,60,63,73,317,140,494,108,279,43,72,60,61,75,38,109,77,75,54,60,62,544,56,121,36,74,144,345,153,79,725,73,220,57,263,78,22,75,387,257,73,63,34,151,311,22,40,30,75,30,143,332,81,40,62,118,77,425,39,55,106,39,75,511,236,104,157,154,335,77,154,54,51,427,151,53,109,29,72,55,462,283,83,468,16,385,152,78,371,242,22,456,228,312,71,794,116,334,110,58,216,262,355,168,466,51,406,128,79,50,33,57,148,662,786,62,37,73,151,867,829,73,22,314,36,15,211,146,53,62,113,118,457,147,154,365,53,102,88,56,504,240,55,270,80,74,32,645,15,58,153,46,119,76,157,107,158,112,464,211,431,331,52,685,119,121,161,75,248,142,924,149,76,149,80,55,54,70,143,805,955,76,107,57,175,76,51,282,58,444,145,234,599,71,154,54,17,51,64,77,229,147,71,54,106,77,16,69,998,39,482,966,39,294,746,61,154,56,192,30,146,78,73,79,78,52,179,74,64,53,433,103,740,118,288,75,1002,153,53,301,435,115,126,110,148,157,351,150,162,59,15,52,75,35,45,152,145,38,39,37,58,46,304,323,107,639,73,75,29,166,36,71,302,75,76,152,112,326,77,53,372,328,114,291,36,59,93,245,71,151,300,74,895,62,87,111,55,151,151,79,148,31,431,56,157,45,543,76,150,117,429,78,264,44,117,60,408,149,519,98,635,14,16,225,75,77,323,310,109,78,138,121,308,928,75,155,148,78,101,77,110,146,62,59,161,75,120,77,177,207,42,145,153,22,379,614,78,282,68,119,152,242,59,271,150,38,141,177,318,283,72,32,220,46,131,78,77,35,74,46,330,79,333,542,151,433,266,110,382,38,410,505,250,472,384,459,120,289,230,59,156,152,147,75,498,148,283,56,38,143,261,100,149,144,259,75,58,383,119,36,477,288,73,79,44,36,152,52,554,73,155,369,42,503,266,75,403,41,138,74,372,37,51,245,494,278,622,148,611,302,417,438,71,152,311,545,38,342,678,173,492,76,71,187,31,76,341,59,496,152,156,39,32,412,89,79,55,462,829,107,249,53,435,119,828,191,21,489,115,74,164,104,192,74,306,70,111,74,125
2026-10-28,112,285,82,255,58,120,36,251,157,38,709,174,57,42,32,46,154,58,226,378,22,42,24,310,62,386,221,15,386,94,116,741,48,558,136,247,138,59,68,55,46,37,109,257,44,57,72,254,47,114,46,114,40,70,309,119,115,581,57,72,91,501,23,277,112,56,72,223,47,115,49,47,72,45,57,116,56,47,25,492,242,166,57,63,93,47,87,112,69,116,57,112,56,55,110,96,598,119,56,25,161,717,43,46,56,277,98,343,71,121,42,58,44,51,72,36,70,55,48,51,47,44,386,47,86,21,58,119,221,116,58,477,48,170,44,194,55,10,50,244,183,57,50,21,124,230,11,21,25,61,26,143,313,58,36,43,94,62,330,35,35,95,20,58,383,214,96,114,117,245,56,119,36,46,338,106,37,76,27,55,46,349,220,62,355,11,237,119,61,297,161,10,363,164,252,57,640,84,260,86,45,187,208,270,71,342,47,336,80,56,47,22,46,120,519,626,51,31,57,111,667,601,59,22,233,25,11,187,119,34,54,74,96,341,107,111,267,46,70,85,47,361,186,48,220,57,73,25,526,15,47,114,19,89,57,117,94,112,95,484,183,332,255,33,446,94,91,115,57,207,111,649,117,56,109,59,49,45,58,118,579,721,57,73,44,149,56,37,219,43,326,107,170,485,57,121,35,12,45,44,59,143,127,58,35,75,54,15,42,703,20,339,691,21,192,531,43,121,46,126,27,113,57,48,59,56,45,155,56,60,47,325,111,493,81,216,56,784,107,37,238,336,99,82,74,113,119,251,113,131,53,14,35,53,33,30,113,112,22,32,33,44,30,206,257,90,442,55,55,30,162,36,58,274,58,57,112,93,282,57,34,257,219,97,209,38,42,64,171,54,112,243,67,678,46,86,94,37,121,108,58,119,26,307,45,114,44,433,59,109,88,371,41,203,21,89,50,285,70,429,94,478,15,11,151,55,59,249,178,75,56,120,83,270,693,56,115,112,44,71,54,97,110,44,45,112,55,82,58,96,152,31,115,115,21,262,476,64,243,57,92,122,139,47,223,110,25,119,151,231,277,40,26,144,48,85,54,59,25,54,41,277,71,252,399,113,283,212,95,323,26,331,343,205,348,354,379,84,242,133,49,130,110,116,54,475,111,207,41,25,114,247,76,112,116,209,59,44,310,91,20,337,284,53,51,30,33,123,50,383,55,100,315,19,325,214,58,313,21,85,55,245,35,37,213,351,276,474,111,435,257,358,361,58,113,247,290,24,253,484,91,340,59,57,157,26,72,247,60,342,111,115,31,26,300,41,54,35,352,664,72,218,36,364,92,590,178,22,370,82,57,116,93,161,55,249,56,95,59,78
2026-10-29,145,277,67,275,66,132,50,292,163,37,759,165,67,47,23,61,221,66,245,406,17,33,44,307,63,436,165,21,445,89,129,820,61,635,165,256,199,69,99,63,58,50,132,339,43,64,100,286,42,132,58,133,43,101,346,127,124,567,65,98,85,702,12,366,127,66,107,301,63,136,45,61,94,45,66,125,63,57,27,554,275,175,69,35,127,44,88,126,99,130,65,139,66,63,138,83,492,129,67,28,152,805,60,62,65,249,175,520,99,300,34,67,57,57,78,39,96,65,83,42,61,45,431,45,88,26,65,135,343,127,68,538,90,222,61,202,67,21,65,320,237,64,53,11,135,257,22,26,28,67,26,159,350,67,37,45,117,67,410,21,49,87,28,65,550,215,89,126,136,306,66,133,49,43,397,134,49,40,26,64,45,443,292,69,391,6,361,128,66,399,278,22,390,169,276,65,703,90,263,90,56,177,235,314,155,350,45,349,92,67,43,12,60,136,694,723,55,24,65,128,785,676,65,18,279,42,6,187,133,47,51,94,123,385,139,134,313,43,96,69,43,621,193,43,251,31,75,27,659,20,58,137,43,88,68,132,82,126,87,490,170,394,284,47,482,117,129,134,68,245,126,878,127,66,130,70,41,46,67,124,731,791,66,98,60,139,62,49,281,45,348,129,212,588,70,136,51,6,44,47,63,220,125,62,49,98,64,21,56,899,27,392,867,28,269,552,44,143,45,70,28,134,67,83,67,64,42,144,67,84,46,309,138,597,92,245,69,841,133,49,277,417,102,88,100,131,135,283,128,145,51,20,46,66,21,35,129,133,29,23,23,62,41,280,271,87,495,69,64,42,171,38,63,270,65,61,136,82,268,70,51,266,309,120,233,38,47,75,210,70,141,289,44,883,59,69,89,50,128,136,68,128,27,416,58,136,33,522,68,134,119,235,55,258,43,122,54,338,158,460,88,574,21,5,174,66,66,271,264,95,66,140,93,270,770,63,136,126,58,100,67,90,130,44,63,196,64,89,71,115,135,37,139,131,18,269,504,48,169,63,121,134,166,63,168,129,43,125,146,298,273,58,27,153,45,146,69,64,43,70,64,321,76,284,507,134,338,229,88,362,44,374,600,148,412,374,450,89,278,205,59,92,127,132,66,421,137,251,44,43,126,221,97,129,133,260,70,61,306,114,27,404,233,67,82,37,24,128,45,404,68,115,278,44,458,152,65,399,29,152,66,335,38,47,244,434,218,545,127,565,256,388,485,68,130,240,431,38,311,511,135,403,64,63,180,26,73,309,85,418,124,86,23,28,426,96,67,49,414,793,94,255,48,373,117,823,156,17,413,98,64,134,84,149,64,280,67,117,67,92
2026-10-30,122,319,73,263,63,123,47,261,163,37,770,174,67,45,30,53,197,61,261,368,17,38,35,316,60,406,210,19,444,98,130,779,54,640,147,262,194,66,93,63,55,44,127,329,39,63,95,277,48,124,56,131,46,93,326,118,129,627,68,93,115,586,22,312,131,59,96,276,54,118,50,55,92,50,64,136,68,54,29,566,264,174,66,63,107,48,89,137,95,129,61,135,68,65,132,97,533,125,64,32,160,768,52,54,63,309,138,396,93,187,35,63,53,64,78,36,93,62,74,48,56,44,425,48,83,26,63,127,314,125,64,545,68,198,51,199,66,14,62,273,240,66,59,22,136,275,14,25,33,62,31,158,346,65,41,43,104,64,374,28,45,90,27,68,445,231,97,131,118,291,65,122,43,49,365,134,47,75,32,62,50,397,244,64,402,11,334,129,65,323,227,14,390,165,278,62,657,83,281,91,55,205,223,297,101,365,50,349,90,67,47,21,53,131,641,641,60,29,64,125,768,661,67,19,249,35,10,216,117,49,61,90,100,385,128,133,311,52,91,74,50,502,220,49,237,58,74,30,606,20,54,124,29,91,69,131,91,115,94,490,210,378,284,44,464,106,106,127,63,235,128,719,131,67,130,60,51,48,62,151,651,819,62,90,54,163,65,45,268,45,319,130,184,559,63,128,48,11,50,45,66,210,133,62,46,89,61,21,50,797,28,346,861,26,242,570,43,133,49,131,31,127,65,67,67,62,51,153,65,85,52,325,141,547,88,232,63,849,124,45,278,368,120,88,92,118,121,285,124,129,63,20,46,64,28,33,130,130,27,30,29,51,31,265,288,96,495,66,63,42,163,38,67,279,61,64,126,107,308,64,42,273,284,108,239,38,42,64,220,64,133,258,59,771,54,69,99,45,135,128,67,128,31,373,53,127,33,474,64,135,103,344,52,231,28,110,63,344,103,452,92,539,19,11,162,63,61,256,229,90,64,120,89,277,750,68,129,126,54,87,63,101,130,47,53,152,66,87,63,114,149,33,121,129,18,257,518,59,215,64,104,139,177,53,217,122,35,118,144,279,274,53,32,155,48,123,67,60,36,65,61,286,79,291,439,124,343,226,102,347,35,347,472,193,436,383,380,84,273,184,50,111,129,126,63,485,126,243,45,35,120,233,93,135,131,224,64,54,339,104,26,397,253,66,65,32,29,124,50,411,64,117,321,30,446,200,61,371,26,113,61,298,38,47,206,455,245,552,121,519,278,356,440,63,134,247,371,38,288,510,119,410,65,64,207,31,80,286,80,421,129,107,27,33,409,59,67,45,370,798,93,241,48,385,102,726,179,18,416,86,66,135,93,180,66,261,62,105,61,88
2026-10-31,0,0,0,0,0,0,0,0,0,0,0,0,0,0,0,0,0,0,0,0,0,0,0,0,0,0,0,0,0,0,0,0,0,0,0,0,0,0,0,0,0,0,0,0,0,0,0,0,0,0,0,0,0,0,0,0,0,0,0,0,0,0,0,0,0,0,0,0,0,0,0,0,0,0,0,0,0,0,0,0,0,0,0,0,0,0,0,0,0,0,0,0,0,0,0,0,0,0,0,0,0,0,0,0,0,0,0,0,0,0,0,0,0,0,0,0,0,0,0,0,0,0,0,0,0,0,0,0,0,0,0,0,0,0,0,0,0,0,0,0,0,0,0,0,0,0,0,0,0,0,0,0,0,0,0,0,0,0,0,0,0,0,0,0,0,0,0,0,0,0,0,0,0,0,0,0,0,0,0,0,0,0,0,0,0,0,0,0,0,0,0,0,0,0,0,0,0,0,0,0,0,0,0,0,0,0,0,0,0,0,0,0,0,0,0,0,0,0,0,0,0,0,0,0,0,0,0,0,0,0,0,0,0,0,0,0,0,0,0,0,0,0,0,0,0,0,0,0,0,0,0,0,0,0,0,0,0,0,0,0,0,0,0,0,0,0,0,0,0,0,0,0,0,0,0,0,0,0,0,0,0,0,0,0,0,0,0,0,0,0,0,0,0,0,0,0,0,0,0,0,0,0,0,0,0,0,0,0,0,0,0,0,0,0,0,0,0,0,0,0,0,0,0,0,0,0,0,0,0,0,0,0,0,0,0,0,0,0,0,0,0,0,0,0,0,0,0,0,0,0,0,0,0,0,0,0,0,0,0,0,0,0,0,0,0,0,0,0,0,0,0,0,0,0,0,0,0,0,0,0,0,0,0,0,0,0,0,0,0,0,0,0,0,0,0,0,0,0,0,0,0,0,0,0,0,0,0,0,0,0,0,0,0,0,0,0,0,0,0,0,0,0,0,0,0,0,0,0,0,0,0,0,0,0,0,0,0,0,0,0,0,0,0,0,0,0,0,0,0,0,0,0,0,0,0,0,0,0,0,0,0,0,0,0,0,0,0,0,0,0,0,0,0,0,0,0,0,0,0,0,0,0,0,0,0,0,0,0,0,0,0,0,0,0,0,0,0,0,0,0,0,0,0,0,0,0,0,0,0,0,0,0,0,0,0,0,0,0,0,0,0,0,0,0,0,0,0,0,0,0,0,0,0,0,0,0,0,0,0,0,0,0,0,0,0,0,0,0,0,0,0,0,0,0,0,0,0,0,0,0,0,0,0,0,0,0,0,0,0,0,0,0,0,0,0,0,0,0,0,0,0,0,0,0,0,0,0,0,0,0,0,0,0,0,0,0,0,0,0,0
2026-11-01,0,0,0,0,0,0,0,0,0,0,0,0,0,0,0,0,0,0,0,0,0,0,0,0,0,0,0,0,0,0,0,0,0,0,0,0,0,0,0,0,0,0,0,0,0,0,0,0,0,0,0,0,0,0,0,0,0,0,0,0,0,0,0,0,0,0,0,0,0,0,0,0,0,0,0,0,0,0,0,0,0,0,0,0,0,0,0,0,0,0,0,0,0,0,0,0,0,0,0,0,0,0,0,0,0,0,0,0,0,0,0,0,0,0,0,0,0,0,0,0,0,0,0,0,0,0,0,0,0,0,0,0,0,0,0,0,0,0,0,0,0,0,0,0,0,0,0,0,0,0,0,0,0,0,0,0,0,0,0,0,0,0,0,0,0,0,0,0,0,0,0,0,0,0,0,0,0,0,0,0,0,0,0,0,0,0,0,0,0,0,0,0,0,0,0,0,0,0,0,0,0,0,0,0,0,0,0,0,0,0,0,0,0,0,0,0,0,0,0,0,0,0,0,0,0,0,0,0,0,0,0,0,0,0,0,0,0,0,0,0,0,0,0,0,0,0,0,0,0,0,0,0,0,0,0,0,0,0,0,0,0,0,0,0,0,0,0,0,0,0,0,0,0,0,0,0,0,0,0,0,0,0,0,0,0,0,0,0,0,0,0,0,0,0,0,0,0,0,0,0,0,0,0,0,0,0,0,0,0,0,0,0,0,0,0,0,0,0,0,0,0,0,0,0,0,0,0,0,0,0,0,0,0,0,0,0,0,0,0,0,0,0,0,0,0,0,0,0,0,0,0,0,0,0,0,0,0,0,0,0,0,0,0,0,0,0,0,0,0,0,0,0,0,0,0,0,0,0,0,0,0,0,0,0,0,0,0,0,0,0,0,0,0,0,0,0,0,0,0,0,0,0,0,0,0,0,0,0,0,0,0,0,0,0,0,0,0,0,0,0,0,0,0,0,0,0,0,0,0,0,0,0,0,0,0,0,0,0,0,0,0,0,0,0,0,0,0,0,0,0,0,0,0,0,0,0,0,0,0,0,0,0,0,0,0,0,0,0,0,0,0,0,0,0,0,0,0,0,0,0,0,0,0,0,0,0,0,0,0,0,0,0,0,0,0,0,0,0,0,0,0,0,0,0,0,0,0,0,0,0,0,0,0,0,0,0,0,0,0,0,0,0,0,0,0,0,0,0,0,0,0,0,0,0,0,0,0,0,0,0,0,0,0,0,0,0,0,0,0,0,0,0,0,0,0,0,0,0,0,0,0,0,0,0,0,0,0,0,0,0,0,0,0,0,0,0,0,0,0,0,0,0,0,0,0,0,0,0,0,0,0,0,0,0,0,0,0,0,0,0
2026-11-02,130,344,65,268,66,136,53,275,138,39,789,172,63,41,29,52,232,64,250,375,16,34,37,298,64,366,208,24,478,103,135,812,53,567,138,265,206,68,93,65,51,50,125,336,43,66,95,297,50,131,53,135,41,91,339,128,122,658,66,96,118,589,23,325,122,66,84,290,51,128,51,55,96,52,65,130,63,55,35,558,295,186,68,74,104,53,85,136,94,124,62,131,65,63,135,92,597,132,64,35,170,806,57,51,66,310,134,434,96,165,33,64,54,70,80,38,99,64,72,53,55,42,418,49,82,24,60,125,300,132,64,461,68,196,54,191,69,13,60,258,243,66,72,25,127,276,13,24,36,67,35,153,378,64,41,40,110,58,385,31,45,102,24,65,461,216,103,131,134,292,70,125,48,55,381,131,49,84,38,66,55,421,233,64,382,12,341,137,65,336,225,13,402,166,254,66,745,88,253,84,50,200,240,303,94,334,50,341,79,68,53,24,55,126,626,645,71,28,65,134,797,693,62,16,266,38,12,233,128,47,69,98,113,411,133,133,314,55,96,67,50,517,224,52,247,60,82,34,584,23,52,132,26,80,63,133,110,130,106,493,212,370,281,53,466,104,107,135,63,224,135,760,129,66,119,64,55,49,65,175,653,858,64,97,51,192,65,51,249,40,311,128,170,577,63,131,49,13,52,44,61,218,124,63,50,99,66,24,49,812,25,339,860,24,256,550,39,129,50,153,35,129,67,75,66,67,50,170,65,91,51,310,157,487,82,229,66,828,125,48,278,364,129,85,93,122,106,292,126,129,72,22,46,66,29,28,131,125,25,29,29,58,29,271,291,105,530,64,62,45,175,38,64,308,64,66,123,119,304,61,47,239,309,109,247,40,42,61,222,62,134,276,59,751,53,67,96,49,133,131,63,140,34,377,51,130,35,495,68,132,105,320,50,225,28,111,71,352,89,453,115,597,23,12,157,69,69,265,215,92,65,124,79,280,771,66,119,127,51,96,66,97,134,43,54,163,63,84,66,115,159,31,133,124,17,253,485,61,225,62,111,121,156,52,198,132,34,124,170,303,312,48,35,143,52,127,65,65,36,64,65,308,77,298,454,133,313,220,108,354,36,369,460,202,437,382,416,79,251,176,51,121,127,127,68,498,128,240,42,35,131,246,90,133,129,239,63,55,360,103,25,374,251,67,76,31,28,130,53,413,64,111,323,25,485,185,68,375,25,121,65,277,38,45,205,434,221,552,127,511,289,362,442,66,130,236,342,38,309,508,112,391,68,61,234,37,77,299,88,398,130,110,28,34,403,49,66,47,382,755,100,261,49,419,109,726,194,17,441,86,65,133,101,170,69,292,68,113,67,87
2026-11-03,161,363,106,327,83,157,49,322,193,46,948,211,79,53,33,73,208,79,285,553,29,51,43,367,76,606,223,21,525,108,154,858,67,773,184,324,194,78,102,76,72,52,161,403,58,77,104,333,54,149,71,154,59,101,409,153,159,729,80,102,89,813,14,431,158,78,119,311,69,154,52,73,101,52,77,160,76,73,27,670,297,205,75,43,151,53,113,150,103,157,79,153,81,82,152,104,626,163,76,28,188,883,69,69,75,314,174,576,101,270,54,76,68,55,95,48,99,79,86,52,67,55,523,54,113,31,81,150,351,161,79,663,90,257,69,247,75,23,79,406,252,78,56,14,161,337,23,31,28,76,26,171,430,77,48,54,148,72,476,33,52,107,29,74,623,271,110,151,152,360,80,151,50,55,479,168,51,48,26,75,54,499,339,79,471,7,366,153,77,440,297,23,481,221,340,78,866,113,349,113,69,216,273,337,162,472,51,445,105,75,53,15,72,152,826,796,56,33,76,158,870,833,77,26,318,42,7,192,159,52,58,100,133,481,148,153,372,53,101,98,53,638,244,49,310,36,90,27,762,22,75,156,48,119,79,155,110,159,107,667,212,441,329,51,598,143,130,162,80,302,158,1075,150,77,156,76,52,50,78,125,786,1020,80,100,74,138,75,51,306,53,440,156,254,610,78,156,51,7,54,57,76,218,154,77,47,108,79,21,57,976,30,482,1007,32,296,750,56,155,54,83,29,158,81,85,82,75,56,179,73,80,52,415,145,750,112,288,77,1063,146,51,329,445,104,112,100,150,181,350,146,194,53,22,50,75,35,48,154,155,30,32,32,75,48,295,329,107,625,80,78,41,217,45,76,293,78,74,149,90,310,79,52,348,337,143,315,48,55,102,244,79,158,312,68,935,66,109,105,48,151,142,76,160,28,451,70,149,49,600,74,157,130,356,63,286,44,138,53,399,161,587,108,724,22,7,206,76,78,316,270,98,74,152,113,312,886,77,148,145,61,105,75,114,158,57,74,190,78,115,73,129,183,47,152,146,26,360,627,68,243,78,137,161,183,67,234,150,44,150,172,325,328,60,28,184,55,163,76,83,45,76,59,374,96,347,601,153,421,261,117,408,46,431,583,209,516,432,539,119,307,204,74,127,159,165,79,500,154,271,57,43,160,273,97,156,147,292,77,67,383,137,30,491,370,75,90,53,33,157,56,513,76,128,370,47,516,210,79,439,29,161,80,410,45,54,283,519,318,652,158,671,325,434,533,73,177,312,408,43,353,623,140,479,72,76,185,28,96,343,83,478,159,112,33,28,455,89,79,52,498,887,106,320,51,438,144,859,179,28,533,107,79,157,104,188,79,330,75,141,76,113
2026-11-04,99,265,72,220,51,101,34,218,128,32,629,145,52,36,25,46,134,52,198,315,18,36,26,268,49,332,192,14,354,83,105,655,41,510,121,209,133,49,66,51,44,33,105,253,39,50,64,227,42,98,42,106,39,64,280,101,107,513,51,67,76,461,18,258,103,50,66,190,42,97,41,43,68,42,54,101,49,44,23,436,217,137,48,57,84,40,76,106,68,108,50,102,49,52,104,81,483,104,50,23,135,647,40,43,48,240,90,352,65,133,36,50,44,45,63,32,63,49,48,42,42,37,371,41,75,19,53,107,211,104,49,428,48,155,42,163,51,10,47,235,176,52,48,18,98,211,10,19,23,50,22,126,295,51,32,35,77,49,296,27,34,82,18,50,391,187,81,106,108,241,50,102,33,42,305,109,33,64,24,49,41,304,194,49,328,9,230,105,51,257,155,10,311,150,223,49,607,76,215,75,39,152,178,239,68,297,42,295,73,52,40,19,45,101,484,552,42,28,50,99,556,522,51,19,213,23,9,160,103,32,45,69,83,330,104,104,247,42,67,76,42,332,177,43,194,46,63,24,499,13,42,100,21,75,53,107,88,109,81,429,154,282,231,32,416,88,81,102,48,189,100,552,106,51,99,54,39,42,51,101,553,659,54,62,42,120,50,33,195,37,288,100,151,409,51,106,34,9,41,37,52,151,104,50,34,66,49,13,38,666,19,294,651,19,177,499,39,116,42,107,23,103,52,50,52,51,43,128,50,55,38,277,101,499,79,189,54,711,99,34,228,290,75,76,64,104,101,236,105,119,48,13,35,53,28,28,96,103,19,26,27,41,27,184,242,80,402,49,53,27,149,31,50,247,52,54,103,75,241,50,33,216,205,86,200,33,38,55,154,51,101,207,54,624,43,70,86,33,96,103,49,102,23,285,40,104,36,386,49,102,87,295,39,190,18,84,48,259,68,371,82,437,14,9,138,54,51,218,159,71,51,104,71,241,619,51,101,97,36,64,48,81,105,36,41,103,52,76,51,86,127,28,99,99,17,223,385,56,203,48,77,101,119,45,188,101,24,104,131,221,250,38,24,132,42,83,51,51,25,53,42,239,65,237,336,105,255,178,83,271,23,298,328,185,327,324,349,75,211,128,44,109,100,102,49,376,104,189,37,24,103,206,68,104,101,187,50,44,275,79,18,318,259,52,47,28,28,104,38,332,53,83,261,21,342,171,50,296,19,81,48,242,32,32,185,331,236,434,105,400,209,293,339,54,108,215,272,25,247,431,81,322,52,50,142,24,63,234,56,333,105,97,28,25,260,41,52,34,310,612,68,221,31,330,82,555,144,17,367,71,49,98,83,136,50,227,52,81,49,72
2026-11-05,138,319,109,306,72,141,45,306,200,46,904,197,71,51,31,69,176,69,250,525,27,54,39,350,70,598,215,18,463,94,144,895,67,743,188,309,170,72,87,73,69,45,138,393,55,68,85,307,47,141,67,142,55,93,402,143,148,643,70,89,65,679,8,364,142,70,101,280,66,146,48,67,85,49,66,138,68,66,21,644,294,200,69,25,131,48,115,137,85,143,69,141,72,71,139,99,658,141,67,20,173,887,67,70,72,292,162,551,78,274,57,68,67,42,97,44,88,69,79,48,64,57,512,50,111,28,69,137,285,146,70,599,79,243,69,259,68,21,69,420,205,72,40,8,138,297,21,25,21,69,21,182,379,68,43,53,130,71,414,32,43,99,27,75,596,252,95,140,142,336,73,141,42,51,450,140,43,28,21,76,50,426,310,70,438,4,323,137,73,435,263,22,417,229,297,75,800,105,281,112,67,189,263,326,157,446,50,379,107,75,46,8,64,142,815,734,44,32,72,148,842,735,70,29,300,38,4,155,144,42,40,79,126,428,151,145,354,51,87,111,49,560,225,51,294,21,88,21,746,18,72,148,43,106,71,133,99,142,96,602,205,403,273,43,631,146,134,130,70,294,143,935,136,75,141,74,48,48,70,101,759,885,71,90,70,114,73,43,317,54,445,143,267,597,71,143,44,4,47,55,73,188,143,73,44,89,75,17,53,949,26,461,998,27,268,711,53,135,49,46,20,147,70,79,71,73,48,148,70,71,46,392,118,738,110,268,72,973,137,42,290,429,84,104,80,149,182,311,137,202,42,17,44,70,33,49,133,141,26,32,31,72,52,246,324,101,581,75,77,33,215,45,69,265,73,71,144,70,308,72,43,310,264,141,275,44,56,105,206,72,155,300,69,859,69,111,94,44,151,130,73,140,20,409,66,135,56,562,67,145,133,324,53,303,43,128,42,386,149,547,106,644,17,4,201,69,71,288,241,86,69,138,107,300,875,69,145,139,54,91,68,91,142,54,66,196,75,112,73,106,172,49,135,132,28,348,581,61,236,74,136,126,171,65,225,133,39,145,151,253,296,52,21,160,51,138,69,67,39,66,53,351,84,348,581,139,389,231,99,400,38,396,549,213,488,400,533,111,285,186,65,130,148,151,76,494,136,269,56,40,141,247,87,142,136,293,69,62,333,130,25,423,365,72,76,47,33,142,51,479,71,107,322,44,405,198,71,432,25,141,68,374,49,42,277,509,366,631,140,598,299,419,539,76,145,272,363,37,302,527,127,417,72,72,136,22,94,351,68,450,142,106,33,21,384,90,69,43,434,836,80,308,44,392,141,792,167,27,495,116,72,132,98,182,67,316,70,133,70,102
2026-11-06,81,204,49,180,44,83,28,179,93,25,505,107,41,27,18,35,146,41,155,244,13,23,22,197,40,249,126,14,292,59,82,536,34,371,90,167,115,41,60,40,36,30,83,207,27,42,56,189,30,83,32,82,25,55,218,72,87,395,41,55,69,384,12,205,85,41,56,190,34,80,32,33,53,32,42,82,41,34,20,372,198,116,40,35,69,32,58,82,65,86,40,84,37,42,84,64,387,87,41,19,112,506,36,34,39,191,97,286,55,114,22,41,36,42,54,27,58,42,47,32,35,27,258,32,53,15,42,83,205,78,40,318,45,129,35,120,39,9,40,182,150,41,40,12,81,178,9,16,20,41,20,99,234,40,29,27,76,41,252,18,29,65,16,39,317,154,63,84,84,201,39,85,29,32,225,78,30,40,20,41,31,241,168,41,257,6,201,82,42,223,139,9,252,105,173,40,472,54,176,54,35,125,149,184,67,219,31,231,56,39,31,12,38,85,412,404,43,19,42,83,483,428,41,12,182,23,6,135,81,31,42,60,70,260,78,83,197,32,57,49,33,332,139,32,163,29,51,20,389,13,36,87,19,54,40,85,65,82,61,324,136,227,190,30,296,71,69,81,43,163,87,537,83,40,82,40,32,32,42,94,464,507,43,56,35,108,40,28,160,27,210,82,111,337,42,88,30,6,33,28,40,137,84,42,28,56,41,13,30,561,15,223,491,15,157,355,27,85,32,75,19,84,43,45,42,40,35,106,43,58,34,196,102,350,56,144,41,520,77,28,188,249,74,52,57,84,76,181,81,88,41,14,29,41,18,21,85,82,16,17,18,35,21,177,180,63,325,42,40,27,119,26,39,187,40,41,85,66,194,41,28,163,184,70,151,24,28,42,130,43,84,173,38,557,34,47,64,29,84,82,43,84,20,233,34,82,24,332,42,79,76,200,29,157,18,67,39,220,63,288,62,357,13,6,106,42,42,170,134,58,40,85,52,179,484,41,86,78,30,59,41,59,82,26,34,99,40,53,40,67,93,22,83,80,11,164,336,37,138,40,70,80,93,36,129,78,22,86,99,177,194,31,20,92,30,80,41,44,23,39,40,194,53,181,295,80,205,150,64,217,24,225,329,112,264,251,251,56,164,116,34,74,86,83,41,319,77,139,28,23,83,165,57,85,79,163,41,36,213,70,15,254,166,40,46,21,18,80,31,259,42,68,210,18,272,124,40,244,15,75,40,197,27,30,145,268,157,354,80,348,165,232,290,43,76,157,213,21,183,324,67,245,40,39,130,21,51,193,51,267,83,68,18,20,245,37,39,30,247,460,59,176,30,252,70,450,114,11,268,56,42,80,63,109,41,183,39,70,40,52
2026-11-07,0,0,0,0,0,0,0,0,0,0,0,0,0,0,0,0,0,0,0,0,0,0,0,0,0,0,0,0,0,0,0,0,0,0,0,0,0,0,0,0,0,0,0,0,0,0,0,0,0,0,0,0,0,0,0,0,0,0,0,0,0,0,0,0,0,0,0,0,0,0,0,0,0,0,0,0,0,0,0,0,0,0,0,0,0,0,0,0,0,0,0,0,0,0,0,0,0,0,0,0,0,0,0,0,0,0,0,0,0,0,0,0,0,0,0,0,0,0,0,0,0,0,0,0,0,0,0,0,0,0,0,0,0,0,0,0,0,0,0,0,0,0,0,0,0,0,0,0,0,0,0,0,0,0,0,0,0,0,0,0,0,0,0,0,0,0,0,0,0,0,0,0,0,0,0,0,0,0,0,0,0,0,0,0,0,0,0,0,0,0,0,0,0,0,0,0,0,0,0,0,0,0,0,0,0,0,0,0,0,0,0,0,0,0,0,0,0,0,0,0,0,0,0,0,0,0,0,0,0,0,0,0,0,0,0,0,0,0,0,0,0,0,0,0,0,0,0,0,0,0,0,0,0,0,0,0,0,0,0,0,0,0,0,0,0,0,0,0,0,0,0,0,0,0,0,0,0,0,0,0,0,0,0,0,0,0,0,0,0,0,0,0,0,0,0,0,0,0,0,0,0,0,0,0,0,0,0,0,0,0,0,0,0,0,0,0,0,0,0,0,0,0,0,0,0,0,0,0,0,0,0,0,0,0,0,0,0,0,0,0,0,0,0,0,0,0,0,0,0,0,0,0,0,0,0,0,0,0,0,0,0,0,0,0,0,0,0,0,0,0,0,0,0,0,0,0,0,0,0,0,0,0,0,0,0,0,0,0,0,0,0,0,0,0,0,0,0,0,0,0,0,0,0,0,0,0,0,0,0,0,0,0,0,0,0,0,0,0,0,0,0,0,0,0,0,0,0,0,0,0,0,0,0,0,0,0,0,0,0,0,0,0,0,0,0,0,0,0,0,0,0,0,0,0,0,0,0,0,0,0,0,0,0,0,0,0,0,0,0,0,0,0,0,0,0,0,0,0,0,0,0,0,0,0,0,0,0,0,0,0,0,0,0,0,0,0,0,0,0,0,0,0,0,0,0,0,0,0,0,0,0,0,0,0,0,0,0,0,0,0,0,0,0,0,0,0,0,0,0,0,0,0,0,0,0,0,0,0,0,0,0,0,0,0,0,0,0,0,0,0,0,0,0,0,0,0,0,0,0,0,0,0,0,0,0,0,0,0,0,0,0,0,0,0,0,0,0,0,0,0,0,0,0,0,0,0,0,0,0,0,0,0,0,0,0,0,0,0,0,0
2026-11-08,0,0,0,0,0,0,0,0,0,0,0,0,0,0,0,0,0,0,0,0,0,0,0,0,0,0,0,0,0,0,0,0,0,0,0,0,0,0,0,0,0,0,0,0,0,0,0,0,0,0,0,0,0,0,0,0,0,0,0,0,0,0,0,0,0,0,0,0,0,0,0,0,0,0,0,0,0,0,0,0,0,0,0,0,0,0,0,0,0,0,0,0,0,0,0,0,0,0,0,0,0,0,0,0,0,0,0,0,0,0,0,0,0,0,0,0,0,0,0,0,0,0,0,0,0,0,0,0,0,0,0,0,0,0,0,0,0,0,0,0,0,0,0,0,0,0,0,0,0,0,0,0,0,0,0,0,0,0,0,0,0,0,0,0,0,0,0,0,0,0,0,0,0,0,0,0,0,0,0,0,0,0,0,0,0,0,0,0,0,0,0,0,0,0,0,0,0,0,0,0,0,0,0,0,0,0,0,0,0,0,0,0,0,0,0,0,0,0,0,0,0,0,0,0,0,0,0,0,0,0,0,0,0,0,0,0,0,0,0,0,0,0,0,0,0,0,0,0,0,0,0,0,0,0,0,0,0,0,0,0,0,0,0,0,0,0,0,0,0,0,0,0,0,0,0,0,0,0,0,0,0,0,0,0,0,0,0,0,0,0,0,0,0,0,0,0,0,0,0,0,0,0,0,0,0,0,0,0,0,0,0,0,0,0,0,0,0,0,0,0,0,0,0,0,0,0,0,0,0,0,0,0,0,0,0,0,0,0,0,0,0,0,0,0,0,0,0,0,0,0,0,0,0,0,0,0,0,0,0,0,0,0,0,0,0,0,0,0,0,0,0,0,0,0,0,0,0,0,0,0,0,0,0,0,0,0,0,0,0,0,0,0,0,0,0,0,0,0,0,0,0,0,0,0,0,0,0,0,0,0,0,0,0,0,0,0,0,0,0,0,0,0,0,0,0,0,0,0,0,0,0,0,0,0,0,0,0,0,0,0,0,0,0,0,0,0,0,0,0,0,0,0,0,0,0,0,0,0,0,0,0,0,0,0,0,0,0,0,0,0,0,0,0,0,0,0,0,0,0,0,0,0,0,0,0,0,0,0,0,0,0,0,0,0,0,0,0,0,0,0,0,0,0,0,0,0,0,0,0,0,0,0,0,0,0,0,0,0,0,0,0,0,0,0,0,0,0,0,0,0,0,0,0,0,0,0,0,0,0,0,0,0,0,0,0,0,0,0,0,0,0,0,0,0,0,0,0,0,0,0,0,0,0,0,0,0,0,0,0,0,0,0,0,0,0,0,0,0,0,0,0,0,0,0,0,0,0,0,0,0,0,0,0,0,0,0,0,0,0,0
2026-11-09,158,381,113,345,77,164,52,334,193,50,918,218,76,54,39,65,221,74,291,484,27,55,38,409,77,509,263,21,495,123,150,935,63,772,181,314,194,71,101,73,59,50,155,390,52,74,100,343,59,151,66,149,53,92,401,142,149,757,75,99,107,713,23,402,154,74,105,305,65,148,62,64,100,59,73,148,75,63,32,600,316,211,73,67,133,61,114,148,94,153,75,147,73,74,155,121,695,158,76,32,205,862,64,64,76,347,150,542,99,220,55,73,69,67,94,48,105,77,74,58,63,56,515,63,109,28,76,157,335,150,76,694,79,234,61,253,79,17,77,365,249,83,67,22,159,315,16,27,30,77,31,186,433,78,52,54,119,71,435,38,50,117,29,78,559,267,111,162,164,333,73,152,48,60,460,145,48,73,32,75,56,467,304,74,467,11,329,156,76,412,250,17,460,218,318,76,855,111,327,108,63,235,280,356,118,464,56,437,113,79,58,23,67,152,727,842,60,35,79,158,866,823,75,27,308,38,10,226,149,49,64,90,125,462,148,156,372,63,97,106,59,573,267,63,307,55,88,31,742,20,64,141,33,108,74,150,117,151,117,610,242,429,344,48,572,135,127,146,76,282,148,966,139,80,156,80,58,60,78,141,809,963,80,98,70,172,73,49,316,52,412,158,246,627,76,147,50,11,57,56,78,221,148,80,52,99,74,21,58,980,28,467,971,29,267,687,57,154,62,132,32,151,74,71,78,77,60,184,71,84,57,447,147,665,114,269,76,972,152,51,324,458,120,115,99,148,165,333,146,179,63,21,52,74,38,45,151,146,27,37,39,61,42,278,361,118,581,77,77,40,217,47,75,329,74,83,156,106,345,73,47,320,304,130,281,46,55,86,232,78,151,306,78,914,62,106,118,47,151,153,74,159,34,428,64,164,55,555,76,151,128,403,58,289,33,134,62,415,120,546,116,697,22,10,220,78,72,349,259,98,73,143,106,370,933,76,155,153,59,94,75,114,147,57,67,160,73,117,75,116,196,47,164,160,27,338,592,74,271,73,133,148,182,62,261,147,38,146,179,301,342,54,31,186,58,130,78,83,38,80,66,338,95,357,571,151,389,268,117,409,36,436,485,250,501,468,490,117,302,192,65,149,156,159,79,582,157,292,53,40,151,311,99,160,148,286,77,60,404,128,28,467,394,82,77,43,37,141,56,530,71,126,387,35,488,249,80,472,27,130,73,367,49,45,283,494,353,669,151,635,335,439,521,72,156,297,388,36,332,633,134,455,80,75,211,31,92,328,86,461,147,135,39,34,392,65,80,50,454,919,99,312,48,425,130,819,198,27,501,106,76,157,109,218,75,321,77,123,75,108
2026-11-10,156,354,107,309,79,157,53,325,203,44,961,228,77,57,38,70,185,74,304,526,26,54,38,434,79,553,248,18,526,115,152,950,61,833,208,336,200,76,106,77,68,52,154,381,58,72,107,345,54,156,66,149,55,100,407,156,160,714,78,104,99,672,23,408,152,75,121,326,68,164,55,63,94,58,78,150,81,62,28,681,320,194,78,64,137,53,120,158,97,156,74,158,80,79,161,112,649,153,72,28,199,1012,65,65,78,309,165,521,94,288,52,78,66,60,86,46,109,82,78,55,65,58,581,52,118,33,74,156,330,158,78,702,79,240,63,268,75,23,78,411,260,77,56,22,165,304,23,31,30,77,29,174,367,73,44,57,131,77,455,36,48,110,33,78,567,256,111,156,150,342,76,159,49,58,455,155,52,76,27,76,57,463,321,77,494,11,364,156,70,418,248,22,518,241,324,75,996,119,323,119,67,210,275,344,143,455,56,434,114,70,54,22,68,146,776,876,59,36,74,159,839,799,76,25,332,41,10,206,153,51,60,103,129,462,156,151,353,56,100,101,55,594,242,53,316,56,94,27,729,17,64,157,43,113,82,149,107,154,110,560,214,432,340,53,642,127,133,162,75,298,158,909,157,77,153,76,53,57,77,132,801,1027,78,106,65,167,73,49,313,61,454,162,255,649,76,150,49,11,55,64,75,224,163,83,52,104,74,17,63,1009,34,469,978,33,275,732,59,157,54,126,29,156,76,83,77,76,59,173,77,72,54,480,135,751,117,306,79,1036,159,50,322,462,107,111,100,143,173,352,159,191,59,19,50,71,37,51,153,167,32,37,37,67,47,278,336,113,655,76,75,37,200,42,75,305,78,75,147,90,340,80,52,375,323,125,297,44,57,94,222,76,144,328,78,942,64,104,101,48,156,158,74,149,29,430,65,156,52,605,76,151,134,394,65,285,42,133,60,400,148,558,112,667,19,11,223,78,78,313,302,99,78,147,122,340,938,79,157,158,66,103,71,106,146,58,68,189,79,116,82,156,202,48,154,154,26,379,591,76,272,72,136,153,199,64,245,152,40,154,171,318,344,68,28,213,54,135,75,76,39,78,51,366,89,360,569,155,438,279,111,401,37,399,519,243,461,414,523,110,311,210,66,148,147,153,82,557,159,270,59,41,153,290,102,158,156,296,75,67,370,123,33,429,343,80,77,50,37,152,54,539,79,147,360,46,479,238,80,475,33,138,74,356,45,46,271,535,325,692,163,652,322,463,540,72,150,305,450,39,368,588,150,474,80,77,187,29,89,354,74,522,147,138,35,28,386,92,76,52,461,881,103,277,52,444,127,867,192,26,537,108,77,162,105,180,78,311,78,124,79,125
2026-11-11,115,284,90,251,60,108,36,232,150,36,708,163,56,43,32,50,154,56,212,371,23,48,25,318,61,399,214,15,390,91,120,690,49,587,131,238,146,57,66,60,47,35,113,267,41,58,74,253,43,119,48,113,43,67,313,120,113,616,59,72,76,500,19,296,116,58,74,207,52,115,47,44,67,49,57,109,54,49,24,501,248,166,59,56,92,45,81,112,71,120,57,119,56,56,110,91,545,117,56,23,158,681,48,46,59,260,101,384,67,141,43,56,51,50,76,37,69,57,49,45,47,41,408,44,83,20,61,112,244,117,58,493,50,190,48,182,58,11,59,259,188,57,48,18,117,238,11,22,26,57,24,151,334,55,38,43,98,55,344,31,35,93,19,55,429,222,97,116,112,261,58,111,34,46,353,119,34,65,23,61,43,350,224,54,353,9,236,112,57,288,171,11,356,165,241,58,663,85,256,78,48,183,203,263,78,334,45,321,81,56,44,19,46,111,597,607,47,30,54,116,674,624,60,22,230,29,9,180,114,34,48,66,91,352,115,119,281,48,65,91,45,394,202,46,225,47,73,23,544,15,48,109,23,81,57,126,88,113,86,482,190,314,244,35,435,101,97,110,56,218,107,686,114,60,115,59,44,48,54,110,561,728,58,70,50,125,55,33,223,45,317,112,176,466,56,118,35,9,47,44,56,151,114,57,34,69,53,15,41,703,20,349,718,20,209,552,40,116,45,116,24,118,56,51,56,58,47,149,59,62,45,315,109,512,82,206,58,762,120,36,240,338,86,86,71,114,128,254,114,146,51,16,35,60,31,32,114,124,20,30,30,49,33,191,271,93,434,59,53,29,170,37,55,270,56,60,120,80,276,58,36,231,234,97,225,40,41,63,171,58,111,249,63,649,47,88,83,35,118,111,60,112,24,325,50,115,45,404,57,119,94,348,42,204,21,94,49,294,80,411,91,515,16,9,159,57,57,227,176,71,56,115,85,265,699,59,110,117,39,71,56,93,113,40,49,115,59,81,55,87,144,33,113,104,21,252,493,61,237,60,95,107,115,47,201,122,27,119,141,223,283,40,24,140,47,86,58,58,27,58,45,259,72,261,402,117,325,192,91,309,25,345,322,206,355,376,390,83,230,129,48,130,110,116,53,444,115,224,41,26,117,237,73,114,109,198,55,49,323,90,19,383,319,57,51,33,32,120,43,393,55,90,303,22,339,210,52,355,20,84,59,266,37,34,201,380,294,472,115,454,231,336,367,55,110,244,271,26,260,484,96,352,58,57,150,24,71,250,64,374,123,112,32,24,298,43,58,33,330,667,74,237,37,360,98,642,158,22,358,86,57,111,89,156,57,244,56,90,55,79
2026-11-12,112,299,75,247,58,122,39,251,171,35,691,169,60,44,30,48,147,57,232,413,20,40,28,289,57,401,209,16,405,89,113,703,48,573,146,236,154,57,80,60,47,39,120,285,45,60,79,248,45,123,49,117,46,76,312,113,116,567,59,73,80,518,20,306,117,57,80,244,47,117,42,49,80,44,57,122,58,49,25,500,237,149,59,59,92,45,90,108,79,115,60,126,60,58,118,89,537,116,57,26,159,736,47,49,57,263,110,387,78,180,39,61,48,50,70,34,78,61,57,44,51,42,419,43,88,24,58,116,242,119,63,529,54,185,48,198,58,14,56,289,200,57,50,20,122,251,15,25,25,56,25,137,320,62,34,41,99,59,352,31,41,90,24,62,429,203,91,121,120,276,62,115,39,44,348,122,40,70,25,59,46,361,242,59,350,10,279,120,59,321,194,14,365,172,253,59,770,87,245,89,50,182,215,275,98,349,43,341,88,55,44,20,50,113,602,652,50,29,60,119,707,617,60,20,231,29,10,174,126,40,51,75,101,358,117,117,275,45,84,80,48,412,189,43,236,50,71,26,520,14,49,118,28,90,62,120,88,115,98,443,171,330,262,39,484,94,97,118,61,217,127,703,122,59,121,57,46,47,60,108,595,778,55,81,46,139,59,39,232,45,327,118,185,499,58,120,41,10,46,44,59,173,114,64,39,75,58,16,47,739,22,383,697,24,227,597,42,119,46,123,24,120,57,57,59,62,45,148,59,59,44,346,99,518,91,216,56,779,117,39,257,349,87,87,75,119,127,257,117,141,51,14,38,59,32,34,110,121,23,31,29,49,33,228,271,91,492,61,57,30,165,37,63,241,63,58,119,81,270,56,40,268,242,101,232,35,43,68,188,60,117,258,56,669,51,81,96,39,123,117,60,126,26,319,46,119,43,458,56,115,100,347,46,227,29,101,49,326,100,438,93,534,16,11,171,59,58,251,213,78,60,119,85,254,726,60,119,108,47,79,60,92,112,44,48,129,57,88,59,102,145,34,117,121,19,255,467,59,220,58,98,121,154,48,204,122,30,114,133,252,279,49,24,149,48,100,61,56,29,60,47,277,68,257,445,118,334,217,85,318,30,329,397,208,380,356,394,90,231,152,52,119,119,114,59,432,121,224,45,30,114,229,77,124,112,211,58,51,302,97,25,351,289,60,59,34,29,122,44,407,59,99,300,27,390,199,63,325,24,98,57,278,35,36,208,380,270,506,114,483,245,362,389,59,118,234,353,29,258,471,114,355,55,59,164,26,73,276,58,373,116,112,30,24,341,57,60,38,349,665,78,226,39,322,103,601,156,21,378,93,58,114,94,158,57,243,56,98,59,89
2026-11-13,132,298,125,302,69,134,40,302,190,42,800,204,68,48,35,61,127,66,270,484,29,59,34,379,67,581,252,14,426,94,129,846,60,742,189,301,149,69,73,66,58,39,141,345,52,66,77,306,46,125,61,133,55,75,377,130,126,639,68,76,64,649,12,380,136,68,92,242,61,141,48,63,74,47,73,138,69,61,20,586,277,174,64,37,114,47,110,134,79,135,64,141,68,68,137,96,630,138,70,20,166,795,60,59,66,299,129,492,73,254,58,62,61,39,78,41,77,70,63,51,60,56,536,51,112,26,70,140,249,134,70,688,63,220,60,229,65,20,66,396,187,66,37,13,131,280,20,25,20,68,17,169,371,67,41,51,118,73,417,37,39,93,25,66,552,226,98,136,135,286,65,130,39,46,378,133,36,42,19,71,48,424,309,65,438,6,307,138,70,380,208,19,400,229,286,69,751,109,297,107,60,190,235,321,139,433,49,362,106,67,46,12,60,124,698,755,37,36,65,142,777,689,67,29,279,33,6,134,139,38,38,76,116,381,133,135,339,46,76,114,46,462,206,45,285,29,82,19,678,13,56,133,39,114,68,129,97,137,88,537,200,389,270,38,587,122,127,131,66,278,133,843,131,67,134,66,49,52,65,88,685,858,68,74,64,102,71,38,316,57,428,132,253,534,68,139,37,6,49,54,65,170,127,69,36,77,69,13,50,822,26,461,836,24,243,745,55,142,49,76,19,132,71,63,64,67,48,151,64,51,47,412,94,671,100,254,64,908,134,39,269,405,70,114,74,129,173,311,131,210,38,14,37,65,35,48,137,144,26,34,36,59,46,217,300,94,521,66,70,26,207,40,63,273,68,65,127,62,282,65,39,308,235,125,258,42,53,92,175,63,128,305,72,777,59,120,96,38,138,123,68,128,18,396,62,138,58,536,67,140,126,355,52,280,40,125,36,367,131,449,98,613,13,6,216,65,62,270,216,79,69,132,116,285,790,67,142,135,50,81,65,94,133,56,63,143,66,115,69,107,179,48,136,139,30,341,554,69,250,64,125,134,161,63,262,138,31,126,147,232,289,49,19,174,49,117,69,66,32,66,39,310,79,296,548,141,402,243,92,361,33,366,444,237,404,374,514,115,277,167,63,132,135,133,67,492,133,249,53,32,136,258,73,134,135,253,70,65,326,131,25,413,410,68,66,48,37,128,44,507,67,101,310,38,384,220,73,400,25,114,64,319,40,38,268,481,359,560,135,545,274,387,467,65,138,255,342,34,310,546,122,422,65,69,127,19,85,317,52,428,139,122,37,19,325,75,70,39,429,791,76,280,38,401,121,759,173,29,452,113,68,140,95,176,66,277,66,126,67,104
2026-11-14,0,0,0,0,0,0,0,0,0,0,0,0,0,0,0,0,0,0,0,0,0,0,0,0,0,0,0,0,0,0,0,0,0,0,0,0,0,0,0,0,0,0,0,0,0,0,0,0,0,0,0,0,0,0,0,0,0,0,0,0,0,0,0,0,0,0,0,0,0,0,0,0,0,0,0,0,0,0,0,0,0,0,0,0,0,0,0,0,0,0,0,0,0,0,0,0,0,0,0,0,0,0,0,0,0,0,0,0,0,0,0,0,0,0,0,0,0,0,0,0,0,0,0,0,0,0,0,0,0,0,0,0,0,0,0,0,0,0,0,0,0,0,0,0,0,0,0,0,0,0,0,0,0,0,0,0,0,0,0,0,0,0,0,0,0,0,0,0,0,0,0,0,0,0,0,0,0,0,0,0,0,0,0,0,0,0,0,0,0,0,0,0,0,0,0,0,0,0,0,0,0,0,0,0,0,0,0,0,0,0,0,0,0,0,0,0,0,0,0,0,0,0,0,0,0,0,0,0,0,0,0,0,0,0,0,0,0,0,0,0,0,0,0,0,0,0,0,0,0,0,0,0,0,0,0,0,0,0,0,0,0,0,0,0,0,0,0,0,0,0,0,0,0,0,0,0,0,0,0,0,0,0,0,0,0,0,0,0,0,0,0,0,0,0,0,0,0,0,0,0,0,0,0,0,0,0,0,0,0,0,0,0,0,0,0,0,0,0,0,0,0,0,0,0,0,0,0,0,0,0,0,0,0,0,0,0,0,0,0,0,0,0,0,0,0,0,0,0,0,0,0,0,0,0,0,0,0,0,0,0,0,0,0,0,0,0,0,0,0,0,0,0,0,0,0,0,0,0,0,0,0,0,0,0,0,0,0,0,0,0,0,0,0,0,0,0,0,0,0,0,0,0,0,0,0,0,0,0,0,0,0,0,0,0,0,0,0,0,0,0,0,0,0,0,0,0,0,0,0,0,0,0,0,0,0,0,0,0,0,0,0,0,0,0,0,0,0,0,0,0,0,0,0,0,0,0,0,0,0,0,0,0,0,0,0,0,0,0,0,0,0,0,0,0,0,0,0,0,0,0,0,0,0,0,0,0,0,0,0,0,0,0,0,0,0,0,0,0,0,0,0,0,0,0,0,0,0,0,0,0,0,0,0,0,0,0,0,0,0,0,0,0,0,0,0,0,0,0,0,0,0,0,0,0,0,0,0,0,0,0,0,0,0,0,0,0,0,0,0,0,0,0,0,0,0,0,0,0,0,0,0,0,0,0,0,0,0,0,0,0,0,0,0,0,0,0,0,0,0,0,0,0,0,0,0,0,0,0,0,0,0,0,0,0,0,0,0,0,0,0
2026-11-15,0,0,0,0,0,0,0,0,0,0,0,0,0,0,0,0,0,0,0,0,0,0,0,0,0,0,0,0,0,0,0,0,0,0,0,0,0,0,0,0,0,0,0,0,0,0,0,0,0,0,0,0,0,0,0,0,0,0,0,0,0,0,0,0,0,0,0,0,0,0,0,0,0,0,0,0,0,0,0,0,0,0,0,0,0,0,0,0,0,0,0,0,0,0,0,0,0,0,0,0,0,0,0,0,0,0,0,0,0,0,0,0,0,0,0,0,0,0,0,0,0,0,0,0,0,0,0,0,0,0,0,0,0,0,0,0,0,0,0,0,0,0,0,0,0,0,0,0,0,0,0,0,0,0,0,0,0,0,0,0,0,0,0,0,0,0,0,0,0,0,0,0,0,0,0,0,0,0,0,0,0,0,0,0,0,0,0,0,0,0,0,0,0,0,0,0,0,0,0,0,0,0,0,0,0,0,0,0,0,0,0,0,0,0,0,0,0,0,0,0,0,0,0,0,0,0,0,0,0,0,0,0,0,0,0,0,0,0,0,0,0,0,0,0,0,0,0,0,0,0,0,0,0,0,0,0,0,0,0,0,0,0,0,0,0,0,0,0,0,0,0,0,0,0,0,0,0,0,0,0,0,0,0,0,0,0,0,0,0,0,0,0,0,0,0,0,0,0,0,0,0,0,0,0,0,0,0,0,0,0,0,0,0,0,0,0,0,0,0,0,0,0,0,0,0,0,0,0,0,0,0,0,0,0,0,0,0,0,0,0,0,0,0,0,0,0,0,0,0,0,0,0,0,0,0,0,0,0,0,0,0,0,0,0,0,0,0,0,0,0,0,0,0,0,0,0,0,0,0,0,0,0,0,0,0,0,0,0,0,0,0,0,0,0,0,0,0,0,0,0,0,0,0,0,0,0,0,0,0,0,0,0,0,0,0,0,0,0,0,0,0,0,0,0,0,0,0,0,0,0,0,0,0,0,0,0,0,0,0,0,0,0,0,0,0,0,0,0,0,0,0,0,0,0,0,0,0,0,0,0,0,0,0,0,0,0,0,0,0,0,0,0,0,0,0,0,0,0,0,0,0,0,0,0,0,0,0,0,0,0,0,0,0,0,0,0,0,0,0,0,0,0,0,0,0,0,0,0,0,0,0,0,0,0,0,0,0,0,0,0,0,0,0,0,0,0,0,0,0,0,0,0,0,0,0,0,0,0,0,0,0,0,0,0,0,0,0,0,0,0,0,0,0,0,0,0,0,0,0,0,0,0,0,0,0,0,0,0,0,0,0,0,0,0,0,0,0,0,0,0,0,0,0,0,0,0,0,0,0,0,0,0,0,0,0,0,0,0,0,0
2026-11-16,93,218,71,184,47,103,31,211,139,27,597,151,48,38,27,39,104,49,193,354,17,32,22,255,48,353,187,10,336,74,88,622,39,529,126,217,123,48,62,46,38,31,98,237,39,49,65,212,36,99,39,98,37,60,261,92,100,454,47,59,66,415,17,243,97,49,74,190,37,98,35,39,60,36,50,93,49,39,20,414,208,121,49,53,78,36,73,101,66,92,46,100,45,49,99,68,461,89,51,19,119,544,40,39,50,212,89,312,62,161,36,49,42,35,55,27,61,48,42,37,38,38,363,38,75,20,51,101,197,92,48,467,46,147,39,163,47,11,47,245,152,46,38,19,103,197,13,22,19,48,19,107,234,45,27,38,74,47,265,26,28,69,21,46,343,158,72,97,94,213,47,99,30,35,277,95,31,63,20,48,37,278,184,50,305,9,212,97,48,240,142,12,305,152,216,51,595,75,208,74,41,135,177,216,88,321,37,268,71,49,36,18,39,97,435,519,36,26,48,96,570,504,49,18,198,22,9,128,93,31,37,61,80,301,96,96,228,36,59,68,36,335,157,36,183,46,53,19,419,10,38,98,24,78,46,94,71,94,71,367,145,279,217,29,425,75,75,94,46,165,95,582,99,48,96,48,38,37,49,86,521,638,46,61,39,110,49,31,191,37,284,95,162,378,46,99,32,9,37,40,47,135,97,48,32,65,49,10,46,622,21,315,634,20,167,487,39,94,37,106,19,99,50,43,51,48,37,114,46,39,36,293,72,441,77,179,49,649,100,30,205,285,62,71,65,99,102,213,91,122,39,10,28,48,27,29,95,94,22,26,25,40,29,182,227,71,384,49,47,20,131,28,48,217,49,48,99,61,228,48,31,226,199,77,175,26,39,59,148,47,96,201,50,536,41,73,72,33,99,97,50,96,19,292,41,98,35,371,48,97,80,277,41,172,23,74,40,257,84,357,68,418,10,9,149,47,49,187,177,67,51,96,77,218,586,47,92,99,41,56,48,75,97,40,38,95,46,74,47,94,128,28,104,101,17,229,399,55,193,44,80,97,138,37,179,96,23,95,116,187,218,42,19,131,36,79,48,48,23,46,31,212,53,212,333,93,276,190,75,243,23,269,300,172,305,278,307,77,181,120,37,105,94,96,52,328,87,185,42,22,97,188,66,92,97,170,48,40,254,83,22,290,243,46,44,28,27,99,36,346,51,100,262,24,302,172,49,260,21,82,48,227,27,31,165,314,224,403,93,396,205,289,292,48,97,195,300,22,214,391,97,289,50,45,115,19,54,235,41,305,96,98,24,20,240,46,49,33,297,581,64,183,30,297,77,516,126,18,340,74,46,92,74,133,50,190,49,74,49,78
2026-11-17,120,274,104,278,61,125,37,265,161,39,760,165,57,45,31,57,154,61,246,410,26,51,29,317,60,524,209,14,399,93,127,749,58,631,159,256,136,65,72,59,58,33,128,335,46,62,71,280,44,117,61,125,45,72,335,120,110,614,60,72,63,620,8,359,118,58,73,216,56,119,46,55,75,44,59,129,64,58,19,565,261,189,62,21,112,47,93,122,74,125,66,115,62,63,120,86,628,117,59,19,160,769,57,57,62,283,121,447,71,216,50,58,56,37,83,39,72,60,63,44,59,46,454,49,94,21,63,125,244,122,62,566,61,207,55,207,61,16,59,353,167,63,39,8,126,265,16,22,19,61,20,166,364,61,40,48,109,62,376,30,36,93,21,57,491,216,89,118,114,272,59,119,36,46,348,125,35,28,19,62,45,365,263,64,405,4,262,121,60,345,201,16,372,194,281,62,703,95,274,99,58,194,213,290,109,379,43,343,88,61,41,8,57,126,661,679,36,28,62,123,683,669,62,26,256,30,4,142,126,37,36,71,120,405,120,118,313,46,72,106,44,452,193,43,233,20,81,19,602,15,56,117,32,93,62,119,85,123,85,525,181,330,261,37,481,112,116,116,62,262,125,806,124,67,120,65,46,43,62,89,665,769,61,72,58,98,56,34,272,47,362,127,205,489,58,126,36,4,43,46,63,155,126,60,35,70,61,14,40,791,19,373,791,20,223,585,46,126,44,46,18,124,63,57,66,61,46,140,64,57,44,343,108,569,96,230,61,796,122,35,247,368,75,93,68,124,144,273,122,178,37,16,36,62,30,40,117,129,21,31,32,57,43,200,260,90,477,61,59,31,199,40,58,243,62,60,120,62,279,60,37,282,231,110,259,40,44,82,152,65,116,260,64,719,56,106,89,36,125,126,61,115,18,369,55,122,50,477,61,115,117,328,38,251,32,109,37,294,114,432,90,533,15,4,170,60,58,260,187,69,61,120,93,281,753,63,125,130,43,69,62,89,123,45,58,143,60,92,63,85,150,45,124,123,26,272,499,62,232,61,107,123,123,58,217,119,32,124,131,217,264,39,19,150,47,103,63,59,32,60,44,275,81,268,508,124,342,206,90,325,30,343,414,208,389,364,427,87,243,138,57,115,119,123,58,448,124,227,45,30,123,240,67,123,113,236,60,57,315,116,20,370,392,61,60,43,29,114,45,428,61,84,287,32,342,185,62,346,20,110,62,341,40,35,248,437,357,524,119,503,247,370,462,62,119,242,270,30,275,478,97,370,60,61,126,19,82,302,63,397,121,95,31,19,297,65,62,35,371,698,68,283,35,339,117,698,149,25,389,96,61,123,91,164,63,270,62,113,61,94
2026-11-18,98,246,85,242,49,95,27,224,133,32,601,152,53,38,27,45,107,51,174,365,23,47,21,269,50,381,194,11,339,76,104,639,42,533,128,215,110,49,55,49,45,27,98,262,37,52,55,224,39,99,43,99,38,55,293,101,102,516,49,54,52,465,10,305,107,52,58,161,42,105,41,45,54,38,52,102,53,44,16,416,206,144,50,29,91,40,77,99,55,100,48,100,50,51,101,75,495,100,51,15,134,590,44,47,48,239,90,365,55,140,46,53,43,30,67,35,52,52,41,40,45,39,377,40,81,17,51,95,179,100,53,470,43,174,45,185,50,10,50,277,128,48,32,10,103,213,11,16,16,50,16,139,298,50,33,39,90,49,322,28,25,80,16,49,371,183,82,105,98,214,50,97,27,40,318,96,26,35,16,46,37,313,211,50,322,5,199,95,48,268,139,10,320,155,193,49,597,78,222,76,45,152,186,231,79,313,40,268,79,51,39,9,43,102,530,584,31,29,49,102,533,542,50,23,203,23,5,107,95,27,34,57,86,305,101,98,243,38,54,91,38,308,154,41,190,25,66,15,488,11,44,104,23,79,49,100,78,95,82,429,168,280,206,27,426,93,89,101,52,191,96,640,102,47,102,50,39,37,48,77,540,631,49,52,46,88,53,27,215,40,288,93,178,417,51,108,27,5,43,40,49,121,101,50,27,54,52,11,31,617,15,325,651,16,174,500,38,100,40,61,17,92,50,44,50,48,37,121,48,44,40,301,77,477,80,195,52,707,95,27,206,295,61,72,52,95,123,231,89,151,31,11,26,47,27,33,98,101,16,28,28,47,33,152,219,79,381,48,48,24,159,34,50,219,50,49,94,55,245,49,28,240,166,88,208,34,40,65,117,49,93,204,60,589,47,91,81,27,100,96,50,104,16,285,45,105,46,397,51,99,89,283,31,207,22,95,32,261,80,369,77,419,10,5,155,53,50,205,140,53,53,101,82,246,600,50,97,98,32,55,47,76,100,40,44,105,51,75,51,74,126,35,95,96,23,228,417,55,197,50,90,102,98,46,201,101,22,91,123,168,250,32,16,125,39,80,50,50,21,51,35,228,63,223,401,98,290,178,78,264,21,275,304,184,327,322,363,78,192,109,43,114,104,102,53,372,99,190,37,22,100,198,53,101,96,185,49,45,270,95,16,317,316,50,44,35,28,101,38,358,51,65,257,22,255,181,52,290,16,78,49,257,34,26,186,354,288,438,100,409,210,296,354,52,101,195,214,23,236,394,74,289,49,52,103,16,69,238,42,320,102,93,28,16,223,43,49,27,300,601,54,232,26,303,97,564,134,23,336,78,49,97,76,146,48,216,52,88,51,77
2026-11-19,96,211,92,226,48,100,24,199,137,31,590,146,47,38,26,43,78,47,173,374,24,43,21,272,48,405,183,8,307,71,93,579,43,506,128,218,95,47,47,46,46,26,94,251,40,47,51,211,38,97,42,94,41,46,262,91,96,472,49,48,40,459,8,272,92,48,61,151,43,98,34,43,48,32,46,95,48,44,12,405,201,129,48,25,85,35,78,93,48,92,47,99,47,47,97,70,474,94,49,13,128,602,42,44,49,213,80,339,47,152,45,46,43,25,63,30,49,48,38,35,43,37,379,35,77,16,47,95,167,93,47,480,41,160,45,176,48,12,46,296,114,47,23,8,91,193,12,16,12,45,12,120,255,48,30,40,84,48,286,27,24,70,16,48,385,159,72,95,98,209,46,96,23,34,285,95,24,28,13,48,35,276,199,47,299,4,176,94,47,278,133,12,294,162,192,46,528,77,208,81,43,138,170,214,86,316,35,264,76,48,35,8,41,98,491,513,23,27,46,102,504,511,45,23,188,20,4,82,95,25,24,49,84,281,98,98,213,36,49,89,36,277,148,34,173,19,63,12,455,8,43,99,24,83,45,95,69,89,70,404,140,250,204,24,434,90,88,90,45,203,94,623,94,47,95,47,34,36,47,57,499,583,47,49,42,64,45,25,205,39,294,99,177,360,46,83,25,4,36,38,49,106,95,48,25,48,46,7,32,587,16,338,576,16,180,502,41,99,35,48,13,92,46,44,48,46,34,108,46,31,36,280,56,511,79,179,45,637,99,24,199,290,44,83,45,95,133,217,93,160,24,8,24,46,27,34,86,95,16,27,27,45,36,140,203,69,347,48,46,17,148,30,49,192,45,48,93,38,198,47,23,228,148,85,194,32,37,70,101,49,94,203,52,575,41,94,70,25,94,98,45,96,12,254,43,93,46,324,49,100,90,272,33,204,24,84,23,231,80,337,70,404,8,4,159,48,48,192,145,49,47,93,82,224,569,45,98,93,34,46,45,69,96,42,43,87,48,79,48,71,125,35,102,94,24,243,407,53,197,46,84,90,96,41,191,97,20,98,108,148,218,32,12,124,35,72,45,48,20,44,26,204,63,211,359,92,299,154,72,264,20,265,274,192,293,275,339,79,183,101,43,107,93,96,45,345,91,179,39,21,96,178,46,95,93,175,45,42,243,87,16,266,325,46,39,36,27,88,35,375,48,67,235,25,232,173,47,295,16,73,47,243,32,25,199,320,302,395,87,390,196,289,336,46,93,188,223,20,208,376,72,290,48,48,80,12,61,222,31,300,100,86,25,12,205,49,44,25,272,566,47,195,23,253,81,497,122,23,338,77,46,100,70,129,48,198,47,89,45,77
2026-11-20,102,221,52,201,49,103,37,203,123,30,577,131,47,33,19,41,148,49,188,309,13,26,29,232,47,351,134,15,319,66,98,592,41,476,116,200,139,50,70,48,43,37,99,261,33,48,75,223,34,97,42,97,34,73,250,96,96,442,48,75,68,483,12,252,95,48,73,219,45,91,32,43,72,34,51,98,51,43,20,439,210,131,46,38,88,34,69,93,71,100,51,98,47,49,98,67,421,97,46,21,115,567,44,45,48,206,123,341,73,201,26,46,45,42,52,27,72,48,63,32,41,33,337,33,70,21,48,102,236,99,47,429,64,171,41,146,49,15,49,244,180,48,39,12,99,214,15,21,22,53,20,106,246,50,27,35,82,49,311,19,37,74,21,49,361,161,66,98,100,228,48,91,35,33,306,103,36,41,21,51,33,309,200,50,296,6,261,99,49,270,203,16,281,136,205,53,575,68,218,70,42,142,166,226,107,276,34,270,68,48,35,12,45,102,469,542,41,19,49,100,624,499,50,13,217,30,6,143,106,35,44,75,88,292,97,97,245,34,76,52,34,422,159,33,182,30,57,20,459,15,42,102,29,69,49,102,69,95,69,350,141,284,208,34,381,86,83,100,49,182,99,595,99,51,89,47,33,35,50,102,525,617,47,72,44,103,50,36,196,31,276,95,156,440,48,99,35,6,36,35,51,166,97,50,37,69,52,15,44,639,21,279,647,21,180,450,34,90,32,70,21,99,48,58,51,44,37,103,49,61,35,240,105,430,69,193,49,604,95,36,217,301,76,70,70,97,98,220,94,113,42,16,36,49,19,29,104,96,20,19,19,42,29,213,201,65,371,48,49,31,121,28,48,199,51,49,96,70,199,51,37,215,229,88,196,28,33,55,157,52,97,206,38,636,43,52,67,34,100,97,50,98,22,273,44,103,26,388,48,94,86,200,41,186,30,83,43,261,103,361,66,459,15,6,131,45,50,197,197,75,49,99,70,201,603,47,98,101,40,70,50,70,97,36,42,133,50,64,48,94,109,29,95,94,14,211,383,36,145,51,81,106,135,42,133,97,31,100,113,211,217,42,21,118,35,102,49,48,30,50,47,209,55,213,360,94,252,179,67,264,29,256,412,128,305,269,316,66,204,147,40,75,97,99,46,338,101,190,35,29,98,178,71,101,100,184,49,43,233,83,20,338,184,50,61,28,17,96,33,316,51,93,243,31,328,131,51,285,21,112,49,235,28,35,183,337,171,381,99,402,212,285,332,49,96,179,306,29,228,404,90,318,51,49,131,21,54,221,60,316,102,73,18,20,317,54,54,38,305,567,74,183,35,267,83,563,132,13,337,65,49,94,67,116,46,208,49,85,49,71
2026-11-21,0,0,0,0,0,0,0,0,0,0,0,0,0,0,0,0,0,0,0,0,0,0,0,0,0,0,0,0,0,0,0,0,0,0,0,0,0,0,0,0,0,0,0,0,0,0,0,0,0,0,0,0,0,0,0,0,0,0,0,0,0,0,0,0,0,0,0,0,0,0,0,0,0,0,0,0,0,0,0,0,0,0,0,0,0,0,0,0,0,0,0,0,0,0,0,0,0,0,0,0,0,0,0,0,0,0,0,0,0,0,0,0,0,0,0,0,0,0,0,0,0,0,0,0,0,0,0,0,0,0,0,0,0,0,0,0,0,0,0,0,0,0,0,0,0,0,0,0,0,0,0,0,0,0,0,0,0,0,0,0,0,0,0,0,0,0,0,0,0,0,0,0,0,0,0,0,0,0,0,0,0,0,0,0,0,0,0,0,0,0,0,0,0,0,0,0,0,0,0,0,0,0,0,0,0,0,0,0,0,0,0,0,0,0,0,0,0,0,0,0,0,0,0,0,0,0,0,0,0,0,0,0,0,0,0,0,0,0,0,0,0,0,0,0,0,0,0,0,0,0,0,0,0,0,0,0,0,0,0,0,0,0,0,0,0,0,0,0,0,0,0,0,0,0,0,0,0,0,0,0,0,0,0,0,0,0,0,0,0,0,0,0,0,0,0,0,0,0,0,0,0,0,0,0,0,0,0,0,0,0,0,0,0,0,0,0,0,0,0,0,0,0,0,0,0,0,0,0,0,0,0,0,0,0,0,0,0,0,0,0,0,0,0,0,0,0,0,0,0,0,0,0,0,0,0,0,0,0,0,0,0,0,0,0,0,0,0,0,0,0,0,0,0,0,0,0,0,0,0,0,0,0,0,0,0,0,0,0,0,0,0,0,0,0,0,0,0,0,0,0,0,0,0,0,0,0,0,0,0,0,0,0,0,0,0,0,0,0,0,0,0,0,0,0,0,0,0,0,0,0,0,0,0,0,0,0,0,0,0,0,0,0,0,0,0,0,0,0,0,0,0,0,0,0,0,0,0,0,0,0,0,0,0,0,0,0,0,0,0,0,0,0,0,0,0,0,0,0,0,0,0,0,0,0,0,0,0,0,0,0,0,0,0,0,0,0,0,0,0,0,0,0,0,0,0,0,0,0,0,0,0,0,0,0,0,0,0,0,0,0,0,0,0,0,0,0,0,0,0,0,0,0,0,0,0,0,0,0,0,0,0,0,0,0,0,0,0,0,0,0,0,0,0,0,0,0,0,0,0,0,0,0,0,0,0,0,0,0,0,0,0,0,0,0,0,0,0,0,0,0,0,0,0,0,0,0,0,0,0,0,0,0,0,0,0,0,0,0,0,0
2026-11-22,0,0,0,0,0,0,0,0,0,0,0,0,0,0,0,0,0,0,0,0,0,0,0,0,0,0,0,0,0,0,0,0,0,0,0,0,0,0,0,0,0,0,0,0,0,0,0,0,0,0,0,0,0,0,0,0,0,0,0,0,0,0,0,0,0,0,0,0,0,0,0,0,0,0,0,0,0,0,0,0,0,0,0,0,0,0,0,0,0,0,0,0,0,0,0,0,0,0,0,0,0,0,0,0,0,0,0,0,0,0,0,0,0,0,0,0,0,0,0,0,0,0,0,0,0,0,0,0,0,0,0,0,0,0,0,0,0,0,0,0,0,0,0,0,0,0,0,0,0,0,0,0,0,0,0,0,0,0,0,0,0,0,0,0,0,0,0,0,0,0,0,0,0,0,0,0,0,0,0,0,0,0,0,0,0,0,0,0,0,0,0,0,0,0,0,0,0,0,0,0,0,0,0,0,0,0,0,0,0,0,0,0,0,0,0,0,0,0,0,0,0,0,0,0,0,0,0,0,0,0,0,0,0,0,0,0,0,0,0,0,0,0,0,0,0,0,0,0,0,0,0,0,0,0,0,0,0,0,0,0,0,0,0,0,0,0,0,0,0,0,0,0,0,0,0,0,0,0,0,0,0,0,0,0,0,0,0,0,0,0,0,0,0,0,0,0,0,0,0,0,0,0,0,0,0,0,0,0,0,0,0,0,0,0,0,0,0,0,0,0,0,0,0,0,0,0,0,0,0,0,0,0,0,0,0,0,0,0,0,0,0,0,0,0,0,0,0,0,0,0,0,0,0,0,0,0,0,0,0,0,0,0,0,0,0,0,0,0,0,0,0,0,0,0,0,0,0,0,0,0,0,0,0,0,0,0,0,0,0,0,0,0,0,0,0,0,0,0,0,0,0,0,0,0,0,0,0,0,0,0,0,0,0,0,0,0,0,0,0,0,0,0,0,0,0,0,0,0,0,0,0,0,0,0,0,0,0,0,0,0,0,0,0,0,0,0,0,0,0,0,0,0,0,0,0,0,0,0,0,0,0,0,0,0,0,0,0,0,0,0,0,0,0,0,0,0,0,0,0,0,0,0,0,0,0,0,0,0,0,0,0,0,0,0,0,0,0,0,0,0,0,0,0,0,0,0,0,0,0,0,0,0,0,0,0,0,0,0,0,0,0,0,0,0,0,0,0,0,0,0,0,0,0,0,0,0,0,0,0,0,0,0,0,0,0,0,0,0,0,0,0,0,0,0,0,0,0,0,0,0,0,0,0,0,0,0,0,0,0,0,0,0,0,0,0,0,0,0,0,0,0,0,0,0,0,0,0,0,0,0,0,0,0,0,0,0,0,0,0,0
2026-11-23,115,279,89,245,58,118,36,246,153,35,726,188,58,45,31,50,129,59,232,407,21,45,27,325,55,451,218,13,407,91,121,757,50,646,157,265,140,60,77,58,52,37,115,308,44,61,69,280,43,111,54,119,47,73,323,122,113,556,59,70,73,522,17,317,120,61,86,235,53,116,41,51,76,45,57,116,61,49,22,494,254,148,56,62,95,45,96,111,71,117,59,113,60,56,108,89,532,112,59,22,160,711,50,51,55,246,107,394,76,194,47,63,48,42,69,33,73,57,57,43,49,45,438,47,94,24,61,121,241,116,57,554,56,186,52,213,56,15,67,303,166,58,46,20,118,245,15,24,22,62,22,144,292,56,34,46,102,59,363,31,37,90,24,60,443,189,87,116,110,267,60,111,38,43,333,115,37,66,22,58,44,342,244,56,380,9,258,118,58,327,179,15,378,185,246,56,699,88,257,91,53,165,219,283,110,374,44,340,102,63,44,19,51,119,551,650,44,32,57,115,612,634,60,22,240,30,9,160,116,35,46,73,105,391,119,125,275,44,70,82,43,406,186,44,215,45,68,22,573,13,53,125,31,94,59,122,86,115,83,427,181,327,255,38,487,104,95,124,59,213,118,704,113,59,113,60,45,46,60,99,644,803,63,73,54,120,56,37,248,49,373,119,195,493,61,120,38,9,40,44,59,161,116,60,38,74,58,12,44,739,25,392,774,26,218,603,46,122,43,107,22,117,59,55,58,58,44,144,53,52,46,341,90,558,95,230,54,778,120,37,255,355,78,92,77,126,136,259,118,167,43,13,40,60,30,37,126,114,25,30,32,50,38,215,259,86,472,59,56,26,167,36,59,251,61,57,119,76,271,59,36,287,233,102,232,36,45,75,164,59,110,251,61,648,49,95,88,38,114,113,57,118,22,333,52,120,42,480,61,126,101,331,46,224,29,102,46,304,106,447,92,505,13,9,170,58,60,244,211,72,62,117,94,285,694,60,118,114,49,71,58,85,109,46,50,131,59,87,61,113,155,36,120,116,23,288,480,65,230,63,95,118,158,50,209,121,29,126,135,243,271,44,23,158,44,102,61,56,29,61,37,297,70,257,447,126,325,196,87,312,28,339,388,227,384,349,412,97,242,148,49,129,116,126,59,416,118,226,41,29,120,213,74,117,117,225,56,53,309,103,23,375,315,57,56,36,30,117,43,446,57,105,297,29,351,210,59,351,24,101,58,277,37,40,207,378,288,495,122,500,260,340,384,58,112,239,345,28,261,489,112,363,60,59,131,21,69,285,51,384,118,112,28,22,290,63,58,37,349,678,72,211,39,356,101,619,152,23,400,98,61,119,89,156,55,234,59,102,58,91
2026-11-24,148,356,112,307,77,145,48,322,207,45,945,226,79,60,38,65,178,78,294,544,28,54,37,416,73,553,277,18,534,109,153,944,65,819,198,357,189,79,98,76,64,48,148,390,60,79,97,365,54,158,66,152,60,98,413,161,151,722,73,94,96,656,23,404,156,74,115,302,70,155,56,67,96,56,73,156,78,64,28,637,331,195,75,65,125,59,116,144,98,153,74,155,79,77,161,105,722,147,74,28,192,935,64,65,76,357,146,502,98,262,53,73,66,61,92,45,94,73,70,55,66,60,572,56,126,32,78,146,306,151,79,769,80,233,69,260,74,20,77,428,244,76,54,21,159,314,20,31,28,74,29,174,385,75,47,58,129,76,462,41,50,114,31,76,559,254,115,160,154,348,81,154,48,58,463,145,47,81,28,78,59,471,290,77,496,11,342,138,78,392,249,19,474,241,319,78,907,116,350,123,62,222,258,340,132,473,52,423,111,73,54,23,63,144,768,838,54,37,76,142,861,790,78,30,309,36,10,205,152,50,57,91,138,445,151,151,381,56,97,117,56,516,236,55,297,53,90,27,734,16,65,149,40,117,76,154,117,155,114,544,233,422,343,49,650,131,121,157,76,291,150,851,150,76,157,74,54,54,80,132,821,946,79,97,65,153,74,50,318,60,462,147,254,592,75,152,50,12,57,65,70,204,152,76,46,99,72,16,64,962,30,466,1001,32,284,791,61,155,54,133,26,150,78,76,75,76,57,175,77,74,57,414,112,715,119,303,84,1007,158,49,298,476,98,127,95,150,164,345,150,212,56,17,47,72,38,48,162,150,31,40,37,64,50,275,332,121,597,82,80,34,203,46,73,327,81,74,149,102,330,74,50,352,305,129,319,45,59,102,216,76,159,326,76,883,65,116,112,49,157,150,73,159,27,454,67,156,55,592,78,154,127,403,65,287,42,136,57,392,131,537,121,660,18,11,246,77,76,324,269,96,79,158,113,341,946,80,152,151,62,103,75,117,154,57,65,161,74,110,76,134,210,48,156,164,27,344,650,73,268,77,134,155,188,66,278,156,36,159,180,289,327,64,27,190,58,134,73,76,37,74,51,342,91,344,567,153,418,274,109,422,38,412,491,272,490,417,495,118,305,195,65,158,149,154,80,522,153,276,58,38,142,277,97,169,158,268,76,65,383,132,29,479,389,78,73,47,37,149,58,535,70,129,394,42,452,272,74,437,33,146,78,378,45,49,288,513,366,658,144,655,313,479,505,75,160,318,420,36,346,592,143,461,75,75,190,27,89,354,65,492,154,141,41,27,430,79,74,49,449,864,103,300,51,441,135,832,193,28,510,113,74,153,110,209,80,311,73,121,75,118
2026-11-25,110,193,57,173,54,98,38,216,164,24,635,164,52,44,22,45,95,55,214,381,14,30,31,327,53,444,160,9,373,63,104,656,45,635,158,234,151,53,74,52,44,37,101,263,47,56,78,233,32,106,45,106,43,77,288,111,105,390,56,74,62,450,16,275,111,51,110,247,47,105,29,45,73,31,52,106,52,43,17,432,230,101,54,47,95,31,90,107,75,106,49,106,58,52,105,64,376,105,52,17,115,657,46,42,51,177,119,349,77,287,30,52,47,35,52,23,78,56,64,31,45,43,388,32,80,28,52,106,255,112,50,523,60,161,46,188,52,21,52,298,191,52,35,17,102,224,21,28,16,51,17,103,208,53,24,44,91,47,296,23,37,64,29,54,392,141,64,104,103,247,53,111,38,33,329,107,39,53,16,51,32,323,225,52,335,8,302,107,54,278,206,22,299,166,227,52,650,82,223,90,44,122,187,228,144,335,33,313,87,51,31,16,44,104,561,602,33,23,54,106,598,540,54,14,202,30,9,125,104,38,33,74,87,310,107,101,258,32,75,58,31,422,134,31,181,38,50,18,487,9,42,111,40,80,54,113,65,105,58,327,137,320,228,37,481,89,96,110,55,199,107,672,105,55,104,55,31,32,54,82,609,659,52,74,43,93,52,35,206,47,338,106,206,436,53,107,40,8,32,45,52,163,106,50,37,71,52,9,60,694,28,379,707,29,198,561,42,110,32,89,18,106,53,60,54,53,33,107,54,37,33,323,62,555,85,201,53,740,117,38,207,346,60,89,77,111,124,231,109,135,33,9,37,53,24,36,99,103,30,22,22,44,37,231,216,65,413,56,53,18,120,24,53,181,51,55,112,62,202,54,38,277,264,91,221,23,43,72,169,52,103,224,45,638,45,58,63,40,103,106,54,103,17,317,44,105,30,417,50,100,88,268,55,202,44,86,34,275,150,421,64,468,9,8,166,55,55,224,252,78,55,110,95,199,664,54,102,115,57,76,54,65,113,44,44,143,54,89,55,112,141,37,107,110,16,295,412,45,163,52,87,111,191,47,159,105,31,101,109,223,187,61,17,150,31,108,53,52,29,52,28,251,48,224,385,111,321,199,60,280,30,277,420,154,322,244,349,88,211,161,45,93,108,103,53,320,107,195,46,30,102,150,79,112,103,195,52,47,232,81,31,337,197,52,61,37,22,104,30,400,50,128,211,41,343,159,54,296,31,111,53,278,24,37,182,355,195,441,101,443,213,315,355,53,101,202,420,29,253,406,145,335,53,55,108,17,52,251,35,352,101,85,25,17,320,82,52,38,314,624,78,153,37,238,80,587,118,15,360,92,55,107,65,112,56,203,51,89,51,89
2026-11-26,104,257,81,217,54,109,36,235,152,33,693,170,53,45,29,47,125,58,216,399,21,40,28,313,55,388,200,12,354,77,116,669,49,596,150,247,138,57,70,55,48,35,108,267,44,54,75,245,40,114,49,110,44,71,305,107,113,517,51,74,70,514,16,293,112,57,88,213,46,106,42,47,72,40,57,110,54,49,20,438,241,143,57,47,91,40,85,112,67,110,57,105,56,57,112,79,496,112,56,19,143,659,50,48,56,229,102,372,69,203,40,55,49,43,64,34,69,54,52,41,47,44,394,41,94,22,55,110,239,109,55,502,55,164,48,179,52,15,55,325,169,53,40,17,113,224,15,23,21,53,20,119,277,55,32,42,92,54,300,29,37,80,22,56,391,186,81,114,110,245,50,105,33,40,335,108,34,58,20,53,39,354,216,53,341,9,244,111,57,288,166,16,371,163,237,55,650,85,227,88,47,169,186,239,107,345,40,286,91,57,40,16,47,108,570,594,41,28,56,111,632,582,55,20,230,28,8,138,117,34,42,71,95,341,112,112,278,39,70,84,41,379,167,38,219,39,58,21,524,12,47,103,30,87,56,106,77,118,80,424,159,335,247,34,507,96,92,108,56,212,109,666,109,57,107,56,37,40,55,88,609,690,56,67,53,112,52,35,229,45,309,114,194,437,53,107,35,8,41,44,55,164,107,53,33,71,55,12,49,709,22,343,711,22,211,547,39,114,40,101,21,104,55,53,53,56,39,137,58,49,40,296,84,564,90,204,55,737,113,35,240,335,72,86,70,112,130,267,114,142,38,13,34,57,28,34,114,112,23,30,30,50,36,207,260,80,417,56,58,23,150,32,54,225,54,55,110,65,215,56,34,248,216,96,220,31,42,69,158,57,113,236,56,680,45,80,78,37,120,112,57,113,20,316,46,112,41,442,55,107,88,301,48,204,31,94,40,284,105,401,83,447,11,8,163,54,57,235,211,70,58,104,85,243,695,57,106,116,48,72,56,82,105,42,45,117,54,92,54,97,133,36,109,116,19,252,462,57,200,54,87,109,142,47,196,102,28,111,125,206,246,44,20,144,38,97,52,52,26,59,36,257,61,256,393,117,317,190,80,293,27,309,369,181,362,329,355,84,226,144,46,118,108,102,54,368,112,202,40,27,110,196,74,115,113,197,54,49,283,94,24,332,266,59,54,35,29,111,39,406,54,97,283,30,323,173,55,309,23,101,56,261,32,34,195,371,278,479,106,451,232,323,380,56,109,221,311,27,261,446,112,330,56,54,124,20,66,266,49,349,107,100,27,20,292,58,54,36,320,639,72,213,32,316,98,631,140,21,371,81,57,109,78,136,55,233,54,94,54,90
2026-11-27,103,222,81,194,51,104,30,205,152,30,626,160,48,42,28,46,92,52,195,381,20,44,26,297,53,435,196,10,344,71,101,654,44,603,149,229,135,53,60,50,47,30,105,260,41,56,62,219,35,98,43,103,42,63,263,104,102,471,57,67,56,438,14,283,108,54,86,209,43,108,36,44,65,38,52,107,54,43,15,419,221,127,55,41,89,35,87,108,64,105,52,102,54,52,108,74,443,98,50,15,131,630,45,47,53,197,101,363,63,206,43,51,44,30,58,29,66,51,45,33,46,44,416,36,88,22,50,106,213,106,52,517,50,169,45,195,52,15,51,316,156,53,31,14,99,220,16,24,16,53,17,118,260,51,30,40,91,53,287,27,30,74,23,55,399,170,72,103,100,232,51,102,32,36,326,103,33,47,15,52,34,316,233,51,328,7,238,104,53,288,161,17,337,168,219,52,634,84,229,88,43,143,191,237,106,331,34,300,90,52,34,13,44,111,529,613,32,26,52,103,577,554,52,20,208,26,7,109,101,32,33,65,94,297,104,106,238,33,63,86,36,377,154,37,201,35,58,16,494,9,45,100,33,82,52,102,71,110,75,384,154,284,219,32,486,89,91,110,51,198,103,685,107,52,104,53,38,38,52,73,579,702,51,67,45,93,53,34,221,45,331,96,190,422,53,99,33,7,35,43,54,141,110,53,33,68,52,9,46,658,24,369,647,24,199,560,41,106,37,83,16,106,52,50,55,52,37,109,52,36,37,330,63,544,84,207,52,740,96,30,217,318,57,82,63,101,126,226,101,136,30,9,33,50,27,34,95,101,23,25,27,47,36,193,236,73,404,52,53,18,147,29,54,199,56,52,104,56,220,53,32,260,202,87,215,29,43,70,143,50,109,224,54,605,48,76,68,33,97,104,54,109,16,312,45,103,40,413,53,101,88,293,47,205,32,92,33,268,108,395,73,453,9,7,165,51,52,220,214,65,51,105,84,230,609,51,98,102,44,63,54,70,108,42,45,126,50,84,50,99,140,37,101,104,20,260,440,56,192,51,94,101,149,45,181,104,23,102,115,181,220,46,16,152,34,85,51,54,25,51,28,245,58,236,382,103,324,199,76,275,25,299,351,178,333,291,373,85,189,138,44,107,101,97,51,360,104,185,43,24,106,181,61,105,105,193,52,44,260,94,23,311,289,53,51,35,26,102,35,376,54,105,231,32,305,173,51,303,22,91,48,249,30,33,185,361,263,435,106,440,204,324,363,52,103,202,299,25,249,405,106,318,55,55,100,17,60,228,37,345,100,95,28,16,250,62,50,33,314,623,68,191,30,274,87,605,118,19,356,85,50,102,80,121,51,224,53,90,54,84
2026-11-28,0,0,0,0,0,0,0,0,0,0,0,0,0,0,0,0,0,0,0,0,0,0,0,0,0,0,0,0,0,0,0,0,0,0,0,0,0,0,0,0,0,0,0,0,0,0,0,0,0,0,0,0,0,0,0,0,0,0,0,0,0,0,0,0,0,0,0,0,0,0,0,0,0,0,0,0,0,0,0,0,0,0,0,0,0,0,0,0,0,0,0,0,0,0,0,0,0,0,0,0,0,0,0,0,0,0,0,0,0,0,0,0,0,0,0,0,0,0,0,0,0,0,0,0,0,0,0,0,0,0,0,0,0,0,0,0,0,0,0,0,0,0,0,0,0,0,0,0,0,0,0,0,0,0,0,0,0,0,0,0,0,0,0,0,0,0,0,0,0,0,0,0,0,0,0,0,0,0,0,0,0,0,0,0,0,0,0,0,0,0,0,0,0,0,0,0,0,0,0,0,0,0,0,0,0,0,0,0,0,0,0,0,0,0,0,0,0,0,0,0,0,0,0,0,0,0,0,0,0,0,0,0,0,0,0,0,0,0,0,0,0,0,0,0,0,0,0,0,0,0,0,0,0,0,0,0,0,0,0,0,0,0,0,0,0,0,0,0,0,0,0,0,0,0,0,0,0,0,0,0,0,0,0,0,0,0,0,0,0,0,0,0,0,0,0,0,0,0,0,0,0,0,0,0,0,0,0,0,0,0,0,0,0,0,0,0,0,0,0,0,0,0,0,0,0,0,0,0,0,0,0,0,0,0,0,0,0,0,0,0,0,0,0,0,0,0,0,0,0,0,0,0,0,0,0,0,0,0,0,0,0,0,0,0,0,0,0,0,0,0,0,0,0,0,0,0,0,0,0,0,0,0,0,0,0,0,0,0,0,0,0,0,0,0,0,0,0,0,0,0,0,0,0,0,0,0,0,0,0,0,0,0,0,0,0,0,0,0,0,0,0,0,0,0,0,0,0,0,0,0,0,0,0,0,0,0,0,0,0,0,0,0,0,0,0,0,0,0,0,0,0,0,0,0,0,0,0,0,0,0,0,0,0,0,0,0,0,0,0,0,0,0,0,0,0,0,0,0,0,0,0,0,0,0,0,0,0,0,0,0,0,0,0,0,0,0,0,0,0,0,0,0,0,0,0,0,0,0,0,0,0,0,0,0,0,0,0,0,0,0,0,0,0,0,0,0,0,0,0,0,0,0,0,0,0,0,0,0,0,0,0,0,0,0,0,0,0,0,0,0,0,0,0,0,0,0,0,0,0,0,0,0,0,0,0,0,0,0,0,0,0,0,0,0,0,0,0,0,0,0,0,0,0,0,0,0,0,0,0,0,0,0,0,0,0,0,0,0,0,0
2026-11-29,0,0,0,0,0,0,0,0,0,0,0,0,0,0,0,0,0,0,0,0,0,0,0,0,0,0,0,0,0,0,0,0,0,0,0,0,0,0,0,0,0,0,0,0,0,0,0,0,0,0,0,0,0,0,0,0,0,0,0,0,0,0,0,0,0,0,0,0,0,0,0,0,0,0,0,0,0,0,0,0,0,0,0,0,0,0,0,0,0,0,0,0,0,0,0,0,0,0,0,0,0,0,0,0,0,0,0,0,0,0,0,0,0,0,0,0,0,0,0,0,0,0,0,0,0,0,0,0,0,0,0,0,0,0,0,0,0,0,0,0,0,0,0,0,0,0,0,0,0,0,0,0,0,0,0,0,0,0,0,0,0,0,0,0,0,0,0,0,0,0,0,0,0,0,0,0,0,0,0,0,0,0,0,0,0,0,0,0,0,0,0,0,0,0,0,0,0,0,0,0,0,0,0,0,0,0,0,0,0,0,0,0,0,0,0,0,0,0,0,0,0,0,0,0,0,0,0,0,0,0,0,0,0,0,0,0,0,0,0,0,0,0,0,0,0,0,0,0,0,0,0,0,0,0,0,0,0,0,0,0,0,0,0,0,0,0,0,0,0,0,0,0,0,0,0,0,0,0,0,0,0,0,0,0,0,0,0,0,0,0,0,0,0,0,0,0,0,0,0,0,0,0,0,0,0,0,0,0,0,0,0,0,0,0,0,0,0,0,0,0,0,0,0,0,0,0,0,0,0,0,0,0,0,0,0,0,0,0,0,0,0,0,0,0,0,0,0,0,0,0,0,0,0,0,0,0,0,0,0,0,0,0,0,0,0,0,0,0,0,0,0,0,0,0,0,0,0,0,0,0,0,0,0,0,0,0,0,0,0,0,0,0,0,0,0,0,0,0,0,0,0,0,0,0,0,0,0,0,0,0,0,0,0,0,0,0,0,0,0,0,0,0,0,0,0,0,0,0,0,0,0,0,0,0,0,0,0,0,0,0,0,0,0,0,0,0,0,0,0,0,0,0,0,0,0,0,0,0,0,0,0,0,0,0,0,0,0,0,0,0,0,0,0,0,0,0,0,0,0,0,0,0,0,0,0,0,0,0,0,0,0,0,0,0,0,0,0,0,0,0,0,0,0,0,0,0,0,0,0,0,0,0,0,0,0,0,0,0,0,0,0,0,0,0,0,0,0,0,0,0,0,0,0,0,0,0,0,0,0,0,0,0,0,0,0,0,0,0,0,0,0,0,0,0,0,0,0,0,0,0,0,0,0,0,0,0,0,0,0,0,0,0,0,0,0,0,0,0,0,0,0,0,0,0,0,0,0,0,0,0,0,0,0,0,0,0,0,0,0,0
2026-11-30,111,263,84,255,53,108,33,220,127,35,682,156,55,41,24,53,163,58,202,340,20,40,31,273,57,402,171,16,374,85,105,661,49,559,129,237,135,54,66,54,49,35,114,305,37,56,70,253,42,111,52,109,40,71,289,112,110,534,52,71,70,541,10,300,114,52,71,224,51,103,42,49,72,41,56,111,53,48,20,464,241,168,55,32,97,42,82,98,71,108,55,109,57,54,112,78,499,120,55,21,143,634,50,49,54,237,123,412,70,193,40,55,50,43,75,35,70,56,59,45,52,39,379,39,81,18,54,109,243,108,53,480,58,184,48,178,53,14,56,278,178,54,44,10,109,237,14,19,22,54,20,148,332,58,35,40,102,52,349,26,36,81,18,54,423,203,90,116,114,249,56,112,36,42,341,109,33,33,23,54,39,346,231,54,351,5,237,98,57,316,190,14,313,155,247,59,641,79,238,75,49,160,189,249,102,311,39,314,79,52,39,10,49,108,620,605,44,24,57,112,645,609,56,19,219,31,5,152,104,34,41,68,96,336,111,105,260,40,70,82,42,419,169,38,227,24,72,20,533,15,50,120,30,76,57,114,80,107,84,441,161,303,225,35,427,94,95,105,57,214,109,725,110,56,103,54,42,41,57,102,586,661,53,64,52,116,55,35,230,38,274,113,175,428,53,108,36,5,41,39,54,152,110,54,37,72,58,16,38,681,20,314,729,19,210,540,39,102,42,64,22,109,55,62,57,53,40,125,58,66,40,279,112,506,73,205,56,711,113,35,253,333,81,77,71,114,120,258,106,140,41,16,36,56,25,34,110,111,18,26,25,49,33,194,237,86,439,57,57,32,159,34,52,233,54,56,108,67,250,55,33,235,232,102,199,37,39,68,165,56,109,230,50,648,50,85,80,33,114,117,57,106,21,325,48,112,40,401,54,105,100,271,37,218,27,100,40,297,104,388,84,484,15,5,157,53,56,220,173,67,53,108,79,242,658,56,109,109,38,68,53,80,104,38,48,132,56,73,52,83,137,33,107,104,20,236,423,47,181,55,99,113,122,49,161,109,31,113,133,236,254,41,22,121,41,107,53,58,31,55,47,266,74,260,455,111,276,182,83,297,29,307,388,165,358,324,377,75,216,140,49,106,107,111,57,398,111,200,39,30,116,204,68,110,116,218,56,52,304,99,20,333,265,52,56,34,24,113,42,361,53,77,267,28,329,159,53,328,19,107,55,266,36,34,205,361,261,465,109,471,212,315,396,55,106,216,269,31,279,421,91,344,56,55,131,20,72,247,64,334,111,86,25,19,310,53,53,36,362,679,69,224,35,315,92,628,141,19,373,81,55,106,80,148,52,239,54,102,55,75
2026-12-01,102,236,96,217,50,93,25,206,142,33,627,145,49,41,28,46,80,49,201,371,22,43,21,289,48,417,184,8,329,74,86,599,45,557,135,203,104,49,52,47,44,26,96,243,41,52,50,224,37,97,44,100,42,49,271,100,100,506,50,50,41,438,8,272,98,48,60,158,45,99,35,47,53,37,51,96,51,47,11,412,202,135,49,24,88,36,82,99,48,96,48,100,50,52,98,73,476,96,48,12,135,606,45,44,46,218,82,349,48,172,49,46,45,22,64,33,50,51,41,35,45,42,385,36,81,17,49,104,170,98,48,493,42,170,46,190,51,13,49,299,125,47,23,8,98,194,13,18,12,47,11,121,259,49,31,40,94,46,297,27,25,70,19,46,396,172,72,92,98,213,48,97,27,35,297,98,25,28,11,51,34,279,207,49,310,4,198,98,46,282,142,13,311,155,209,48,604,79,208,83,42,134,167,231,90,335,36,265,86,51,37,8,43,99,520,520,23,27,49,96,525,520,50,24,213,22,4,86,99,24,23,51,87,296,93,99,229,36,49,97,38,317,163,38,198,20,67,12,452,8,46,99,28,79,49,101,72,103,67,422,153,270,204,26,426,87,93,100,51,197,104,658,93,47,96,49,37,36,49,56,512,602,51,51,42,60,50,24,204,43,350,102,200,375,48,96,25,4,37,41,49,108,105,46,25,52,51,8,35,644,17,351,609,17,187,564,40,97,36,50,12,100,49,42,48,48,35,112,51,31,37,292,53,504,80,199,50,630,96,24,210,298,45,80,48,96,139,228,95,166,23,8,26,51,27,36,99,104,18,30,29,45,37,148,208,77,380,47,47,16,141,32,50,195,47,48,98,39,215,48,25,243,161,88,192,30,40,70,114,50,98,214,56,588,46,100,72,26,97,98,48,95,12,268,45,98,45,388,49,103,89,278,34,216,26,89,25,235,86,405,70,411,8,4,164,47,50,201,165,49,48,102,82,222,623,48,94,102,36,51,47,72,99,41,40,92,50,85,49,72,135,35,96,100,24,242,415,52,203,51,91,96,109,44,200,96,20,97,105,154,216,34,12,131,35,76,49,47,20,48,24,238,60,225,395,96,292,178,74,264,21,272,293,182,308,293,354,83,190,108,47,104,100,98,47,373,102,185,42,21,91,192,51,102,98,188,48,46,251,91,17,289,347,48,43,36,28,97,32,405,48,74,236,27,247,177,46,298,17,78,48,258,31,26,195,353,330,434,101,419,199,307,361,47,99,205,236,22,227,390,79,281,47,50,77,12,62,230,32,306,99,95,27,11,215,51,49,26,313,580,47,212,26,273,91,555,119,23,339,82,49,97,73,132,47,204,48,90,53,87
2026-12-02,86,178,52,165,46,84,30,193,116,23,542,121,45,37,17,36,98,47,177,328,13,26,25,227,43,324,120,10,294,55,90,584,38,461,119,188,120,43,62,44,39,32,81,220,35,45,64,186,29,97,38,87,34,61,242,88,90,335,44,60,51,432,10,235,85,43,81,193,38,89,28,38,65,27,45,85,43,37,15,387,183,106,43,30,76,28,74,90,62,87,42,85,43,42,91,53,332,88,44,15,101,566,42,40,45,162,103,309,63,214,26,45,38,31,47,22,61,45,54,26,38,34,324,28,63,20,44,84,217,96,46,408,53,142,39,153,42,17,44,244,147,43,30,10,86,182,17,21,15,46,14,91,206,41,25,36,80,45,273,18,32,57,21,43,322,139,55,92,84,198,45,91,31,28,277,86,32,36,14,44,26,291,190,46,279,5,241,85,45,249,170,16,268,130,186,43,519,69,186,72,40,111,166,202,114,267,28,233,71,44,28,10,38,90,426,502,31,19,44,87,522,459,45,13,182,28,5,106,98,31,29,59,83,274,92,89,221,28,64,53,28,369,115,30,164,24,49,16,428,9,40,86,34,68,42,92,55,92,53,304,109,269,175,30,386,77,80,90,43,168,88,567,86,42,88,45,26,28,45,70,470,566,44,63,38,83,45,32,179,33,272,92,170,369,43,89,29,5,28,35,48,137,93,41,29,61,44,9,42,544,20,293,580,21,180,457,34,87,30,61,16,90,44,51,44,43,28,88,46,41,27,257,72,443,68,166,42,612,89,33,190,268,53,69,59,90,109,202,93,116,29,10,32,42,18,28,89,88,21,20,19,40,29,183,187,54,346,42,44,20,105,25,43,164,44,44,83,49,171,48,30,192,188,76,187,26,35,55,142,47,88,187,35,559,39,56,57,31,84,90,44,88,15,254,39,87,26,324,43,88,73,195,43,166,31,80,31,236,108,341,57,387,10,5,124,45,47,180,189,65,44,81,67,171,531,43,87,83,44,61,44,55,89,32,38,120,48,68,42,86,115,29,90,95,13,202,360,36,125,43,80,89,123,37,129,88,27,88,93,167,171,46,14,110,29,91,43,44,27,44,33,213,46,197,327,89,270,171,58,232,26,249,348,118,273,213,291,65,190,123,39,72,91,87,46,278,85,166,34,27,86,141,62,87,89,158,44,38,197,80,21,270,179,47,51,29,18,89,27,320,44,94,187,31,296,121,43,256,21,97,44,225,23,32,163,302,174,358,89,400,179,256,317,44,89,176,294,27,201,341,101,269,45,45,103,15,47,211,40,291,87,64,18,16,254,66,45,31,277,514,63,151,30,215,75,485,106,12,306,68,44,86,55,92,44,180,44,81,44,68
2026-12-03,127,343,93,287,63,125,37,267,168,40,768,184,59,47,35,51,160,64,266,399,24,51,28,333,63,401,257,17,441,99,131,784,50,626,152,280,146,63,73,62,54,36,123,313,46,62,76,282,50,125,54,126,46,72,327,135,121,664,58,77,92,584,19,325,121,62,77,221,54,125,52,49,77,49,62,124,60,54,28,540,267,175,65,61,103,54,94,123,76,135,63,132,62,62,126,99,639,126,64,26,180,828,53,53,62,310,109,433,80,149,50,63,54,50,84,40,76,64,56,47,51,47,433,50,93,23,63,126,239,132,64,548,54,198,55,212,61,12,64,330,175,62,55,20,124,265,12,22,26,64,26,172,380,62,41,47,109,66,374,35,38,110,24,62,463,235,104,126,125,252,63,127,38,54,359,128,36,75,25,64,51,366,238,61,412,10,251,134,62,319,183,12,383,195,264,63,753,92,275,95,55,211,221,276,87,368,53,365,96,61,48,20,53,127,619,690,50,36,65,127,729,646,63,25,241,28,10,188,125,37,51,80,106,373,120,125,305,51,77,100,52,398,242,49,249,49,86,24,595,17,54,126,24,97,65,129,93,129,101,510,202,347,303,38,522,107,104,129,65,242,134,708,128,64,128,65,49,52,64,120,669,786,63,76,54,126,61,38,251,46,348,126,206,486,64,126,36,10,52,47,65,167,117,65,38,76,61,17,46,839,22,356,816,20,222,585,44,130,52,123,26,116,61,58,63,66,52,157,61,65,53,362,115,555,92,228,63,862,125,40,263,369,103,97,77,123,135,291,123,166,54,17,37,63,35,36,125,124,21,36,36,54,37,225,306,103,469,63,62,29,185,40,65,290,68,63,132,88,294,65,38,276,234,99,238,41,47,75,173,65,126,252,73,753,55,99,100,38,134,122,67,127,25,344,55,121,50,507,60,128,111,376,43,238,23,102,52,336,81,502,98,532,16,10,184,67,68,263,200,74,68,126,90,294,762,64,129,129,45,80,62,101,126,47,51,123,64,99,64,99,165,37,125,130,23,268,514,70,266,64,110,128,142,51,253,129,27,126,166,239,313,43,25,160,49,99,61,61,29,65,51,290,77,275,457,128,342,223,102,332,27,340,363,239,402,404,439,98,248,149,50,134,128,131,61,495,126,239,46,28,117,249,74,131,128,223,63,55,346,97,22,383,349,64,58,39,36,127,51,411,60,98,353,24,368,221,63,372,21,97,66,304,41,38,221,415,315,536,131,496,272,368,428,64,129,274,307,29,294,492,102,357,62,61,166,26,80,272,64,391,127,125,34,25,322,46,62,38,372,692,79,272,38,393,104,672,179,26,424,99,67,129,104,171,60,276,65,103,63,95
2026-12-04,125,281,63,203,64,134,44,264,189,30,792,208,64,53,29,51,128,66,257,427,18,34,34,370,65,464,209,13,453,88,129,832,49,682,174,270,196,65,95,67,51,49,131,282,49,63,93,286,46,126,51,125,53,95,343,125,126,565,66,88,91,548,29,300,128,62,119,290,49,126,41,49,99,46,69,129,63,49,28,501,266,131,67,83,103,45,104,127,93,126,62,137,60,67,120,89,495,132,64,27,152,788,50,51,65,247,133,392,93,251,33,67,52,57,60,30,98,67,63,45,50,52,465,45,99,34,60,126,313,134,62,590,67,179,49,197,65,21,64,331,220,66,58,27,126,266,19,35,26,65,26,118,260,64,29,50,103,66,347,31,48,87,35,61,432,187,86,127,127,303,65,133,46,46,393,130,49,99,28,67,45,379,234,67,421,14,345,116,63,316,214,21,416,182,260,61,789,99,285,104,50,176,211,300,139,414,43,357,104,65,44,30,52,125,566,676,55,32,64,128,730,633,66,17,262,34,14,189,131,48,57,88,100,395,132,130,310,45,94,67,44,478,178,40,240,67,55,26,560,13,53,130,38,101,64,126,86,128,83,401,175,391,277,45,581,101,98,127,64,222,135,744,131,63,127,59,46,47,66,117,665,784,67,92,46,154,61,45,221,49,379,126,214,558,61,126,46,13,45,52,65,206,129,59,48,97,64,13,71,867,31,426,805,35,246,700,52,128,44,171,27,132,67,70,63,64,45,142,65,51,44,369,91,616,104,234,63,861,126,46,264,363,96,103,95,125,120,300,123,142,52,13,48,61,32,37,126,129,34,29,32,52,37,260,274,90,522,65,66,25,139,28,63,253,65,64,130,92,247,64,45,312,294,96,245,31,50,69,221,61,123,271,68,785,52,72,83,49,125,119,62,126,28,375,50,133,34,504,63,131,98,342,74,220,42,96,55,356,141,496,91,586,13,14,194,62,64,275,292,89,63,133,108,248,720,66,126,129,62,92,66,85,127,49,50,143,66,104,64,147,183,37,134,131,17,340,509,57,226,61,100,123,221,52,221,119,30,131,148,301,252,70,27,187,43,120,63,64,35,62,36,296,62,268,434,130,371,246,86,338,32,344,445,200,417,354,400,103,267,196,52,125,128,130,65,424,128,238,51,30,126,218,92,119,127,195,63,47,306,101,34,382,244,66,63,35,30,120,44,459,63,147,286,40,428,220,66,378,35,118,64,271,30,47,200,391,214,504,126,474,286,348,394,63,132,263,435,33,282,514,144,382,60,63,158,26,58,295,51,414,131,121,28,28,357,81,65,45,405,746,88,197,49,337,107,743,170,17,449,103,67,124,91,153,66,257,65,103,68,103
2026-12-05,0,0,0,0,0,0,0,0,0,0,0,0,0,0,0,0,0,0,0,0,0,0,0,0,0,0,0,0,0,0,0,0,0,0,0,0,0,0,0,0,0,0,0,0,0,0,0,0,0,0,0,0,0,0,0,0,0,0,0,0,0,0,0,0,0,0,0,0,0,0,0,0,0,0,0,0,0,0,0,0,0,0,0,0,0,0,0,0,0,0,0,0,0,0,0,0,0,0,0,0,0,0,0,0,0,0,0,0,0,0,0,0,0,0,0,0,0,0,0,0,0,0,0,0,0,0,0,0,0,0,0,0,0,0,0,0,0,0,0,0,0,0,0,0,0,0,0,0,0,0,0,0,0,0,0,0,0,0,0,0,0,0,0,0,0,0,0,0,0,0,0,0,0,0,0,0,0,0,0,0,0,0,0,0,0,0,0,0,0,0,0,0,0,0,0,0,0,0,0,0,0,0,0,0,0,0,0,0,0,0,0,0,0,0,0,0,0,0,0,0,0,0,0,0,0,0,0,0,0,0,0,0,0,0,0,0,0,0,0,0,0,0,0,0,0,0,0,0,0,0,0,0,0,0,0,0,0,0,0,0,0,0,0,0,0,0,0,0,0,0,0,0,0,0,0,0,0,0,0,0,0,0,0,0,0,0,0,0,0,0,0,0,0,0,0,0,0,0,0,0,0,0,0,0,0,0,0,0,0,0,0,0,0,0,0,0,0,0,0,0,0,0,0,0,0,0,0,0,0,0,0,0,0,0,0,0,0,0,0,0,0,0,0,0,0,0,0,0,0,0,0,0,0,0,0,0,0,0,0,0,0,0,0,0,0,0,0,0,0,0,0,0,0,0,0,0,0,0,0,0,0,0,0,0,0,0,0,0,0,0,0,0,0,0,0,0,0,0,0,0,0,0,0,0,0,0,0,0,0,0,0,0,0,0,0,0,0,0,0,0,0,0,0,0,0,0,0,0,0,0,0,0,0,0,0,0,0,0,0,0,0,0,0,0,0,0,0,0,0,0,0,0,0,0,0,0,0,0,0,0,0,0,0,0,0,0,0,0,0,0,0,0,0,0,0,0,0,0,0,0,0,0,0,0,0,0,0,0,0,0,0,0,0,0,0,0,0,0,0,0,0,0,0,0,0,0,0,0,0,0,0,0,0,0,0,0,0,0,0,0,0,0,0,0,0,0,0,0,0,0,0,0,0,0,0,0,0,0,0,0,0,0,0,0,0,0,0,0,0,0,0,0,0,0,0,0,0,0,0,0,0,0,0,0,0,0,0,0,0,0,0,0,0,0,0,0,0,0,0,0,0,0,0,0,0,0,0,0,0,0,0,0,0,0,0,0,0,0,0,0
2026-12-06,0,0,0,0,0,0,0,0,0,0,0,0,0,0,0,0,0,0,0,0,0,0,0,0,0,0,0,0,0,0,0,0,0,0,0,0,0,0,0,0,0,0,0,0,0,0,0,0,0,0,0,0,0,0,0,0,0,0,0,0,0,0,0,0,0,0,0,0,0,0,0,0,0,0,0,0,0,0,0,0,0,0,0,0,0,0,0,0,0,0,0,0,0,0,0,0,0,0,0,0,0,0,0,0,0,0,0,0,0,0,0,0,0,0,0,0,0,0,0,0,0,0,0,0,0,0,0,0,0,0,0,0,0,0,0,0,0,0,0,0,0,0,0,0,0,0,0,0,0,0,0,0,0,0,0,0,0,0,0,0,0,0,0,0,0,0,0,0,0,0,0,0,0,0,0,0,0,0,0,0,0,0,0,0,0,0,0,0,0,0,0,0,0,0,0,0,0,0,0,0,0,0,0,0,0,0,0,0,0,0,0,0,0,0,0,0,0,0,0,0,0,0,0,0,0,0,0,0,0,0,0,0,0,0,0,0,0,0,0,0,0,0,0,0,0,0,0,0,0,0,0,0,0,0,0,0,0,0,0,0,0,0,0,0,0,0,0,0,0,0,0,0,0,0,0,0,0,0,0,0,0,0,0,0,0,0,0,0,0,0,0,0,0,0,0,0,0,0,0,0,0,0,0,0,0,0,0,0,0,0,0,0,0,0,0,0,0,0,0,0,0,0,0,0,0,0,0,0,0,0,0,0,0,0,0,0,0,0,0,0,0,0,0,0,0,0,0,0,0,0,0,0,0,0,0,0,0,0,0,0,0,0,0,0,0,0,0,0,0,0,0,0,0,0,0,0,0,0,0,0,0,0,0,0,0,0,0,0,0,0,0,0,0,0,0,0,0,0,0,0,0,0,0,0,0,0,0,0,0,0,0,0,0,0,0,0,0,0,0,0,0,0,0,0,0,0,0,0,0,0,0,0,0,0,0,0,0,0,0,0,0,0,0,0,0,0,0,0,0,0,0,0,0,0,0,0,0,0,0,0,0,0,0,0,0,0,0,0,0,0,0,0,0,0,0,0,0,0,0,0,0,0,0,0,0,0,0,0,0,0,0,0,0,0,0,0,0,0,0,0,0,0,0,0,0,0,0,0,0,0,0,0,0,0,0,0,0,0,0,0,0,0,0,0,0,0,0,0,0,0,0,0,0,0,0,0,0,0,0,0,0,0,0,0,0,0,0,0,0,0,0,0,0,0,0,0,0,0,0,0,0,0,0,0,0,0,0,0,0,0,0,0,0,0,0,0,0,0,0,0,0,0,0,0,0,0,0,0,0,0,0,0,0,0,0,0,0,0,0,0
2026-12-07,112,244,60,208,62,110,43,248,159,31,712,162,58,44,25,49,151,57,233,395,14,29,32,319,60,403,170,14,417,78,112,695,47,590,143,241,171,56,86,55,45,43,111,299,40,58,86,267,42,118,47,117,45,88,314,117,112,488,59,86,90,523,22,291,116,60,102,249,46,111,44,48,85,40,58,119,54,47,27,491,242,133,58,65,91,42,85,110,84,116,55,120,59,59,124,76,475,119,59,26,138,725,49,48,57,232,135,378,90,243,30,58,46,54,59,31,84,61,68,41,47,44,405,41,83,28,58,118,288,115,58,509,67,164,46,182,56,17,57,279,212,60,53,22,121,254,17,27,26,57,27,119,280,59,30,45,95,57,355,27,42,81,29,55,396,188,82,115,108,251,59,119,43,39,351,120,42,74,25,60,42,387,219,59,365,11,325,121,58,306,208,17,357,157,254,59,668,86,242,85,47,155,217,266,126,359,44,320,79,60,40,22,47,117,564,621,51,24,59,119,687,617,58,15,232,32,11,184,118,43,52,80,90,348,117,118,270,40,86,58,39,439,182,41,220,54,57,25,517,16,46,112,34,95,60,119,84,111,78,396,167,358,255,43,497,98,92,111,58,210,112,659,115,60,120,59,42,41,58,120,630,762,59,83,49,142,57,44,217,42,305,119,179,492,59,116,43,11,40,45,58,194,116,58,45,86,60,15,55,755,28,357,771,27,231,583,41,122,42,141,25,116,59,72,59,53,41,129,54,59,39,324,106,542,86,234,57,827,119,44,250,341,98,85,83,112,110,244,122,124,54,16,45,59,26,34,116,114,30,26,27,48,32,254,256,77,454,60,57,32,135,30,57,247,60,57,113,86,238,58,41,261,273,97,217,30,41,61,202,59,117,246,54,662,47,62,78,42,115,119,58,115,26,346,49,116,31,445,60,118,95,299,56,211,33,101,48,310,114,396,84,503,15,11,164,57,60,241,246,88,56,109,84,222,690,61,120,113,55,86,58,83,122,44,47,148,59,91,57,132,159,33,112,117,15,260,444,53,187,61,91,117,181,46,192,110,33,119,127,274,259,57,26,141,42,116,62,59,33,59,46,255,60,244,390,113,312,212,81,289,30,318,442,183,353,293,346,86,228,168,48,101,120,116,57,381,115,227,43,31,115,206,85,112,111,197,57,46,289,90,28,363,201,56,63,32,26,117,43,356,60,122,274,31,380,179,58,336,28,115,59,277,30,45,196,394,191,480,116,484,249,331,361,59,115,233,404,33,263,479,126,355,57,56,165,27,61,250,60,387,116,104,25,29,342,71,55,43,377,658,83,206,43,324,100,678,147,16,387,86,59,110,81,135,52,218,61,94,58,89
2026-12-08,113,284,79,218,50,106,35,243,143,31,656,167,53,40,32,41,125,55,197,380,18,39,21,316,55,369,223,12,393,87,111,718,42,598,138,229,143,49,69,53,44,35,116,254,40,51,68,238,46,107,43,113,41,67,281,113,101,554,53,69,82,436,25,256,105,59,76,208,42,104,41,42,70,42,52,112,51,39,24,446,231,142,55,73,85,42,85,111,70,107,54,108,50,53,105,86,492,111,53,25,155,619,42,42,56,242,92,367,67,142,39,53,44,48,66,31,66,55,47,41,44,43,386,43,81,22,53,104,224,103,53,531,47,154,42,191,55,11,54,249,169,52,50,25,110,222,10,22,23,52,25,125,287,55,31,40,86,57,290,31,37,89,24,55,389,195,83,112,107,230,54,104,34,43,325,110,32,83,24,53,44,329,187,56,344,12,236,112,55,256,149,11,318,176,238,52,614,90,237,84,41,174,194,240,73,360,45,320,78,53,42,24,40,107,533,572,49,32,55,115,628,580,56,19,218,22,12,173,111,34,49,69,80,335,111,109,258,42,69,73,42,329,171,44,205,60,55,25,483,13,41,115,22,86,56,114,84,108,82,375,174,291,233,36,466,85,83,112,55,192,109,600,113,52,110,55,42,43,55,108,524,706,56,66,43,144,54,36,191,43,319,106,168,431,50,109,36,12,42,44,55,162,108,52,36,72,52,12,45,688,24,327,703,23,201,553,38,109,46,152,25,102,52,46,58,51,43,142,55,49,42,309,84,490,83,211,54,707,109,34,218,306,82,82,67,111,111,255,107,128,46,12,35,54,31,31,102,104,24,30,33,43,30,188,255,89,431,54,56,25,146,31,55,246,53,54,105,85,257,53,35,243,229,74,202,30,41,59,169,53,114,233,64,665,40,76,86,36,113,106,52,111,24,297,42,108,40,407,55,108,84,336,49,179,21,84,45,289,74,391,87,482,12,12,159,53,52,232,188,69,55,103,88,253,647,56,106,111,45,72,54,87,101,43,43,107,53,89,55,102,145,30,112,109,18,253,421,63,236,53,82,105,155,45,215,107,23,108,135,219,262,45,24,150,46,77,54,52,22,55,36,251,63,238,374,110,286,195,88,299,23,289,319,205,352,332,344,82,222,133,41,128,115,107,55,409,110,208,40,22,112,221,72,111,109,187,54,43,308,86,23,332,276,55,46,31,34,100,41,364,52,104,292,22,352,207,56,323,23,81,50,233,28,37,182,344,228,442,103,439,244,318,349,50,103,233,339,24,228,461,108,327,53,56,146,25,62,244,47,347,103,124,31,23,273,44,54,34,325,595,69,207,34,336,77,567,154,20,372,84,56,107,84,143,52,220,53,85,51,83
2026-12-09,106,199,64,174,51,109,36,216,150,26,631,156,49,41,22,45,97,53,195,383,16,34,29,268,49,440,150,10,334,63,100,707,48,539,143,214,143,50,71,51,47,35,99,264,43,52,65,219,31,105,45,104,39,71,262,102,95,432,51,67,51,484,12,274,103,51,94,227,44,105,34,47,69,31,52,100,51,46,17,422,217,115,50,35,93,32,84,102,68,98,50,100,48,51,100,63,380,99,47,16,112,591,48,46,51,195,117,355,68,242,33,49,43,31,55,25,67,50,60,33,47,40,424,32,81,26,50,99,231,97,52,514,56,157,43,178,51,20,51,302,171,54,30,12,111,221,19,24,16,49,16,100,223,52,26,41,87,52,303,23,37,58,27,48,373,149,67,105,97,237,50,100,34,31,323,107,34,42,16,49,32,330,212,52,322,6,259,99,52,275,190,19,316,157,216,51,587,88,216,81,47,133,182,221,132,328,30,283,83,50,31,12,45,100,531,563,30,24,52,103,588,521,53,16,199,29,6,112,108,36,33,74,98,318,103,100,265,33,69,65,32,414,133,33,196,30,50,17,475,10,44,104,36,86,50,102,63,100,65,335,125,318,220,35,456,92,93,102,49,189,106,643,104,53,101,51,31,32,52,69,568,640,55,70,46,84,50,36,206,41,346,96,207,417,51,102,34,6,32,40,48,141,98,53,34,72,49,10,51,675,26,360,674,27,208,513,42,93,32,75,16,104,52,56,53,53,33,104,50,42,33,309,67,510,76,202,54,714,98,37,203,310,58,82,72,101,125,222,100,145,33,10,37,50,21,34,101,108,25,22,22,45,35,202,206,62,396,53,51,20,118,24,52,177,51,51,108,52,188,52,35,244,224,89,205,26,39,69,151,54,105,225,43,658,46,65,66,34,103,101,51,103,16,301,46,97,32,418,55,98,90,228,48,193,36,85,32,271,134,404,65,453,10,6,163,53,53,219,226,70,53,101,79,194,587,48,97,110,50,70,51,64,108,41,45,133,52,78,50,105,139,35,103,98,18,272,427,44,158,48,88,107,158,44,154,98,30,107,104,199,201,52,16,145,31,109,53,53,30,49,29,229,52,224,404,96,324,174,63,260,28,296,405,142,324,258,352,83,208,146,45,85,104,107,51,309,106,192,42,30,111,157,71,103,102,189,51,47,226,87,25,320,240,49,57,35,24,104,32,386,52,106,223,39,325,146,50,291,25,108,54,253,26,33,192,321,211,434,101,439,205,285,362,48,96,202,351,29,236,417,125,314,52,52,97,16,51,253,40,349,102,77,22,16,277,80,52,36,309,604,72,180,34,240,93,570,110,17,354,76,50,102,66,115,52,196,53,88,53,81
2026-12-10,120,301,100,280,61,122,35,260,155,41,735,170,64,42,30,55,169,63,237,388,23,49,31,316,60,462,203,17,421,92,119,781,55,630,142,256,138,64,73,62,56,38,127,338,44,60,73,278,45,135,54,120,43,69,334,119,120,623,62,71,71,607,12,320,119,64,79,239,57,128,47,55,72,47,61,122,62,53,23,524,261,176,61,36,105,45,87,135,77,125,61,126,64,65,120,99,532,117,60,23,163,717,57,54,60,279,129,439,79,179,48,61,52,47,85,40,71,62,66,45,56,44,420,47,88,20,63,121,252,118,63,520,59,221,58,206,61,13,62,293,179,61,45,12,120,259,14,21,23,63,25,160,364,61,40,43,108,60,401,31,36,91,20,59,514,224,99,123,121,290,58,122,37,48,355,130,37,43,23,60,46,372,273,62,406,6,260,125,62,339,210,14,366,180,254,62,707,86,294,88,56,192,221,311,98,362,45,341,86,62,45,12,56,116,633,679,44,29,59,119,706,658,61,24,250,33,6,150,119,38,46,76,112,375,123,120,298,48,74,101,49,489,208,47,242,29,83,25,603,17,56,127,28,92,57,120,91,122,94,537,178,328,261,37,484,115,114,123,60,248,124,771,124,57,116,59,50,44,61,109,590,742,57,72,56,121,60,36,260,44,338,121,212,478,64,122,38,6,47,43,65,176,127,61,37,75,65,18,40,835,19,377,784,21,221,560,45,119,46,71,23,124,63,62,62,55,46,137,59,66,51,341,118,542,93,221,58,913,120,36,260,355,85,89,73,124,131,282,113,166,48,17,37,64,27,39,119,118,20,28,31,55,38,220,278,95,466,59,60,35,178,41,63,271,61,58,124,74,266,58,37,252,240,118,241,42,45,79,165,58,122,255,59,737,57,96,89,37,124,122,59,131,22,356,55,123,46,475,62,124,114,293,39,244,29,104,48,304,88,443,97,565,17,6,156,60,58,256,181,72,64,126,82,273,735,58,119,123,42,72,62,95,124,42,53,138,62,92,64,87,140,37,124,121,23,271,484,58,218,61,112,119,130,53,229,122,31,119,147,245,275,40,23,148,44,110,65,61,30,60,50,290,78,290,475,114,327,202,95,350,29,347,426,206,379,384,457,87,231,144,55,112,125,125,59,483,125,234,43,32,127,237,73,123,122,236,61,58,339,110,19,348,325,64,63,39,31,123,46,411,61,88,322,28,348,196,62,367,20,103,60,290,42,38,230,415,299,502,122,507,263,364,469,59,117,235,280,29,291,479,93,400,63,64,158,23,83,293,68,382,125,101,30,21,319,58,63,36,374,687,72,266,38,355,106,640,170,24,400,82,62,125,88,163,62,272,59,111,60,82
2026-12-11,98,251,64,201,50,107,36,214,133,30,612,141,51,38,26,41,130,50,202,324,16,31,27,282,49,341,176,13,350,73,112,732,43,517,130,217,149,52,73,50,42,35,103,251,38,51,70,242,38,97,43,98,40,65,264,101,97,495,54,71,76,440,19,277,107,51,83,215,43,103,38,41,69,39,51,104,53,43,23,445,214,128,52,54,86,36,79,105,67,103,50,103,49,51,102,74,460,108,53,21,124,588,43,41,48,221,98,335,73,169,31,49,41,42,57,31,72,46,51,36,42,37,381,37,74,22,51,104,224,103,54,469,53,149,42,165,52,13,50,242,160,53,45,17,99,213,13,24,21,48,21,114,252,50,29,39,84,52,297,23,35,73,23,52,342,182,77,104,106,242,49,103,35,38,332,100,33,63,21,53,37,306,205,52,319,9,256,105,55,263,172,13,309,151,219,51,594,80,213,76,44,155,176,230,94,325,36,271,79,53,38,17,44,101,473,563,44,26,54,103,579,540,48,15,214,26,8,156,101,35,44,67,83,317,105,100,248,36,69,63,38,385,156,37,202,46,57,22,452,14,43,97,27,77,49,98,77,107,75,357,140,288,218,35,419,82,81,105,53,193,92,581,100,50,95,54,39,40,52,101,534,636,51,70,43,119,53,33,191,39,283,105,158,411,50,99,34,9,39,38,49,150,104,50,36,72,52,12,41,651,22,317,685,21,200,516,37,96,35,111,21,102,53,52,50,52,38,126,53,53,40,266,88,467,80,218,53,668,99,36,212,283,80,74,67,100,99,209,102,119,42,13,34,48,24,30,95,106,23,26,23,44,30,203,229,71,406,50,52,26,134,28,50,211,53,49,106,73,233,50,36,215,223,84,193,29,37,58,149,51,106,206,52,595,42,61,76,34,105,101,51,103,22,295,38,106,31,383,49,100,88,271,43,181,24,92,43,270,90,364,74,445,13,10,149,50,49,209,193,69,53,94,72,221,605,51,100,101,41,71,51,74,101,35,43,111,53,77,49,98,135,31,104,105,17,226,430,49,185,49,86,97,133,40,174,103,26,100,123,215,220,43,21,129,39,89,49,50,26,51,38,231,57,211,367,101,286,203,75,274,25,288,362,152,297,292,300,79,205,140,40,95,102,103,51,344,97,190,39,26,104,195,71,105,94,174,53,40,267,88,22,328,224,48,51,30,25,98,34,344,50,93,251,26,332,160,51,288,22,91,47,243,27,35,167,341,212,407,99,419,222,319,323,50,112,199,308,26,237,442,104,319,52,48,138,21,60,227,51,320,105,93,24,22,292,49,53,35,301,586,72,208,35,301,87,548,133,15,341,77,51,97,73,138,52,209,54,79,54,74
2026-12-12,0,0,0,0,0,0,0,0,0,0,0,0,0,0,0,0,0,0,0,0,0,0,0,0,0,0,0,0,0,0,0,0,0,0,0,0,0,0,0,0,0,0,0,0,0,0,0,0,0,0,0,0,0,0,0,0,0,0,0,0,0,0,0,0,0,0,0,0,0,0,0,0,0,0,0,0,0,0,0,0,0,0,0,0,0,0,0,0,0,0,0,0,0,0,0,0,0,0,0,0,0,0,0,0,0,0,0,0,0,0,0,0,0,0,0,0,0,0,0,0,0,0,0,0,0,0,0,0,0,0,0,0,0,0,0,0,0,0,0,0,0,0,0,0,0,0,0,0,0,0,0,0,0,0,0,0,0,0,0,0,0,0,0,0,0,0,0,0,0,0,0,0,0,0,0,0,0,0,0,0,0,0,0,0,0,0,0,0,0,0,0,0,0,0,0,0,0,0,0,0,0,0,0,0,0,0,0,0,0,0,0,0,0,0,0,0,0,0,0,0,0,0,0,0,0,0,0,0,0,0,0,0,0,0,0,0,0,0,0,0,0,0,0,0,0,0,0,0,0,0,0,0,0,0,0,0,0,0,0,0,0,0,0,0,0,0,0,0,0,0,0,0,0,0,0,0,0,0,0,0,0,0,0,0,0,0,0,0,0,0,0,0,0,0,0,0,0,0,0,0,0,0,0,0,0,0,0,0,0,0,0,0,0,0,0,0,0,0,0,0,0,0,0,0,0,0,0,0,0,0,0,0,0,0,0,0,0,0,0,0,0,0,0,0,0,0,0,0,0,0,0,0,0,0,0,0,0,0,0,0,0,0,0,0,0,0,0,0,0,0,0,0,0,0,0,0,0,0,0,0,0,0,0,0,0,0,0,0,0,0,0,0,0,0,0,0,0,0,0,0,0,0,0,0,0,0,0,0,0,0,0,0,0,0,0,0,0,0,0,0,0,0,0,0,0,0,0,0,0,0,0,0,0,0,0,0,0,0,0,0,0,0,0,0,0,0,0,0,0,0,0,0,0,0,0,0,0,0,0,0,0,0,0,0,0,0,0,0,0,0,0,0,0,0,0,0,0,0,0,0,0,0,0,0,0,0,0,0,0,0,0,0,0,0,0,0,0,0,0,0,0,0,0,0,0,0,0,0,0,0,0,0,0,0,0,0,0,0,0,0,0,0,0,0,0,0,0,0,0,0,0,0,0,0,0,0,0,0,0,0,0,0,0,0,0,0,0,0,0,0,0,0,0,0,0,0,0,0,0,0,0,0,0,0,0,0,0,0,0,0,0,0,0,0,0,0,0,0,0,0,0,0,0,0,0,0,0,0,0,0,0,0,0,0,0,0,0,0,0,0
2026-12-13,0,0,0,0,0,0,0,0,0,0,0,0,0,0,0,0,0,0,0,0,0,0,0,0,0,0,0,0,0,0,0,0,0,0,0,0,0,0,0,0,0,0,0,0,0,0,0,0,0,0,0,0,0,0,0,0,0,0,0,0,0,0,0,0,0,0,0,0,0,0,0,0,0,0,0,0,0,0,0,0,0,0,0,0,0,0,0,0,0,0,0,0,0,0,0,0,0,0,0,0,0,0,0,0,0,0,0,0,0,0,0,0,0,0,0,0,0,0,0,0,0,0,0,0,0,0,0,0,0,0,0,0,0,0,0,0,0,0,0,0,0,0,0,0,0,0,0,0,0,0,0,0,0,0,0,0,0,0,0,0,0,0,0,0,0,0,0,0,0,0,0,0,0,0,0,0,0,0,0,0,0,0,0,0,0,0,0,0,0,0,0,0,0,0,0,0,0,0,0,0,0,0,0,0,0,0,0,0,0,0,0,0,0,0,0,0,0,0,0,0,0,0,0,0,0,0,0,0,0,0,0,0,0,0,0,0,0,0,0,0,0,0,0,0,0,0,0,0,0,0,0,0,0,0,0,0,0,0,0,0,0,0,0,0,0,0,0,0,0,0,0,0,0,0,0,0,0,0,0,0,0,0,0,0,0,0,0,0,0,0,0,0,0,0,0,0,0,0,0,0,0,0,0,0,0,0,0,0,0,0,0,0,0,0,0,0,0,0,0,0,0,0,0,0,0,0,0,0,0,0,0,0,0,0,0,0,0,0,0,0,0,0,0,0,0,0,0,0,0,0,0,0,0,0,0,0,0,0,0,0,0,0,0,0,0,0,0,0,0,0,0,0,0,0,0,0,0,0,0,0,0,0,0,0,0,0,0,0,0,0,0,0,0,0,0,0,0,0,0,0,0,0,0,0,0,0,0,0,0,0,0,0,0,0,0,0,0,0,0,0,0,0,0,0,0,0,0,0,0,0,0,0,0,0,0,0,0,0,0,0,0,0,0,0,0,0,0,0,0,0,0,0,0,0,0,0,0,0,0,0,0,0,0,0,0,0,0,0,0,0,0,0,0,0,0,0,0,0,0,0,0,0,0,0,0,0,0,0,0,0,0,0,0,0,0,0,0,0,0,0,0,0,0,0,0,0,0,0,0,0,0,0,0,0,0,0,0,0,0,0,0,0,0,0,0,0,0,0,0,0,0,0,0,0,0,0,0,0,0,0,0,0,0,0,0,0,0,0,0,0,0,0,0,0,0,0,0,0,0,0,0,0,0,0,0,0,0,0,0,0,0,0,0,0,0,0,0,0,0,0,0,0,0,0,0,0,0,0,0,0,0,0,0,0,0,0,0,0,0,0
2026-12-14,124,282,89,255,63,125,44,264,182,34,771,186,65,49,29,57,122,65,252,459,23,44,34,334,63,502,186,13,416,80,126,795,56,690,173,263,161,64,80,63,55,44,133,331,47,64,86,294,42,124,56,133,50,82,321,124,127,541,62,85,65,609,14,335,122,64,109,260,56,128,40,56,81,43,64,129,66,58,20,552,269,155,62,45,108,44,105,119,80,125,62,124,64,62,110,82,501,118,65,19,147,745,58,60,68,237,147,428,86,278,45,69,56,41,69,32,83,59,68,39,58,50,481,42,107,28,66,123,289,122,63,607,67,218,56,230,59,19,62,370,198,60,40,14,137,250,21,28,20,60,20,142,311,62,35,47,113,66,379,29,40,80,27,61,486,203,83,122,127,289,65,129,42,42,375,126,39,51,20,62,42,394,284,66,363,7,298,130,63,353,229,22,374,197,259,60,729,95,264,105,55,155,230,282,147,373,43,351,101,64,40,14,57,128,666,713,39,29,64,123,734,653,59,22,262,31,7,142,126,40,38,82,107,384,125,129,325,43,84,88,41,499,174,40,240,35,70,19,643,13,59,136,39,101,62,117,87,117,85,472,183,365,274,45,534,114,112,118,62,247,117,755,123,66,126,66,42,43,62,94,698,776,63,84,57,101,64,41,263,50,369,127,236,515,64,134,43,7,44,51,62,175,130,60,42,78,64,13,59,831,29,422,810,27,246,644,51,121,42,85,19,122,63,70,63,67,41,137,64,50,41,373,94,637,97,245,62,854,117,38,250,364,76,96,83,129,140,269,123,180,39,13,41,66,27,44,129,129,27,28,30,56,41,250,260,85,467,59,62,26,159,35,63,252,63,62,127,66,254,63,42,299,273,111,251,35,50,81,183,63,125,269,60,806,55,82,83,43,128,120,64,126,20,365,58,131,42,491,63,128,116,335,55,255,41,112,40,329,150,455,87,556,13,7,195,60,61,282,260,77,66,131,100,262,766,63,128,125,53,80,64,86,129,51,54,152,61,103,58,113,163,44,124,119,23,312,537,59,205,58,113,124,175,56,195,130,33,128,133,242,250,55,20,160,41,121,63,63,34,63,39,301,72,285,488,131,371,210,86,342,33,344,486,188,430,327,445,103,237,171,53,120,118,128,60,407,131,240,50,35,128,221,85,126,123,239,60,55,309,112,28,384,304,60,68,43,30,127,41,481,61,122,276,41,399,197,66,370,27,121,66,321,33,42,236,432,293,512,131,529,250,362,460,65,130,247,395,34,278,507,127,394,63,64,134,20,68,307,54,383,128,101,29,20,338,83,61,39,405,710,80,243,43,336,119,701,143,22,426,99,62,125,87,148,65,252,62,109,59,101
2026-12-15,122,295,78,235,60,120,39,238,172,34,740,181,59,47,31,49,142,56,243,428,20,43,30,309,63,408,212,14,406,91,115,715,48,623,162,262,153,56,82,61,50,40,117,312,44,66,83,289,41,130,51,115,47,82,332,123,122,556,60,82,90,514,22,279,122,59,97,238,47,117,47,49,79,43,63,119,59,48,26,498,261,157,60,69,99,48,97,120,84,117,59,116,60,60,123,99,539,127,61,25,148,717,48,52,61,261,115,419,78,200,42,62,52,52,70,35,81,62,60,45,49,48,411,45,85,25,59,118,264,118,62,522,58,180,49,205,60,15,62,293,204,57,49,22,120,263,15,27,26,62,25,139,299,58,35,43,97,62,344,30,41,88,28,60,446,202,92,115,118,251,61,121,41,46,347,120,38,75,25,61,45,384,230,56,391,11,286,121,62,297,197,14,393,166,258,67,723,94,239,99,50,175,231,268,106,374,44,333,90,59,46,21,49,116,567,649,53,33,60,120,705,684,64,20,250,28,10,170,130,41,49,80,95,361,111,122,278,46,78,78,47,428,194,47,242,56,69,27,523,14,50,121,30,91,57,118,92,123,94,436,180,339,249,39,495,101,102,119,60,205,119,728,121,61,125,60,44,47,62,113,596,782,61,80,49,142,57,42,213,45,341,114,196,500,61,128,40,11,45,46,61,174,123,60,38,78,62,13,50,831,27,377,763,27,218,602,45,121,45,144,24,113,56,61,63,62,45,149,58,55,46,348,99,578,88,233,63,814,120,38,253,348,89,89,75,119,122,259,114,150,52,14,35,60,31,38,112,115,26,30,33,49,35,229,264,88,463,61,59,27,160,31,59,263,58,59,117,84,279,60,41,284,252,102,237,34,46,69,207,57,125,253,63,754,49,80,84,40,125,125,59,122,26,348,49,120,39,464,59,117,100,320,49,223,32,99,52,337,105,440,90,521,14,11,172,61,60,237,241,83,62,117,90,263,725,62,119,119,50,79,57,87,119,46,48,130,61,94,61,107,169,36,118,121,20,291,507,62,240,64,98,125,166,49,207,119,29,120,148,232,266,54,24,162,47,102,59,57,30,60,42,262,71,279,415,119,342,218,90,326,29,332,395,207,386,342,396,95,233,160,50,126,114,117,60,401,125,235,46,30,118,225,79,128,118,209,59,50,326,103,25,381,265,63,61,35,29,126,45,415,61,108,303,30,391,197,57,365,28,103,63,274,33,40,211,380,252,523,115,480,247,342,413,60,122,249,376,31,263,499,119,348,56,60,151,25,68,279,57,391,112,108,31,26,320,57,58,39,379,686,76,221,43,334,94,668,154,20,383,96,59,124,81,159,57,269,62,92,58,91
2026-12-16,90,212,74,186,48,95,27,199,130,28,539,154,46,37,26,39,88,44,182,349,18,39,19,250,44,339,176,9,302,67,90,602,38,512,120,208,105,45,56,47,37,26,96,233,38,47,52,219,34,96,39,89,36,56,237,98,92,406,46,54,49,434,12,238,92,46,65,163,40,91,34,41,55,35,47,94,48,39,15,373,200,125,45,36,75,33,77,94,54,89,46,95,48,47,97,69,472,98,47,15,128,539,42,40,45,205,88,324,54,154,38,45,41,29,54,27,53,48,40,34,40,38,344,33,80,17,45,91,186,89,46,421,41,147,40,162,49,12,45,255,133,48,32,11,89,214,13,17,16,46,14,110,242,46,28,37,78,46,272,25,28,72,19,49,365,154,69,95,97,211,46,89,28,35,283,88,28,42,15,45,35,304,202,46,294,6,213,92,45,235,132,12,297,148,201,46,564,72,206,71,43,141,171,214,86,283,35,250,72,46,34,12,39,95,450,496,30,25,46,88,520,477,45,20,194,23,6,104,94,26,28,56,79,253,90,92,210,33,54,74,35,299,150,32,161,30,57,16,440,9,42,96,24,73,45,91,71,94,71,370,141,249,195,28,396,75,79,94,43,175,97,573,96,44,90,49,35,36,42,65,501,540,46,54,41,82,45,26,189,38,294,85,171,351,44,90,25,6,32,38,45,123,91,43,28,53,47,9,37,579,18,330,641,19,168,474,37,96,33,69,16,88,44,42,45,46,33,106,47,36,34,304,64,449,76,175,47,555,96,27,199,274,58,70,54,86,120,206,93,133,31,9,28,48,26,31,93,93,19,25,25,41,30,158,202,68,360,46,45,19,135,29,46,188,42,47,94,53,201,44,26,225,181,82,185,27,36,64,127,47,92,205,48,569,40,81,68,27,95,92,48,98,15,267,40,92,36,341,44,90,83,271,38,168,23,84,31,235,83,343,66,390,9,6,147,45,46,194,156,54,47,98,72,216,584,46,92,92,36,52,47,66,90,38,39,104,45,71,49,82,111,30,97,91,19,240,382,50,188,46,80,91,116,39,182,87,20,94,104,177,195,36,15,120,35,72,47,46,20,46,26,208,56,195,355,91,253,160,70,258,20,259,279,175,292,268,318,77,186,106,40,96,91,91,43,338,91,178,37,21,90,169,54,91,91,160,47,40,242,80,18,273,250,46,43,32,26,91,34,335,47,78,231,23,269,151,45,271,18,77,44,218,28,25,164,309,243,396,92,388,187,267,310,45,93,187,252,20,207,368,79,276,45,45,89,15,54,220,37,309,88,82,25,15,227,50,48,26,276,522,55,175,26,262,80,473,125,18,302,72,45,91,71,119,45,183,48,82,47,75
2026-12-17,99,203,62,171,49,89,31,195,137,27,557,144,44,37,24,40,92,48,187,347,16,33,25,281,48,350,175,9,324,63,95,596,38,566,136,204,122,44,63,46,41,33,95,246,38,49,63,201,31,100,39,96,35,62,255,94,98,409,45,59,58,410,16,236,90,44,79,201,38,92,32,40,62,32,47,98,45,39,16,390,201,108,45,48,75,34,73,96,62,97,50,94,48,49,97,67,380,95,48,17,115,546,41,39,46,189,86,298,65,187,33,48,38,33,47,25,65,46,45,33,40,36,338,34,76,21,44,93,199,97,47,436,49,141,41,174,42,14,46,249,146,45,33,16,92,194,14,23,17,47,17,103,209,46,24,39,82,45,260,24,31,64,23,46,342,146,66,96,92,223,47,97,32,34,308,96,30,56,17,48,31,287,195,45,295,9,231,90,45,244,162,15,295,141,189,48,620,74,205,77,40,132,162,206,96,322,35,265,76,47,33,16,38,88,462,519,32,23,46,93,537,489,46,16,194,21,8,116,93,30,33,62,79,282,85,94,231,33,62,63,33,325,148,33,169,39,52,16,445,9,38,91,28,76,48,92,65,97,65,320,126,266,188,31,394,77,79,90,48,182,90,540,95,44,94,47,33,33,46,80,496,599,51,62,37,91,51,32,175,38,265,88,156,376,45,98,30,8,34,38,46,136,91,46,30,65,48,9,41,607,23,301,591,22,178,477,37,97,33,95,18,100,47,46,44,51,34,114,43,36,34,284,65,458,76,173,50,630,95,32,188,271,60,75,61,92,101,214,94,122,34,8,30,48,24,30,94,89,23,24,22,39,30,197,198,66,381,45,48,18,116,25,47,195,47,46,94,59,200,44,32,224,206,80,193,25,37,62,149,47,96,194,47,562,39,63,66,32,93,98,46,89,18,269,39,99,34,351,47,97,73,249,46,178,26,78,34,238,103,331,65,406,9,8,138,47,44,190,196,61,51,92,79,206,577,52,95,91,43,62,50,68,94,38,38,105,47,76,47,95,135,30,96,92,16,257,388,48,182,47,75,94,135,39,169,92,22,92,105,185,190,45,16,132,31,80,46,47,23,46,28,212,49,205,331,100,300,178,64,229,23,268,319,167,298,248,299,75,198,144,39,99,94,94,48,308,95,187,38,24,95,158,62,98,93,161,46,38,220,78,24,293,221,47,43,32,24,90,35,349,46,98,223,28,300,167,48,280,21,79,48,230,24,32,149,310,212,394,99,387,196,277,316,45,94,188,307,23,224,386,103,299,49,47,108,15,51,223,36,324,97,89,23,16,246,56,47,31,277,509,61,165,30,259,78,502,114,16,316,76,47,97,64,110,47,184,49,81,43,77
2026-12-18,98,220,72,197,51,101,30,217,128,31,589,139,49,40,21,43,110,49,182,350,19,37,25,256,47,411,154,10,325,67,101,593,46,510,126,199,129,51,61,49,46,32,99,272,38,50,60,216,33,102,46,107,40,62,259,100,93,429,49,58,49,491,8,277,99,46,74,199,45,96,34,42,64,32,45,94,49,43,15,433,211,122,50,25,94,33,74,96,59,97,45,104,49,50,90,66,409,99,50,16,114,621,47,47,48,183,103,351,61,205,37,49,44,30,58,28,62,48,49,33,48,38,355,31,76,20,45,98,201,96,49,471,56,162,46,169,51,16,51,289,149,48,30,8,96,212,17,19,14,51,14,130,266,48,29,36,90,48,318,21,32,70,20,50,395,160,66,101,99,231,50,102,32,32,295,102,31,29,15,49,31,281,217,48,321,4,232,100,52,287,180,16,311,162,197,48,547,72,222,73,48,140,180,223,105,306,33,272,77,51,32,8,44,101,535,534,31,23,50,98,537,524,48,18,210,26,4,108,96,32,29,64,90,290,102,99,240,33,60,72,32,382,140,33,171,20,60,16,492,11,42,96,32,75,51,98,67,98,70,388,138,285,221,32,406,90,90,101,49,198,95,629,92,49,101,49,33,33,49,73,532,558,47,61,45,77,51,31,204,38,303,100,188,383,50,88,32,4,32,36,48,133,100,50,31,63,49,11,38,593,20,325,678,19,190,503,36,99,33,48,15,100,49,55,48,48,32,99,47,45,33,281,77,489,72,185,46,661,99,30,211,293,60,76,59,100,118,212,95,128,30,11,30,47,22,34,100,101,20,21,23,45,35,175,210,66,387,50,48,23,136,30,54,171,49,48,99,47,197,46,30,232,195,94,184,28,39,71,135,48,92,210,43,605,46,71,66,32,102,96,50,99,15,293,46,96,36,407,50,103,91,231,41,200,32,89,31,246,111,383,68,459,11,4,141,49,48,202,174,63,49,97,75,188,614,51,97,98,41,59,49,63,97,35,44,121,52,75,49,79,120,33,104,99,17,239,395,43,167,48,90,97,124,44,163,93,27,99,106,177,193,40,15,124,34,96,50,48,27,52,33,231,56,230,388,98,273,174,69,255,26,276,371,150,314,260,348,72,185,130,48,88,101,93,47,317,107,177,38,27,99,166,59,99,94,202,46,42,228,86,20,298,244,48,56,35,23,97,34,351,49,87,214,32,276,143,49,301,21,97,50,256,29,30,180,337,250,437,97,436,196,283,349,50,93,186,290,27,230,366,93,300,51,49,103,16,60,231,44,309,92,73,20,15,265,62,53,31,298,576,66,191,31,253,96,529,117,19,344,75,51,95,66,106,45,200,47,94,49,70
2026-12-19,0,0,0,0,0,0,0,0,0,0,0,0,0,0,0,0,0,0,0,0,0,0,0,0,0,0,0,0,0,0,0,0,0,0,0,0,0,0,0,0,0,0,0,0,0,0,0,0,0,0,0,0,0,0,0,0,0,0,0,0,0,0,0,0,0,0,0,0,0,0,0,0,0,0,0,0,0,0,0,0,0,0,0,0,0,0,0,0,0,0,0,0,0,0,0,0,0,0,0,0,0,0,0,0,0,0,0,0,0,0,0,0,0,0,0,0,0,0,0,0,0,0,0,0,0,0,0,0,0,0,0,0,0,0,0,0,0,0,0,0,0,0,0,0,0,0,0,0,0,0,0,0,0,0,0,0,0,0,0,0,0,0,0,0,0,0,0,0,0,0,0,0,0,0,0,0,0,0,0,0,0,0,0,0,0,0,0,0,0,0,0,0,0,0,0,0,0,0,0,0,0,0,0,0,0,0,0,0,0,0,0,0,0,0,0,0,0,0,0,0,0,0,0,0,0,0,0,0,0,0,0,0,0,0,0,0,0,0,0,0,0,0,0,0,0,0,0,0,0,0,0,0,0,0,0,0,0,0,0,0,0,0,0,0,0,0,0,0,0,0,0,0,0,0,0,0,0,0,0,0,0,0,0,0,0,0,0,0,0,0,0,0,0,0,0,0,0,0,0,0,0,0,0,0,0,0,0,0,0,0,0,0,0,0,0,0,0,0,0,0,0,0,0,0,0,0,0,0,0,0,0,0,0,0,0,0,0,0,0,0,0,0,0,0,0,0,0,0,0,0,0,0,0,0,0,0,0,0,0,0,0,0,0,0,0,0,0,0,0,0,0,0,0,0,0,0,0,0,0,0,0,0,0,0,0,0,0,0,0,0,0,0,0,0,0,0,0,0,0,0,0,0,0,0,0,0,0,0,0,0,0,0,0,0,0,0,0,0,0,0,0,0,0,0,0,0,0,0,0,0,0,0,0,0,0,0,0,0,0,0,0,0,0,0,0,0,0,0,0,0,0,0,0,0,0,0,0,0,0,0,0,0,0,0,0,0,0,0,0,0,0,0,0,0,0,0,0,0,0,0,0,0,0,0,0,0,0,0,0,0,0,0,0,0,0,0,0,0,0,0,0,0,0,0,0,0,0,0,0,0,0,0,0,0,0,0,0,0,0,0,0,0,0,0,0,0,0,0,0,0,0,0,0,0,0,0,0,0,0,0,0,0,0,0,0,0,0,0,0,0,0,0,0,0,0,0,0,0,0,0,0,0,0,0,0,0,0,0,0,0,0,0,0,0,0,0,0,0,0,0,0,0,0,0,0,0,0,0,0,0,0,0,0,0,0,0,0,0,0,0
2026-12-20,0,0,0,0,0,0,0,0,0,0,0,0,0,0,0,0,0,0,0,0,0,0,0,0,0,0,0,0,0,0,0,0,0,0,0,0,0,0,0,0,0,0,0,0,0,0,0,0,0,0,0,0,0,0,0,0,0,0,0,0,0,0,0,0,0,0,0,0,0,0,0,0,0,0,0,0,0,0,0,0,0,0,0,0,0,0,0,0,0,0,0,0,0,0,0,0,0,0,0,0,0,0,0,0,0,0,0,0,0,0,0,0,0,0,0,0,0,0,0,0,0,0,0,0,0,0,0,0,0,0,0,0,0,0,0,0,0,0,0,0,0,0,0,0,0,0,0,0,0,0,0,0,0,0,0,0,0,0,0,0,0,0,0,0,0,0,0,0,0,0,0,0,0,0,0,0,0,0,0,0,0,0,0,0,0,0,0,0,0,0,0,0,0,0,0,0,0,0,0,0,0,0,0,0,0,0,0,0,0,0,0,0,0,0,0,0,0,0,0,0,0,0,0,0,0,0,0,0,0,0,0,0,0,0,0,0,0,0,0,0,0,0,0,0,0,0,0,0,0,0,0,0,0,0,0,0,0,0,0,0,0,0,0,0,0,0,0,0,0,0,0,0,0,0,0,0,0,0,0,0,0,0,0,0,0,0,0,0,0,0,0,0,0,0,0,0,0,0,0,0,0,0,0,0,0,0,0,0,0,0,0,0,0,0,0,0,0,0,0,0,0,0,0,0,0,0,0,0,0,0,0,0,0,0,0,0,0,0,0,0,0,0,0,0,0,0,0,0,0,0,0,0,0,0,0,0,0,0,0,0,0,0,0,0,0,0,0,0,0,0,0,0,0,0,0,0,0,0,0,0,0,0,0,0,0,0,0,0,0,0,0,0,0,0,0,0,0,0,0,0,0,0,0,0,0,0,0,0,0,0,0,0,0,0,0,0,0,0,0,0,0,0,0,0,0,0,0,0,0,0,0,0,0,0,0,0,0,0,0,0,0,0,0,0,0,0,0,0,0,0,0,0,0,0,0,0,0,0,0,0,0,0,0,0,0,0,0,0,0,0,0,0,0,0,0,0,0,0,0,0,0,0,0,0,0,0,0,0,0,0,0,0,0,0,0,0,0,0,0,0,0,0,0,0,0,0,0,0,0,0,0,0,0,0,0,0,0,0,0,0,0,0,0,0,0,0,0,0,0,0,0,0,0,0,0,0,0,0,0,0,0,0,0,0,0,0,0,0,0,0,0,0,0,0,0,0,0,0,0,0,0,0,0,0,0,0,0,0,0,0,0,0,0,0,0,0,0,0,0,0,0,0,0,0,0,0,0,0,0,0,0,0,0,0,0,0,0,0,0,0
2026-12-21,109,221,92,205,56,109,34,231,160,29,721,173,58,47,28,47,86,57,220,446,21,43,27,326,54,463,196,9,365,69,111,706,46,596,156,224,137,57,69,58,45,33,116,261,46,55,71,252,37,111,48,109,45,67,288,116,110,482,57,71,58,508,14,300,104,55,89,206,48,106,37,50,67,37,55,111,53,49,15,469,219,115,56,42,92,36,91,112,66,109,55,106,54,55,122,72,488,114,54,17,137,671,46,49,53,223,106,373,64,237,43,58,49,30,60,30,67,60,53,36,50,45,432,38,93,25,55,110,227,115,53,570,55,173,49,198,58,19,55,316,175,53,32,13,108,235,18,26,16,58,16,120,265,57,30,44,96,54,329,29,36,78,25,58,441,179,73,111,112,248,56,105,32,38,357,113,34,51,15,58,36,356,219,54,354,7,248,112,55,302,184,19,328,194,226,53,651,91,237,92,48,151,205,255,119,371,35,307,86,54,36,14,46,110,572,623,31,28,56,107,589,571,57,22,223,28,7,115,115,33,33,71,98,328,109,111,274,38,67,80,38,359,163,39,211,35,59,16,506,9,47,103,34,91,56,112,72,114,78,393,143,330,241,35,491,98,97,112,57,202,106,731,110,58,110,57,36,36,57,73,642,690,55,69,50,87,54,35,207,48,344,111,216,463,56,112,33,7,34,46,53,143,112,56,32,70,57,9,48,649,26,389,726,26,212,575,48,108,36,81,17,112,55,53,57,53,36,114,55,32,38,329,63,567,92,210,55,733,109,37,230,316,61,96,71,108,137,233,114,166,33,9,34,55,27,36,111,109,25,27,27,48,38,193,243,72,454,54,57,18,137,31,54,215,58,56,101,58,232,56,32,284,219,96,220,29,48,74,154,53,112,244,57,712,48,78,77,33,116,113,56,114,17,322,45,110,43,422,53,107,96,285,48,221,38,100,34,288,127,441,76,475,9,7,179,55,54,231,220,66,55,109,88,227,662,58,108,108,50,66,54,72,115,48,50,120,57,95,53,114,159,41,113,111,20,302,449,51,192,58,98,114,155,48,192,115,27,105,118,195,206,50,15,158,39,96,58,54,28,56,28,254,58,240,401,110,358,193,77,293,27,298,370,197,362,276,344,90,216,147,44,116,111,109,58,363,113,216,48,28,112,184,67,110,110,202,56,45,254,96,25,334,293,52,53,36,27,111,37,433,56,112,243,38,315,179,53,318,25,96,55,276,28,34,197,364,282,502,113,489,226,342,368,55,109,223,366,27,266,463,119,330,54,54,98,16,64,260,36,377,104,100,28,16,286,72,56,34,358,646,65,198,35,297,93,576,127,21,374,92,55,101,76,122,58,226,53,93,54,94
2026-12-22,106,265,79,222,57,118,37,231,171,30,701,177,56,48,33,43,100,57,238,411,21,41,24,328,58,398,221,10,408,81,109,711,45,608,154,241,137,53,72,55,44,37,112,246,47,54,73,244,45,109,44,108,45,74,297,112,107,505,53,70,78,436,24,268,111,58,100,206,42,109,40,43,78,41,55,108,57,45,22,471,233,131,53,71,90,42,90,109,69,122,56,116,59,54,112,83,502,112,57,21,144,659,44,44,56,252,108,332,71,182,39,55,45,44,56,30,70,56,47,41,44,46,451,43,88,27,57,116,218,109,57,550,48,152,43,197,54,14,55,298,176,56,43,24,110,222,14,25,23,55,23,120,264,56,31,47,88,58,300,32,34,80,25,51,408,190,81,116,113,248,55,114,35,42,329,112,37,75,21,56,40,344,216,56,350,12,250,113,58,292,158,14,352,175,216,56,692,93,244,90,43,163,195,257,99,365,40,323,95,55,39,24,45,118,521,622,42,32,57,106,638,595,57,20,208,25,12,154,119,35,43,74,82,327,115,111,275,44,71,80,44,346,183,40,209,63,62,22,464,10,45,112,27,96,55,108,89,111,88,397,175,323,263,36,511,87,83,111,56,185,112,623,115,58,114,59,43,41,56,99,598,727,57,72,48,127,57,37,187,46,343,113,187,433,53,110,37,12,43,45,55,154,112,54,37,71,57,10,53,721,27,388,690,26,206,614,46,110,45,150,23,110,57,47,55,55,44,138,54,38,43,340,74,529,89,213,53,742,115,36,224,345,80,93,67,110,122,248,122,150,43,10,37,54,32,33,113,110,26,33,33,41,35,203,262,83,416,52,59,21,148,30,57,234,53,54,107,76,258,56,35,274,235,88,215,30,44,67,163,56,118,225,64,693,44,81,89,38,117,116,55,117,22,338,43,111,39,435,56,118,85,365,52,189,28,87,44,292,96,420,86,497,10,12,179,54,59,252,223,73,56,120,90,261,685,58,106,111,51,75,58,78,106,45,40,120,56,92,56,117,162,35,116,115,20,269,473,62,221,53,89,111,161,43,216,108,24,112,139,238,241,51,22,161,42,82,55,54,23,55,31,248,62,236,397,121,353,204,86,304,22,306,330,215,361,307,378,90,230,150,46,123,112,114,58,388,110,216,46,22,113,214,76,108,106,189,58,45,307,91,27,344,294,58,50,35,34,105,40,406,57,125,293,28,327,209,56,325,28,83,55,243,29,36,185,356,277,500,116,445,243,319,342,52,111,232,384,24,259,471,122,356,55,57,130,22,60,251,41,361,111,117,32,23,292,58,55,37,327,639,69,202,33,335,89,568,148,20,395,91,57,112,82,143,57,230,54,86,56,85
2026-12-23,79,190,42,195,42,83,29,173,100,25,510,97,40,26,15,38,142,40,155,266,10,23,25,185,40,278,111,14,277,60,80,482,39,372,95,154,122,41,62,40,38,29,80,222,27,44,60,187,29,80,39,81,26,60,210,79,83,400,40,57,60,418,8,212,79,44,60,181,35,79,30,38,60,28,41,79,42,37,18,359,181,110,41,22,75,29,54,84,62,81,41,85,41,44,86,60,350,83,41,17,97,488,36,36,41,165,107,287,62,166,23,42,38,37,52,26,63,39,53,30,40,26,252,29,57,16,44,78,205,82,43,324,55,141,38,122,39,12,41,200,149,40,36,9,82,178,12,16,18,41,19,98,216,41,26,27,73,41,265,14,30,55,15,40,347,138,59,83,81,183,40,78,30,30,252,82,28,28,18,39,28,276,182,39,247,4,225,80,40,249,171,12,250,104,164,41,431,54,171,50,38,114,151,204,86,217,31,219,54,41,28,8,36,83,442,435,36,16,40,86,489,449,39,11,173,27,4,122,81,29,37,62,76,257,81,83,199,30,62,43,28,394,129,30,160,19,50,19,402,14,37,82,22,53,38,78,61,84,55,313,116,228,178,29,289,72,71,79,42,163,81,530,84,41,86,42,29,30,41,83,455,491,41,61,36,92,41,32,180,26,204,83,131,370,42,86,30,4,29,26,42,140,83,40,31,59,40,14,30,523,16,230,596,15,163,349,26,82,30,49,18,84,41,53,40,41,32,94,42,59,29,193,101,342,53,158,43,552,86,29,178,264,71,52,60,88,74,195,80,91,37,15,30,39,15,23,84,80,17,15,15,38,23,168,187,59,324,41,42,27,115,26,41,172,41,43,78,62,172,42,30,171,199,72,160,27,28,47,139,41,80,173,31,493,37,44,60,29,81,83,40,82,18,242,36,81,22,319,42,84,74,170,33,162,25,75,36,214,84,303,58,369,13,4,104,42,41,175,151,63,42,83,51,164,485,40,79,83,32,61,40,59,79,27,37,119,44,53,42,70,82,23,77,78,11,167,317,31,108,42,75,78,103,39,105,79,24,84,93,183,175,31,18,87,28,86,45,42,25,42,43,186,50,179,305,86,210,141,59,207,27,204,357,98,265,238,286,51,160,114,38,58,84,78,41,311,79,156,27,25,81,151,55,84,81,161,40,36,206,77,16,269,160,42,51,22,16,86,29,235,42,70,188,23,293,94,41,236,18,90,43,209,26,29,145,301,143,358,83,327,167,226,295,44,87,154,218,26,186,326,77,247,41,41,114,19,49,184,59,268,88,56,15,18,265,47,42,30,244,503,61,157,29,236,72,472,103,12,271,54,43,85,58,97,42,164,44,72,41,55
2026-12-24,122,287,81,267,58,122,36,253,150,35,732,155,58,38,27,50,168,57,222,386,22,41,29,290,60,383,209,17,412,96,111,693,51,522,130,264,142,62,75,60,52,37,121,312,41,54,70,252,47,118,52,117,40,73,311,110,117,589,56,75,80,540,14,313,120,55,74,227,50,118,43,51,73,44,55,112,60,49,24,491,236,166,58,43,109,45,86,115,71,115,59,121,61,57,111,87,554,116,60,25,148,699,52,54,58,261,117,422,68,160,42,58,49,49,77,38,77,59,58,45,50,39,400,45,81,20,56,120,233,117,64,522,55,187,50,177,58,13,61,294,193,55,48,15,118,244,13,20,22,59,24,147,323,58,37,43,103,57,351,27,35,92,20,56,450,224,90,118,122,281,57,119,37,46,335,123,35,49,23,60,42,348,237,54,310,6,283,106,57,315,198,13,337,171,248,59,677,79,262,83,50,184,212,265,92,341,46,342,85,60,44,14,51,122,585,653,49,29,60,115,667,621,55,22,239,31,7,166,117,35,49,75,99,350,112,115,277,45,78,85,41,443,207,44,236,34,79,25,565,18,49,114,27,81,57,112,88,115,88,534,185,341,261,34,437,108,101,113,54,226,120,742,115,60,114,57,44,43,57,113,656,761,63,73,55,127,59,38,241,42,316,115,200,461,59,118,36,7,45,39,61,166,113,58,36,77,61,17,40,746,21,352,792,20,224,541,40,113,46,86,25,118,57,53,59,60,46,137,55,68,46,329,102,491,86,214,59,760,122,37,266,322,90,84,69,115,132,254,111,142,50,18,36,55,28,33,117,115,21,29,29,48,32,217,255,92,422,58,61,35,167,37,57,235,56,55,111,77,263,60,37,244,234,106,224,38,41,68,175,54,111,247,60,764,51,81,86,39,116,117,56,121,25,337,51,113,44,430,62,108,107,310,40,221,26,96,50,320,95,419,95,512,18,7,156,60,57,227,176,73,58,110,80,282,718,57,113,115,41,75,59,94,123,41,51,126,58,82,58,84,140,34,119,110,21,263,441,53,206,57,107,111,130,51,187,118,31,119,143,238,269,40,25,130,46,101,57,58,31,58,54,290,77,263,429,115,306,204,91,321,31,305,367,185,360,358,385,83,235,146,49,114,117,113,59,442,116,213,39,31,117,220,74,117,114,232,59,47,328,99,20,352,292,59,59,36,28,115,44,390,59,90,296,27,342,182,59,320,20,106,58,282,37,39,215,375,263,479,114,471,246,339,430,60,117,230,271,30,268,458,96,356,55,54,161,25,76,262,65,354,115,95,29,24,325,50,59,39,364,661,71,248,35,346,98,643,164,22,394,84,57,108,84,151,59,261,58,107,61,82
2026-12-25,100,232,42,202,52,100,42,218,118,29,587,129,52,33,19,42,181,49,190,294,10,19,31,246,54,278,132,18,376,74,102,598,42,461,109,197,157,50,83,51,40,42,110,252,33,51,80,226,37,103,42,97,34,79,252,105,98,496,49,81,88,457,17,255,103,50,87,254,45,99,36,42,82,38,52,97,50,43,26,430,213,119,47,53,83,38,61,105,88,106,51,98,51,49,108,75,399,102,50,25,120,623,43,44,54,201,136,332,84,175,20,50,42,58,55,28,86,48,65,37,44,33,318,40,66,22,49,105,264,106,51,392,63,146,42,141,49,14,53,208,200,47,52,17,104,207,14,23,25,51,26,106,264,51,27,33,88,49,293,18,41,78,23,50,368,166,77,104,101,234,53,102,39,37,319,107,42,66,26,51,38,339,190,49,291,8,289,108,50,261,201,14,284,125,225,52,565,65,212,64,41,146,181,234,99,262,37,273,67,55,35,18,44,99,501,533,53,19,50,101,636,521,49,11,208,33,9,193,102,39,55,75,81,309,105,102,252,38,82,38,36,480,166,36,184,42,55,28,471,18,41,105,29,66,51,94,79,101,75,372,151,293,232,43,376,85,78,105,53,188,104,599,95,51,96,50,37,38,52,133,557,644,53,81,42,137,50,42,190,32,248,102,137,443,51,102,40,10,37,32,49,177,101,49,37,85,47,18,50,694,23,274,658,23,211,404,33,105,40,107,28,105,49,64,53,50,38,116,47,69,37,236,122,407,61,183,51,694,103,43,220,286,100,71,86,105,84,216,109,91,56,18,42,49,19,25,99,101,23,18,19,44,25,224,233,75,378,52,52,35,119,28,52,207,52,49,103,90,223,50,39,200,252,86,200,27,33,46,193,55,102,208,37,665,40,38,69,41,101,109,52,100,28,297,44,99,20,374,50,106,87,218,46,167,28,83,52,274,96,354,77,454,17,8,117,55,52,218,199,84,50,105,68,204,564,50,101,101,47,85,51,73,102,32,39,140,52,64,53,103,114,24,99,101,11,195,373,37,142,51,88,103,143,42,127,97,33,94,120,270,225,45,28,125,40,111,46,49,34,48,53,230,53,206,342,103,246,193,80,261,31,270,433,125,318,287,318,64,190,164,42,77,103,105,49,371,101,178,30,33,98,178,82,99,106,189,51,40,257,83,24,319,144,50,64,24,19,106,40,284,50,93,229,28,393,137,50,292,22,110,49,233,27,39,174,330,132,403,108,441,215,284,356,52,109,186,315,33,233,412,103,338,52,50,167,27,58,227,76,332,101,73,18,27,349,53,48,39,295,629,83,180,40,279,82,572,141,11,333,65,52,101,79,116,53,188,48,87,50,68
2026-12-26,0,0,0,0,0,0,0,0,0,0,0,0,0,0,0,0,0,0,0,0,0,0,0,0,0,0,0,0,0,0,0,0,0,0,0,0,0,0,0,0,0,0,0,0,0,0,0,0,0,0,0,0,0,0,0,0,0,0,0,0,0,0,0,0,0,0,0,0,0,0,0,0,0,0,0,0,0,0,0,0,0,0,0,0,0,0,0,0,0,0,0,0,0,0,0,0,0,0,0,0,0,0,0,0,0,0,0,0,0,0,0,0,0,0,0,0,0,0,0,0,0,0,0,0,0,0,0,0,0,0,0,0,0,0,0,0,0,0,0,0,0,0,0,0,0,0,0,0,0,0,0,0,0,0,0,0,0,0,0,0,0,0,0,0,0,0,0,0,0,0,0,0,0,0,0,0,0,0,0,0,0,0,0,0,0,0,0,0,0,0,0,0,0,0,0,0,0,0,0,0,0,0,0,0,0,0,0,0,0,0,0,0,0,0,0,0,0,0,0,0,0,0,0,0,0,0,0,0,0,0,0,0,0,0,0,0,0,0,0,0,0,0,0,0,0,0,0,0,0,0,0,0,0,0,0,0,0,0,0,0,0,0,0,0,0,0,0,0,0,0,0,0,0,0,0,0,0,0,0,0,0,0,0,0,0,0,0,0,0,0,0,0,0,0,0,0,0,0,0,0,0,0,0,0,0,0,0,0,0,0,0,0,0,0,0,0,0,0,0,0,0,0,0,0,0,0,0,0,0,0,0,0,0,0,0,0,0,0,0,0,0,0,0,0,0,0,0,0,0,0,0,0,0,0,0,0,0,0,0,0,0,0,0,0,0,0,0,0,0,0,0,0,0,0,0,0,0,0,0,0,0,0,0,0,0,0,0,0,0,0,0,0,0,0,0,0,0,0,0,0,0,0,0,0,0,0,0,0,0,0,0,0,0,0,0,0,0,0,0,0,0,0,0,0,0,0,0,0,0,0,0,0,0,0,0,0,0,0,0,0,0,0,0,0,0,0,0,0,0,0,0,0,0,0,0,0,0,0,0,0,0,0,0,0,0,0,0,0,0,0,0,0,0,0,0,0,0,0,0,0,0,0,0,0,0,0,0,0,0,0,0,0,0,0,0,0,0,0,0,0,0,0,0,0,0,0,0,0,0,0,0,0,0,0,0,0,0,0,0,0,0,0,0,0,0,0,0,0,0,0,0,0,0,0,0,0,0,0,0,0,0,0,0,0,0,0,0,0,0,0,0,0,0,0,0,0,0,0,0,0,0,0,0,0,0,0,0,0,0,0,0,0,0,0,0,0,0,0,0,0,0,0,0,0,0,0,0,0,0,0,0,0,0,0,0,0,0,0,0,0
2026-12-27,0,0,0,0,0,0,0,0,0,0,0,0,0,0,0,0,0,0,0,0,0,0,0,0,0,0,0,0,0,0,0,0,0,0,0,0,0,0,0,0,0,0,0,0,0,0,0,0,0,0,0,0,0,0,0,0,0,0,0,0,0,0,0,0,0,0,0,0,0,0,0,0,0,0,0,0,0,0,0,0,0,0,0,0,0,0,0,0,0,0,0,0,0,0,0,0,0,0,0,0,0,0,0,0,0,0,0,0,0,0,0,0,0,0,0,0,0,0,0,0,0,0,0,0,0,0,0,0,0,0,0,0,0,0,0,0,0,0,0,0,0,0,0,0,0,0,0,0,0,0,0,0,0,0,0,0,0,0,0,0,0,0,0,0,0,0,0,0,0,0,0,0,0,0,0,0,0,0,0,0,0,0,0,0,0,0,0,0,0,0,0,0,0,0,0,0,0,0,0,0,0,0,0,0,0,0,0,0,0,0,0,0,0,0,0,0,0,0,0,0,0,0,0,0,0,0,0,0,0,0,0,0,0,0,0,0,0,0,0,0,0,0,0,0,0,0,0,0,0,0,0,0,0,0,0,0,0,0,0,0,0,0,0,0,0,0,0,0,0,0,0,0,0,0,0,0,0,0,0,0,0,0,0,0,0,0,0,0,0,0,0,0,0,0,0,0,0,0,0,0,0,0,0,0,0,0,0,0,0,0,0,0,0,0,0,0,0,0,0,0,0,0,0,0,0,0,0,0,0,0,0,0,0,0,0,0,0,0,0,0,0,0,0,0,0,0,0,0,0,0,0,0,0,0,0,0,0,0,0,0,0,0,0,0,0,0,0,0,0,0,0,0,0,0,0,0,0,0,0,0,0,0,0,0,0,0,0,0,0,0,0,0,0,0,0,0,0,0,0,0,0,0,0,0,0,0,0,0,0,0,0,0,0,0,0,0,0,0,0,0,0,0,0,0,0,0,0,0,0,0,0,0,0,0,0,0,0,0,0,0,0,0,0,0,0,0,0,0,0,0,0,0,0,0,0,0,0,0,0,0,0,0,0,0,0,0,0,0,0,0,0,0,0,0,0,0,0,0,0,0,0,0,0,0,0,0,0,0,0,0,0,0,0,0,0,0,0,0,0,0,0,0,0,0,0,0,0,0,0,0,0,0,0,0,0,0,0,0,0,0,0,0,0,0,0,0,0,0,0,0,0,0,0,0,0,0,0,0,0,0,0,0,0,0,0,0,0,0,0,0,0,0,0,0,0,0,0,0,0,0,0,0,0,0,0,0,0,0,0,0,0,0,0,0,0,0,0,0,0,0,0,0,0,0,0,0,0,0,0,0,0,0,0,0,0,0,0,0,0,0
2026-12-28,127,309,92,291,65,132,44,277,163,40,864,183,65,48,31,55,165,66,260,438,23,46,34,340,68,489,203,18,451,90,140,754,57,673,166,270,163,62,88,66,53,43,125,355,48,67,86,285,51,139,54,132,46,80,334,127,129,593,64,91,90,589,15,362,127,61,93,274,60,130,47,60,88,46,63,125,64,60,24,507,276,172,69,49,112,47,97,129,87,123,67,132,63,65,132,102,567,127,64,25,162,792,58,57,64,273,141,477,94,224,46,63,59,54,77,40,85,66,68,48,58,45,458,47,95,27,62,133,295,131,67,577,70,217,59,208,66,19,63,339,221,64,48,16,134,288,16,24,24,65,24,158,349,67,38,46,120,64,391,29,41,92,27,62,495,206,92,127,134,293,63,141,44,50,402,132,41,57,26,64,48,421,263,68,416,8,291,127,64,357,221,18,398,175,273,63,700,91,284,91,58,181,230,306,124,371,45,381,100,67,48,16,60,126,665,683,50,32,67,128,742,712,65,23,276,35,8,176,130,41,51,87,112,410,124,131,334,45,87,88,50,531,196,48,249,42,82,26,650,17,56,125,37,95,60,125,94,127,97,492,190,371,299,43,527,115,110,116,71,251,123,787,125,71,129,66,49,46,63,119,669,805,68,89,58,132,66,45,263,46,388,130,205,537,64,135,40,8,47,46,70,197,128,67,43,86,68,17,53,825,26,424,815,26,249,634,50,131,49,97,25,138,65,67,65,61,45,143,67,70,45,365,115,593,93,244,62,889,122,43,294,396,92,98,82,134,136,314,126,170,49,16,42,62,30,41,132,137,26,29,32,59,39,244,289,87,522,67,63,33,176,42,68,269,66,66,131,79,281,66,46,269,294,115,267,39,47,80,197,61,136,284,60,762,59,90,97,44,131,130,62,129,24,364,54,128,44,504,66,126,117,341,49,260,34,115,50,336,124,477,91,574,17,8,178,64,66,271,227,92,66,127,96,260,789,68,134,122,53,84,62,91,134,47,57,158,64,101,67,112,152,40,138,125,22,306,519,66,213,65,112,130,157,53,209,130,35,121,156,258,282,51,24,167,45,120,67,61,34,64,54,291,80,297,496,128,377,217,94,357,37,348,482,201,399,375,460,95,256,177,55,126,131,131,68,498,131,245,46,35,127,235,86,135,138,231,66,57,326,103,26,419,311,70,68,40,30,129,44,482,69,114,306,37,434,204,70,382,26,125,68,322,39,44,246,453,277,496,126,546,279,379,457,65,136,265,370,35,283,517,136,398,64,64,162,24,79,309,66,414,141,106,30,25,360,76,64,43,423,767,87,270,42,352,114,723,172,22,426,99,63,127,94,157,66,260,68,112,62,96
2026-12-29,122,243,80,229,62,112,43,248,171,33,754,170,58,50,27,53,115,61,233,448,21,39,32,330,62,482,192,12,413,84,115,734,56,666,163,261,163,60,78,58,53,41,119,288,50,66,82,265,40,121,51,124,46,80,310,118,124,495,61,79,64,588,15,322,119,58,105,272,53,123,39,51,82,40,60,121,57,52,19,497,262,135,62,42,106,38,96,109,81,114,58,121,64,62,126,75,476,125,59,19,133,768,51,57,60,232,137,408,85,259,41,61,53,40,64,31,76,60,71,38,55,47,441,40,97,29,62,118,261,122,61,612,65,179,54,216,60,21,57,350,204,59,37,14,118,252,21,29,19,59,19,126,280,61,33,47,112,60,367,27,40,78,27,57,429,184,78,121,120,278,59,118,37,39,367,112,38,50,19,63,40,365,260,61,399,7,290,115,59,327,226,21,374,184,261,60,700,97,250,94,56,146,198,287,148,376,41,347,93,56,41,14,53,122,605,668,37,28,56,118,678,570,59,19,236,34,7,129,122,41,36,72,100,388,126,117,278,40,84,76,36,471,167,37,233,35,63,20,603,12,52,130,41,92,62,112,76,122,76,407,158,368,253,38,492,106,106,113,57,222,126,742,121,58,121,60,37,39,61,88,648,788,56,80,54,102,58,41,239,52,368,121,220,517,59,123,39,7,38,47,61,172,118,57,40,79,59,12,54,782,26,412,755,28,234,624,51,123,40,86,20,122,60,70,57,61,38,114,62,48,38,328,86,601,96,229,59,784,113,41,245,354,72,97,80,118,139,257,129,158,38,12,38,60,27,41,117,126,27,27,27,53,43,239,257,80,476,59,63,25,155,32,58,224,62,57,118,62,229,60,40,287,262,106,232,32,49,81,192,59,118,256,54,740,55,82,77,36,117,118,60,121,18,332,50,124,42,466,59,121,106,295,55,230,43,105,39,300,152,462,75,556,12,7,181,57,56,259,274,85,64,119,96,245,719,60,119,122,55,82,59,73,118,46,56,154,60,93,61,122,164,40,120,131,19,297,504,53,188,59,104,124,176,52,200,122,32,119,127,238,230,53,18,161,37,121,60,59,34,59,37,283,66,275,448,122,367,215,76,330,32,337,449,190,362,326,415,96,245,170,50,105,119,118,57,382,115,226,50,32,125,188,81,116,123,227,58,53,288,102,29,374,287,56,65,40,27,124,40,451,59,114,256,41,376,170,62,369,28,123,58,303,33,40,216,413,272,535,119,505,248,337,429,63,121,231,387,34,284,470,133,372,62,56,124,18,66,272,47,383,124,102,27,19,348,87,61,37,377,681,82,220,39,311,100,658,131,20,405,97,59,124,77,130,63,237,60,109,58,95
2026-12-30,115,257,54,224,56,115,43,231,142,30,667,148,57,39,21,48,170,56,208,378,13,25,33,274,57,382,153,17,393,79,103,660,46,506,127,231,176,55,83,55,46,42,109,286,39,53,86,232,39,111,47,109,36,80,296,109,112,498,55,88,81,528,16,278,114,57,89,257,45,112,39,47,82,38,56,111,54,45,27,449,241,141,53,50,100,37,76,110,85,109,53,107,59,57,104,79,417,112,54,25,119,662,49,47,57,223,135,387,88,215,25,54,48,48,60,30,81,55,68,38,47,37,367,38,76,25,57,109,279,114,53,475,69,175,46,172,52,18,53,255,203,54,52,17,106,232,17,25,24,55,27,123,269,51,30,38,83,51,341,21,42,83,26,55,407,166,75,112,117,252,53,117,42,38,317,115,43,54,24,52,38,348,214,53,312,8,296,111,57,299,223,18,342,141,230,55,605,78,223,74,49,150,206,243,113,301,38,312,79,54,36,16,47,109,530,596,53,21,56,110,683,580,58,13,234,35,7,183,116,41,49,80,97,332,115,108,269,39,88,53,36,501,174,37,228,40,62,26,518,17,47,112,34,78,55,108,76,104,75,375,158,315,234,44,424,95,98,109,56,191,115,695,114,55,110,54,38,39,52,115,609,648,57,79,46,133,57,39,227,37,300,116,159,495,56,112,38,8,35,38,57,175,113,56,41,89,53,18,48,713,23,334,707,25,212,536,39,105,37,93,25,112,56,69,55,55,41,125,52,68,39,283,119,484,76,208,57,688,113,44,246,337,92,80,86,106,105,246,110,114,50,17,42,56,20,30,107,99,25,21,21,43,31,236,243,77,443,56,54,33,137,31,57,228,57,57,109,81,228,55,43,218,260,87,207,30,38,58,181,54,112,246,44,676,44,50,75,41,108,108,56,116,25,315,44,106,25,412,55,106,94,238,47,200,35,95,48,290,119,370,78,504,17,8,137,56,54,214,228,77,54,108,71,216,648,53,105,105,47,87,56,74,116,38,48,155,58,77,54,109,131,30,111,109,13,241,429,42,152,56,95,114,162,47,150,109,34,109,121,274,237,51,24,129,38,122,56,52,34,52,54,242,61,228,406,109,301,193,79,276,33,278,483,141,328,294,348,81,227,171,47,84,114,109,54,370,109,213,40,33,114,188,86,111,116,200,54,48,283,97,26,358,176,52,70,29,20,107,39,338,54,102,250,33,416,141,58,327,24,116,59,272,28,42,187,378,165,460,105,459,236,306,376,57,112,196,357,36,278,428,118,364,57,53,154,26,57,242,63,357,107,83,20,25,333,69,52,42,349,637,83,193,40,300,97,600,136,13,367,78,54,109,78,125,56,215,57,91,58,77
2026-12-31,135,320,94,282,66,123,41,275,161,42,829,185,63,48,33,61,178,67,255,461,24,50,34,350,65,486,224,17,430,97,132,800,59,646,167,281,165,63,86,66,55,42,135,346,50,65,82,296,49,131,60,134,46,86,361,134,130,652,66,87,83,626,17,337,130,63,91,259,60,128,49,57,87,47,65,130,63,56,25,525,271,176,66,47,119,48,99,135,78,132,65,129,66,65,122,97,628,133,66,24,176,768,56,56,66,280,136,513,81,212,48,67,61,50,84,42,81,66,68,49,61,47,466,50,95,24,69,132,290,134,66,637,67,219,54,205,65,17,63,346,210,63,51,17,134,285,17,26,25,66,26,164,357,63,39,46,114,67,428,34,43,97,23,64,508,243,97,128,137,311,64,132,41,49,394,138,42,54,26,67,47,415,254,68,423,8,302,136,64,364,208,18,412,202,279,68,713,101,293,103,57,204,246,297,118,407,48,377,100,66,48,15,58,130,683,752,45,32,67,127,778,678,64,24,275,37,8,171,133,41,51,91,112,413,131,137,311,48,87,97,47,504,209,48,251,38,83,25,627,17,59,131,34,96,70,131,95,132,101,526,203,365,300,42,532,111,116,132,64,255,132,753,128,65,130,69,45,50,68,117,706,855,72,80,57,140,68,44,267,49,366,129,225,550,68,128,42,8,47,49,66,178,130,68,43,83,64,17,48,830,26,418,887,25,254,625,50,127,47,96,22,140,65,65,66,66,49,158,67,67,48,388,121,615,99,258,67,901,134,42,279,360,91,95,86,139,151,286,137,178,49,16,43,62,30,42,127,126,25,31,34,56,44,246,301,93,511,63,65,35,191,43,64,282,67,64,131,80,283,65,42,278,270,113,255,41,49,80,198,67,127,275,62,797,56,98,99,42,127,137,64,136,26,373,59,129,49,531,64,137,116,366,49,255,34,116,50,361,129,472,101,583,16,8,184,67,68,277,221,80,65,125,103,290,812,68,138,134,47,86,70,94,132,50,58,166,67,94,65,107,160,44,132,130,25,316,517,64,221,62,119,126,157,60,228,135,33,134,153,257,286,53,24,163,50,120,59,65,34,64,50,320,81,285,496,130,355,237,99,351,33,345,466,209,459,382,463,96,267,172,56,122,135,128,68,457,140,252,47,34,127,251,87,136,131,242,68,58,350,119,24,416,340,68,66,41,32,131,49,446,65,117,296,36,371,224,65,369,25,118,68,327,41,43,230,440,302,533,133,558,288,380,453,63,128,254,370,35,329,542,114,391,67,64,163,26,79,298,67,426,130,106,32,23,345,69,69,41,410,770,79,284,44,389,114,738,162,22,458,94,66,124,99,174,65,277,69,115,66,99
